id,task_type,theme,poem_type,prompt,generated_poem,is_format_correct,num_sentences,char_counts,errors
T0001,theme_generation,春天,五言绝句,"请围绕主题“春天”创作一首五言绝句。
要求：只输出诗词正文，不要标题、解释、赏析、序号或任何说明文字。
格式要求：五言绝句为四句、每句五个汉字；七言绝句为四句、每句七个汉字。",南枝先得春，开在百花新。不共春风语，何心别后亲。,True,4,"[5, 5, 5, 5]",[]
T0002,theme_generation,夏日,七言绝句,"请围绕主题“夏日”创作一首七言绝句。
要求：只输出诗词正文，不要标题、解释、赏析、序号或任何说明文字。
格式要求：五言绝句为四句、每句五个汉字；七言绝句为四句、每句七个汉字。",小簟铺阴地，轻衣拂暗尘。一窗凉意好，长似雨余春。,False,4,"[5, 5, 5, 5]","[""第 1 句字数错误：期望 7 字，实际 5 字"", ""第 2 句字数错误：期望 7 字，实际 5 字"", ""第 3 句字数错误：期望 7 字，实际 5 字"", ""第 4 句字数错误：期望 7 字，实际 5 字""]"
T0003,theme_generation,秋思,五言绝句,"请围绕主题“秋思”创作一首五言绝句。
要求：只输出诗词正文，不要标题、解释、赏析、序号或任何说明文字。
格式要求：五言绝句为四句、每句五个汉字；七言绝句为四句、每句七个汉字。",独坐愁无那，西风卷落花。寒林鸣落叶，明月照人家。,True,4,"[5, 5, 5, 5]",[]
T0004,theme_generation,冬雪,七言绝句,"请围绕主题“冬雪”创作一首七言绝句。
要求：只输出诗词正文，不要标题、解释、赏析、序号或任何说明文字。
格式要求：五言绝句为四句、每句五个汉字；七言绝句为四句、每句七个汉字。",冻云凝雪意纷纷，梅蕊香中著玉尘。谁解将心语春色，梅花自是雪前身。,True,4,"[7, 7, 7, 7]",[]
T0005,theme_generation,春雨,五言绝句,"请围绕主题“春雨”创作一首五言绝句。
要求：只输出诗词正文，不要标题、解释、赏析、序号或任何说明文字。
格式要求：五言绝句为四句、每句五个汉字；七言绝句为四句、每句七个汉字。",春雨细无声，随风入夜深。梦回窗欲曙，叶上已沾心。,True,4,"[5, 5, 5, 5]",[]
T0006,theme_generation,秋风,七言绝句,"请围绕主题“秋风”创作一首七言绝句。
要求：只输出诗词正文，不要标题、解释、赏析、序号或任何说明文字。
格式要求：五言绝句为四句、每句五个汉字；七言绝句为四句、每句七个汉字。",西风扫长空，秋气爽如水。今朝一雨过，满目是佳致。,False,4,"[5, 5, 5, 5]","[""第 1 句字数错误：期望 7 字，实际 5 字"", ""第 2 句字数错误：期望 7 字，实际 5 字"", ""第 3 句字数错误：期望 7 字，实际 5 字"", ""第 4 句字数错误：期望 7 字，实际 5 字""]"
T0007,theme_generation,寒冬,五言绝句,"请围绕主题“寒冬”创作一首五言绝句。
要求：只输出诗词正文，不要标题、解释、赏析、序号或任何说明文字。
格式要求：五言绝句为四句、每句五个汉字；七言绝句为四句、每句七个汉字。",寒气收残腊，春风报早春。东君留物性，终是惜芳尘。,True,4,"[5, 5, 5, 5]",[]
T0008,theme_generation,新年,七言绝句,"请围绕主题“新年”创作一首七言绝句。
要求：只输出诗词正文，不要标题、解释、赏析、序号或任何说明文字。
格式要求：五言绝句为四句、每句五个汉字；七言绝句为四句、每句七个汉字。",新年雪未消，寒食雨相冒。一岁事已中，万事心宜了。,False,4,"[5, 5, 5, 5]","[""第 1 句字数错误：期望 7 字，实际 5 字"", ""第 2 句字数错误：期望 7 字，实际 5 字"", ""第 3 句字数错误：期望 7 字，实际 5 字"", ""第 4 句字数错误：期望 7 字，实际 5 字""]"
T0009,theme_generation,清明,五言绝句,"请围绕主题“清明”创作一首五言绝句。
要求：只输出诗词正文，不要标题、解释、赏析、序号或任何说明文字。
格式要求：五言绝句为四句、每句五个汉字；七言绝句为四句、每句七个汉字。",江头春水生，白日暮潮平。雨歇晚烟散，风回寒浪声。,True,4,"[5, 5, 5, 5]",[]
T0010,theme_generation,中秋,七言绝句,"请围绕主题“中秋”创作一首七言绝句。
要求：只输出诗词正文，不要标题、解释、赏析、序号或任何说明文字。
格式要求：五言绝句为四句、每句五个汉字；七言绝句为四句、每句七个汉字。","玉斧开云路，金茎落露盘。年年常在此，何事不成看。""。""。。。",False,6,"[5, 5, 5, 5, 0, 0]","[""明显重复"", ""句数错误：期望 4 句，实际 6 句"", ""第 1 句字数错误：期望 7 字，实际 5 字"", ""第 2 句字数错误：期望 7 字，实际 5 字"", ""第 3 句字数错误：期望 7 字，实际 5 字"", ""第 4 句字数错误：期望 7 字，实际 5 字"", ""第 5 句字数错误：期望 7 字，实际 0 字"", ""第 6 句字数错误：期望 7 字，实际 0 字""]"
T0011,theme_generation,明月,五言绝句,"请围绕主题“明月”创作一首五言绝句。
要求：只输出诗词正文，不要标题、解释、赏析、序号或任何说明文字。
格式要求：五言绝句为四句、每句五个汉字；七言绝句为四句、每句七个汉字。",云遮本无心，天漏应无日。何许有光时，长空一片白。,True,4,"[5, 5, 5, 5]",[]
T0012,theme_generation,清风,七言绝句,"请围绕主题“清风”创作一首七言绝句。
要求：只输出诗词正文，不要标题、解释、赏析、序号或任何说明文字。
格式要求：五言绝句为四句、每句五个汉字；七言绝句为四句、每句七个汉字。",不假丹青笔，全凭造化功。高林留夜月，新叶弄秋风。,False,4,"[5, 5, 5, 5]","[""第 1 句字数错误：期望 7 字，实际 5 字"", ""第 2 句字数错误：期望 7 字，实际 5 字"", ""第 3 句字数错误：期望 7 字，实际 5 字"", ""第 4 句字数错误：期望 7 字，实际 5 字""]"
T0013,theme_generation,山水,五言绝句,"请围绕主题“山水”创作一首五言绝句。
要求：只输出诗词正文，不要标题、解释、赏析、序号或任何说明文字。
格式要求：五言绝句为四句、每句五个汉字；七言绝句为四句、每句七个汉字。",清泉白石间，细草绿树端。坐久亦何有，苍苔落履痕。,True,4,"[5, 5, 5, 5]",[]
T0014,theme_generation,江河,七言绝句,"请围绕主题“江河”创作一首七言绝句。
要求：只输出诗词正文，不要标题、解释、赏析、序号或任何说明文字。
格式要求：五言绝句为四句、每句五个汉字；七言绝句为四句、每句七个汉字。",长江千古水，东去不还流。日夜东南浪，长鲸咽未休。,False,4,"[5, 5, 5, 5]","[""第 1 句字数错误：期望 7 字，实际 5 字"", ""第 2 句字数错误：期望 7 字，实际 5 字"", ""第 3 句字数错误：期望 7 字，实际 5 字"", ""第 4 句字数错误：期望 7 字，实际 5 字""]"
T0015,theme_generation,大海,五言绝句,"请围绕主题“大海”创作一首五言绝句。
要求：只输出诗词正文，不要标题、解释、赏析、序号或任何说明文字。
格式要求：五言绝句为四句、每句五个汉字；七言绝句为四句、每句七个汉字。",万顷波涛涌，中藏古宝藏。海灵垂拱立，威慑尔鱼虾。,True,4,"[5, 5, 5, 5]",[]
T0016,theme_generation,白云,七言绝句,"请围绕主题“白云”创作一首七言绝句。
要求：只输出诗词正文，不要标题、解释、赏析、序号或任何说明文字。
格式要求：五言绝句为四句、每句五个汉字；七言绝句为四句、每句七个汉字。",白云长自在，飞去复飞来。却笑孤云意，无心到九垓。,False,4,"[5, 5, 5, 5]","[""第 1 句字数错误：期望 7 字，实际 5 字"", ""第 2 句字数错误：期望 7 字，实际 5 字"", ""第 3 句字数错误：期望 7 字，实际 5 字"", ""第 4 句字数错误：期望 7 字，实际 5 字""]"
T0017,theme_generation,落日,五言绝句,"请围绕主题“落日”创作一首五言绝句。
要求：只输出诗词正文，不要标题、解释、赏析、序号或任何说明文字。
格式要求：五言绝句为四句、每句五个汉字；七言绝句为四句、每句七个汉字。",老树垂垂下，斜阳日日来。故园归未得，空上最高台。,True,4,"[5, 5, 5, 5]",[]
T0018,theme_generation,晚霞,七言绝句,"请围绕主题“晚霞”创作一首七言绝句。
要求：只输出诗词正文，不要标题、解释、赏析、序号或任何说明文字。
格式要求：五言绝句为四句、每句五个汉字；七言绝句为四句、每句七个汉字。",夕阳西下半江红，楼外青山夕照明。欲识此中真乐处，卷帘看尽水边亭。,True,4,"[7, 7, 7, 7]",[]
T0019,theme_generation,青山,五言绝句,"请围绕主题“青山”创作一首五言绝句。
要求：只输出诗词正文，不要标题、解释、赏析、序号或任何说明文字。
格式要求：五言绝句为四句、每句五个汉字；七言绝句为四句、每句七个汉字。",山色青于蓝，天容碧如洗。不须觅高人，但听松风起。,True,4,"[5, 5, 5, 5]",[]
T0020,theme_generation,流水,七言绝句,"请围绕主题“流水”创作一首七言绝句。
要求：只输出诗词正文，不要标题、解释、赏析、序号或任何说明文字。
格式要求：五言绝句为四句、每句五个汉字；七言绝句为四句、每句七个汉字。",一派春泉泻月来，苍崖石壁尽风雷。夜深惟有滩头鹭，独立汀洲叫不回。,True,4,"[7, 7, 7, 7]",[]
T0021,theme_generation,花开,五言绝句,"请围绕主题“花开”创作一首五言绝句。
要求：只输出诗词正文，不要标题、解释、赏析、序号或任何说明文字。
格式要求：五言绝句为四句、每句五个汉字；七言绝句为四句、每句七个汉字。",花开正红紫，人日已新阳。便觉春光别，风光满画堂。,True,4,"[5, 5, 5, 5]",[]
T0022,theme_generation,落花,七言绝句,"请围绕主题“落花”创作一首七言绝句。
要求：只输出诗词正文，不要标题、解释、赏析、序号或任何说明文字。
格式要求：五言绝句为四句、每句五个汉字；七言绝句为四句、每句七个汉字。",多情无奈落花开，独倚危阑意已灰。春去不知何处好，乱红吹上钓鱼台。,True,4,"[7, 7, 7, 7]",[]
T0023,theme_generation,杨柳,五言绝句,"请围绕主题“杨柳”创作一首五言绝句。
要求：只输出诗词正文，不要标题、解释、赏析、序号或任何说明文字。
格式要求：五言绝句为四句、每句五个汉字；七言绝句为四句、每句七个汉字。",莫道春归去，春归未肯休。柳条多少绿，一夜十分流。,True,4,"[5, 5, 5, 5]",[]
T0024,theme_generation,孤舟,七言绝句,"请围绕主题“孤舟”创作一首七言绝句。
要求：只输出诗词正文，不要标题、解释、赏析、序号或任何说明文字。
格式要求：五言绝句为四句、每句五个汉字；七言绝句为四句、每句七个汉字。",孤舟东下急，风紧欲吹翻。已作无期别，那知尚得还。,False,4,"[5, 5, 5, 5]","[""第 1 句字数错误：期望 7 字，实际 5 字"", ""第 2 句字数错误：期望 7 字，实际 5 字"", ""第 3 句字数错误：期望 7 字，实际 5 字"", ""第 4 句字数错误：期望 7 字，实际 5 字""]"
T0025,theme_generation,飞鸟,五言绝句,"请围绕主题“飞鸟”创作一首五言绝句。
要求：只输出诗词正文，不要标题、解释、赏析、序号或任何说明文字。
格式要求：五言绝句为四句、每句五个汉字；七言绝句为四句、每句七个汉字。",高鸟出林翥，孤舟下濑浮。天寒江海阔，乡梦遶梁州。,True,4,"[5, 5, 5, 5]",[]
T0026,theme_generation,寒梅,七言绝句,"请围绕主题“寒梅”创作一首七言绝句。
要求：只输出诗词正文，不要标题、解释、赏析、序号或任何说明文字。
格式要求：五言绝句为四句、每句五个汉字；七言绝句为四句、每句七个汉字。",自是江皋物候早，腊前已有早梅花。江南江北如相问，篱落萧疏眼便花。,True,4,"[7, 7, 7, 7]",[]
T0027,theme_generation,竹林,五言绝句,"请围绕主题“竹林”创作一首五言绝句。
要求：只输出诗词正文，不要标题、解释、赏析、序号或任何说明文字。
格式要求：五言绝句为四句、每句五个汉字；七言绝句为四句、每句七个汉字。",我种竹数本，今复见孙枝。岁晚添新箨，犹堪助绿漪。,True,4,"[5, 5, 5, 5]",[]
T0028,theme_generation,松柏,七言绝句,"请围绕主题“松柏”创作一首七言绝句。
要求：只输出诗词正文，不要标题、解释、赏析、序号或任何说明文字。
格式要求：五言绝句为四句、每句五个汉字；七言绝句为四句、每句七个汉字。",岁寒松柏心，千古一青青。却见凌霜操，方知岁寒情。,False,4,"[5, 5, 5, 5]","[""第 1 句字数错误：期望 7 字，实际 5 字"", ""第 2 句字数错误：期望 7 字，实际 5 字"", ""第 3 句字数错误：期望 7 字，实际 5 字"", ""第 4 句字数错误：期望 7 字，实际 5 字""]"
T0029,theme_generation,荷花,五言绝句,"请围绕主题“荷花”创作一首五言绝句。
要求：只输出诗词正文，不要标题、解释、赏析、序号或任何说明文字。
格式要求：五言绝句为四句、每句五个汉字；七言绝句为四句、每句七个汉字。",不著水仙鬟，自撑红玉椀。美人临风立，照影愁眉展。,True,4,"[5, 5, 5, 5]",[]
T0030,theme_generation,枫叶,七言绝句,"请围绕主题“枫叶”创作一首七言绝句。
要求：只输出诗词正文，不要标题、解释、赏析、序号或任何说明文字。
格式要求：五言绝句为四句、每句五个汉字；七言绝句为四句、每句七个汉字。",树色已平黄，秋风动地寒。夜深霜月白，照见一枝丹。。。。。,False,4,"[5, 5, 5, 5]","[""第 1 句字数错误：期望 7 字，实际 5 字"", ""第 2 句字数错误：期望 7 字，实际 5 字"", ""第 3 句字数错误：期望 7 字，实际 5 字"", ""第 4 句字数错误：期望 7 字，实际 5 字""]"
T0031,theme_generation,思乡,五言绝句,"请围绕主题“思乡”创作一首五言绝句。
要求：只输出诗词正文，不要标题、解释、赏析、序号或任何说明文字。
格式要求：五言绝句为四句、每句五个汉字；七言绝句为四句、每句七个汉字。",一自汉家宫，年年玉漏长。何时逢明主，免使忆故乡。,True,4,"[5, 5, 5, 5]",[]
T0032,theme_generation,离别,七言绝句,"请围绕主题“离别”创作一首七言绝句。
要求：只输出诗词正文，不要标题、解释、赏析、序号或任何说明文字。
格式要求：五言绝句为四句、每句五个汉字；七言绝句为四句、每句七个汉字。",我住东城北，君居南浦滨。故交余几在，又作故乡人。,False,4,"[5, 5, 5, 5]","[""第 1 句字数错误：期望 7 字，实际 5 字"", ""第 2 句字数错误：期望 7 字，实际 5 字"", ""第 3 句字数错误：期望 7 字，实际 5 字"", ""第 4 句字数错误：期望 7 字，实际 5 字""]"
T0033,theme_generation,相思,五言绝句,"请围绕主题“相思”创作一首五言绝句。
要求：只输出诗词正文，不要标题、解释、赏析、序号或任何说明文字。
格式要求：五言绝句为四句、每句五个汉字；七言绝句为四句、每句七个汉字。",明月似相忆，相逢不敢迟。夜凉终不寐，相伴到鸡啼。,True,4,"[5, 5, 5, 5]",[]
T0034,theme_generation,孤独,七言绝句,"请围绕主题“孤独”创作一首七言绝句。
要求：只输出诗词正文，不要标题、解释、赏析、序号或任何说明文字。
格式要求：五言绝句为四句、每句五个汉字；七言绝句为四句、每句七个汉字。",孤城夜来风，吹尽南枝雪。月出照前林，溪光亦无说。。。。。,False,4,"[5, 5, 5, 5]","[""第 1 句字数错误：期望 7 字，实际 5 字"", ""第 2 句字数错误：期望 7 字，实际 5 字"", ""第 3 句字数错误：期望 7 字，实际 5 字"", ""第 4 句字数错误：期望 7 字，实际 5 字""]"
T0035,theme_generation,怀古,五言绝句,"请围绕主题“怀古”创作一首五言绝句。
要求：只输出诗词正文，不要标题、解释、赏析、序号或任何说明文字。
格式要求：五言绝句为四句、每句五个汉字；七言绝句为四句、每句七个汉字。",古来隠逸士，往往出山阿。却笑白云意，无心到薜萝。,True,4,"[5, 5, 5, 5]",[]
T0036,theme_generation,忧愁,七言绝句,"请围绕主题“忧愁”创作一首七言绝句。
要求：只输出诗词正文，不要标题、解释、赏析、序号或任何说明文字。
格式要求：五言绝句为四句、每句五个汉字；七言绝句为四句、每句七个汉字。",山云无定所，飘泊自东西。莫遣归心苦，秋风满鬓丝。,False,4,"[5, 5, 5, 5]","[""第 1 句字数错误：期望 7 字，实际 5 字"", ""第 2 句字数错误：期望 7 字，实际 5 字"", ""第 3 句字数错误：期望 7 字，实际 5 字"", ""第 4 句字数错误：期望 7 字，实际 5 字""]"
T0037,theme_generation,喜悦,五言绝句,"请围绕主题“喜悦”创作一首五言绝句。
要求：只输出诗词正文，不要标题、解释、赏析、序号或任何说明文字。
格式要求：五言绝句为四句、每句五个汉字；七言绝句为四句、每句七个汉字。",喜笑因乘酒，悲啼不为歌。今朝乐有得，明日事如何。,True,4,"[5, 5, 5, 5]",[]
T0038,theme_generation,闲适,七言绝句,"请围绕主题“闲适”创作一首七言绝句。
要求：只输出诗词正文，不要标题、解释、赏析、序号或任何说明文字。
格式要求：五言绝句为四句、每句五个汉字；七言绝句为四句、每句七个汉字。",门外红尘卷，庭前青草多。雨余新笋出，风暖落花过。,False,4,"[5, 5, 5, 5]","[""第 1 句字数错误：期望 7 字，实际 5 字"", ""第 2 句字数错误：期望 7 字，实际 5 字"", ""第 3 句字数错误：期望 7 字，实际 5 字"", ""第 4 句字数错误：期望 7 字，实际 5 字""]"
T0039,theme_generation,感怀,五言绝句,"请围绕主题“感怀”创作一首五言绝句。
要求：只输出诗词正文，不要标题、解释、赏析、序号或任何说明文字。
格式要求：五言绝句为四句、每句五个汉字；七言绝句为四句、每句七个汉字。",白发催人老，青春去我如。酒倾鹦鹉盏，花插鹿胎梳。,True,4,"[5, 5, 5, 5]",[]
T0040,theme_generation,伤春,七言绝句,"请围绕主题“伤春”创作一首七言绝句。
要求：只输出诗词正文，不要标题、解释、赏析、序号或任何说明文字。
格式要求：五言绝句为四句、每句五个汉字；七言绝句为四句、每句七个汉字。",日暮山花发，天寒食麦稀。客愁凭酒遣，老病著书痴。。)。)。)。),False,8,"[5, 5, 5, 5, 0, 0, 0, 0]","[""明显重复"", ""句数错误：期望 4 句，实际 8 句"", ""第 1 句字数错误：期望 7 字，实际 5 字"", ""第 2 句字数错误：期望 7 字，实际 5 字"", ""第 3 句字数错误：期望 7 字，实际 5 字"", ""第 4 句字数错误：期望 7 字，实际 5 字"", ""第 5 句字数错误：期望 7 字，实际 0 字"", ""第 6 句字数错误：期望 7 字，实际 0 字"", ""第 7 句字数错误：期望 7 字，实际 0 字"", ""第 8 句字数错误：期望 7 字，实际 0 字""]"
T0041,theme_generation,人生,五言绝句,"请围绕主题“人生”创作一首五言绝句。
要求：只输出诗词正文，不要标题、解释、赏析、序号或任何说明文字。
格式要求：五言绝句为四句、每句五个汉字；七言绝句为四句、每句七个汉字。",人生有穷达，富贵岂所求。且须饮美酒，行乐莫回头。,True,4,"[5, 5, 5, 5]",[]
T0042,theme_generation,时光,七言绝句,"请围绕主题“时光”创作一首七言绝句。
要求：只输出诗词正文，不要标题、解释、赏析、序号或任何说明文字。
格式要求：五言绝句为四句、每句五个汉字；七言绝句为四句、每句七个汉字。",道人归去乐如何，岁月悠悠度日多。不记当年曾到此，梅花依旧落谁家。,True,4,"[7, 7, 7, 7]",[]
T0043,theme_generation,梦想,五言绝句,"请围绕主题“梦想”创作一首五言绝句。
要求：只输出诗词正文，不要标题、解释、赏析、序号或任何说明文字。
格式要求：五言绝句为四句、每句五个汉字；七言绝句为四句、每句七个汉字。",梦里何曾到帝乡，觉来依旧客愁长。可怜春水无情物，,False,3,"[7, 7, 7]","[""句数错误：期望 4 句，实际 3 句"", ""第 1 句字数错误：期望 5 字，实际 7 字"", ""第 2 句字数错误：期望 5 字，实际 7 字"", ""第 3 句字数错误：期望 5 字，实际 7 字""]"
T0044,theme_generation,远方,七言绝句,"请围绕主题“远方”创作一首七言绝句。
要求：只输出诗词正文，不要标题、解释、赏析、序号或任何说明文字。
格式要求：五言绝句为四句、每句五个汉字；七言绝句为四句、每句七个汉字。",天末征鸿度，云间碧树遥。不知君去后，谁共听吹箫。,False,4,"[5, 5, 5, 5]","[""第 1 句字数错误：期望 7 字，实际 5 字"", ""第 2 句字数错误：期望 7 字，实际 5 字"", ""第 3 句字数错误：期望 7 字，实际 5 字"", ""第 4 句字数错误：期望 7 字，实际 5 字""]"
T0045,theme_generation,归隐,五言绝句,"请围绕主题“归隐”创作一首五言绝句。
要求：只输出诗词正文，不要标题、解释、赏析、序号或任何说明文字。
格式要求：五言绝句为四句、每句五个汉字；七言绝句为四句、每句七个汉字。",幽人思谢病，野鹤久知还。何必沧浪去，兹山亦可闲。,True,4,"[5, 5, 5, 5]",[]
T0046,theme_generation,漂泊,七言绝句,"请围绕主题“漂泊”创作一首七言绝句。
要求：只输出诗词正文，不要标题、解释、赏析、序号或任何说明文字。
格式要求：五言绝句为四句、每句五个汉字；七言绝句为四句、每句七个汉字。",漂泊江南近十春，此行更欲向何门。清江一望不可得，白水苍山满眼昏。,True,4,"[7, 7, 7, 7]",[]
T0047,theme_generation,壮志,五言绝句,"请围绕主题“壮志”创作一首五言绝句。
要求：只输出诗词正文，不要标题、解释、赏析、序号或任何说明文字。
格式要求：五言绝句为四句、每句五个汉字；七言绝句为四句、每句七个汉字。",壮志犹堪战，残躯已不堪。若逢明圣主，更乞十年参。,True,4,"[5, 5, 5, 5]",[]
T0048,theme_generation,知己,七言绝句,"请围绕主题“知己”创作一首七言绝句。
要求：只输出诗词正文，不要标题、解释、赏析、序号或任何说明文字。
格式要求：五言绝句为四句、每句五个汉字；七言绝句为四句、每句七个汉字。",有客自南来，相思梦欲回。不知何处去，风雨暗江梅。,False,4,"[5, 5, 5, 5]","[""第 1 句字数错误：期望 7 字，实际 5 字"", ""第 2 句字数错误：期望 7 字，实际 5 字"", ""第 3 句字数错误：期望 7 字，实际 5 字"", ""第 4 句字数错误：期望 7 字，实际 5 字""]"
T0049,theme_generation,故人,五言绝句,"请围绕主题“故人”创作一首五言绝句。
要求：只输出诗词正文，不要标题、解释、赏析、序号或任何说明文字。
格式要求：五言绝句为四句、每句五个汉字；七言绝句为四句、每句七个汉字。",莫问东陵瓜，不比金张贵。但摘香满头，莫摘花枝累。,True,4,"[5, 5, 5, 5]",[]
T0050,theme_generation,岁月,七言绝句,"请围绕主题“岁月”创作一首七言绝句。
要求：只输出诗词正文，不要标题、解释、赏析、序号或任何说明文字。
格式要求：五言绝句为四句、每句五个汉字；七言绝句为四句、每句七个汉字。",平生看世事，尽在鬓毛边。欲识兴亡意，梅花醉半眠。,False,4,"[5, 5, 5, 5]","[""第 1 句字数错误：期望 7 字，实际 5 字"", ""第 2 句字数错误：期望 7 字，实际 5 字"", ""第 3 句字数错误：期望 7 字，实际 5 字"", ""第 4 句字数错误：期望 7 字，实际 5 字""]"
T0051,theme_generation,边塞,五言绝句,"请围绕主题“边塞”创作一首五言绝句。
要求：只输出诗词正文，不要标题、解释、赏析、序号或任何说明文字。
格式要求：五言绝句为四句、每句五个汉字；七言绝句为四句、每句七个汉字。",晓发汉宫望，青冥识羽林。谁云关外路，不见雁回心。,True,4,"[5, 5, 5, 5]",[]
T0052,theme_generation,田园,七言绝句,"请围绕主题“田园”创作一首七言绝句。
要求：只输出诗词正文，不要标题、解释、赏析、序号或任何说明文字。
格式要求：五言绝句为四句、每句五个汉字；七言绝句为四句、每句七个汉字。",雨过池塘水拍堤，晚风吹动小荷衣。斜阳不见人归路，隔岸鸳鸯各自飞。,True,4,"[7, 7, 7, 7]",[]
T0053,theme_generation,江南,五言绝句,"请围绕主题“江南”创作一首五言绝句。
要求：只输出诗词正文，不要标题、解释、赏析、序号或任何说明文字。
格式要求：五言绝句为四句、每句五个汉字；七言绝句为四句、每句七个汉字。",江天春水绿，两岸杏花红。舟檝如飞翼，春风二月中。,True,4,"[5, 5, 5, 5]",[]
T0054,theme_generation,长安,七言绝句,"请围绕主题“长安”创作一首七言绝句。
要求：只输出诗词正文，不要标题、解释、赏析、序号或任何说明文字。
格式要求：五言绝句为四句、每句五个汉字；七言绝句为四句、每句七个汉字。",朝游北海市，暮宿南山颠。何事东归人，纷纷在路边。,False,4,"[5, 5, 5, 5]","[""第 1 句字数错误：期望 7 字，实际 5 字"", ""第 2 句字数错误：期望 7 字，实际 5 字"", ""第 3 句字数错误：期望 7 字，实际 5 字"", ""第 4 句字数错误：期望 7 字，实际 5 字""]"
T0055,theme_generation,古寺,五言绝句,"请围绕主题“古寺”创作一首五言绝句。
要求：只输出诗词正文，不要标题、解释、赏析、序号或任何说明文字。
格式要求：五言绝句为四句、每句五个汉字；七言绝句为四句、每句七个汉字。",古殿无人到，萧条两角垂。秋风满空巷，蝉噪月明时。,True,4,"[5, 5, 5, 5]",[]
T0056,theme_generation,夜雨,七言绝句,"请围绕主题“夜雨”创作一首七言绝句。
要求：只输出诗词正文，不要标题、解释、赏析、序号或任何说明文字。
格式要求：五言绝句为四句、每句五个汉字；七言绝句为四句、每句七个汉字。",风雨萧萧春欲归，小楼灯火自相依。梦魂不学杨花懒，特地从渠到枕扉。,True,4,"[7, 7, 7, 7]",[]
T0057,theme_generation,客栈,五言绝句,"请围绕主题“客栈”创作一首五言绝句。
要求：只输出诗词正文，不要标题、解释、赏析、序号或任何说明文字。
格式要求：五言绝句为四句、每句五个汉字；七言绝句为四句、每句七个汉字。",不假山僧力，天然有佛基。却缘求法客，翻作住庵时。,True,4,"[5, 5, 5, 5]",[]
T0058,theme_generation,渡口,七言绝句,"请围绕主题“渡口”创作一首七言绝句。
要求：只输出诗词正文，不要标题、解释、赏析、序号或任何说明文字。
格式要求：五言绝句为四句、每句五个汉字；七言绝句为四句、每句七个汉字。",落日千峰起，前村独树明。牛羊下遥陇，野水度寒声。,False,4,"[5, 5, 5, 5]","[""第 1 句字数错误：期望 7 字，实际 5 字"", ""第 2 句字数错误：期望 7 字，实际 5 字"", ""第 3 句字数错误：期望 7 字，实际 5 字"", ""第 4 句字数错误：期望 7 字，实际 5 字""]"
T0059,theme_generation,山村,五言绝句,"请围绕主题“山村”创作一首五言绝句。
要求：只输出诗词正文，不要标题、解释、赏析、序号或任何说明文字。
格式要求：五言绝句为四句、每句五个汉字；七言绝句为四句、每句七个汉字。",路转溪声急，山深树影稠。人家在何处，烟水暮悠悠。,True,4,"[5, 5, 5, 5]",[]
T0060,theme_generation,渔家,七言绝句,"请围绕主题“渔家”创作一首七言绝句。
要求：只输出诗词正文，不要标题、解释、赏析、序号或任何说明文字。
格式要求：五言绝句为四句、每句五个汉字；七言绝句为四句、每句七个汉字。",竹径通幽处，溪流映浅沙。斜阳来远树，轻浪起汀葭。。。。,False,4,"[5, 5, 5, 5]","[""第 1 句字数错误：期望 7 字，实际 5 字"", ""第 2 句字数错误：期望 7 字，实际 5 字"", ""第 3 句字数错误：期望 7 字，实际 5 字"", ""第 4 句字数错误：期望 7 字，实际 5 字""]"
T0061,theme_generation,美酒,五言绝句,"请围绕主题“美酒”创作一首五言绝句。
要求：只输出诗词正文，不要标题、解释、赏析、序号或任何说明文字。
格式要求：五言绝句为四句、每句五个汉字；七言绝句为四句、每句七个汉字。",春去日骀荡，愁来心旌纚。安得善鸣弦，为我写百感。,True,4,"[5, 5, 5, 5]",[]
T0062,theme_generation,琴声,七言绝句,"请围绕主题“琴声”创作一首七言绝句。
要求：只输出诗词正文，不要标题、解释、赏析、序号或任何说明文字。
格式要求：五言绝句为四句、每句五个汉字；七言绝句为四句、每句七个汉字。",玉轸金徽本自同，朱弦三叹发清风。欲知伯牙心不语，一寸孤桐七里嵩。,True,4,"[7, 7, 7, 7]",[]
T0063,theme_generation,书卷,五言绝句,"请围绕主题“书卷”创作一首五言绝句。
要求：只输出诗词正文，不要标题、解释、赏析、序号或任何说明文字。
格式要求：五言绝句为四句、每句五个汉字；七言绝句为四句、每句七个汉字。",读书破万卷，许国一杯羹。大似痴顽汉，胸中太古冰。,True,4,"[5, 5, 5, 5]",[]
T0064,theme_generation,灯火,七言绝句,"请围绕主题“灯火”创作一首七言绝句。
要求：只输出诗词正文，不要标题、解释、赏析、序号或任何说明文字。
格式要求：五言绝句为四句、每句五个汉字；七言绝句为四句、每句七个汉字。",寒窗灯火夜沉沉，一卷黄庭展素琴。忽闻风急雁南飞，遥想故园归信音。,True,4,"[7, 7, 7, 7]",[]
T0065,theme_generation,诗酒,五言绝句,"请围绕主题“诗酒”创作一首五言绝句。
要求：只输出诗词正文，不要标题、解释、赏析、序号或任何说明文字。
格式要求：五言绝句为四句、每句五个汉字；七言绝句为四句、每句七个汉字。",江上秋风白帝城，孤舟夜泊若为情。青枫浦上朝来雨，,False,3,"[7, 7, 7]","[""句数错误：期望 4 句，实际 3 句"", ""第 1 句字数错误：期望 5 字，实际 7 字"", ""第 2 句字数错误：期望 5 字，实际 7 字"", ""第 3 句字数错误：期望 5 字，实际 7 字""]"
T0066,theme_generation,征人,七言绝句,"请围绕主题“征人”创作一首七言绝句。
要求：只输出诗词正文，不要标题、解释、赏析、序号或任何说明文字。
格式要求：五言绝句为四句、每句五个汉字；七言绝句为四句、每句七个汉字。",一箭落雕天万里，万钉插鬓汉官仪。圣朝未可夸无敌，须向云中试马师。,True,4,"[7, 7, 7, 7]",[]
T0067,theme_generation,游子,五言绝句,"请围绕主题“游子”创作一首五言绝句。
要求：只输出诗词正文，不要标题、解释、赏析、序号或任何说明文字。
格式要求：五言绝句为四句、每句五个汉字；七言绝句为四句、每句七个汉字。",别易会应难，无书可寄看。相思成怅望，春草碧芊芊。,True,4,"[5, 5, 5, 5]",[]
T0068,theme_generation,故乡,七言绝句,"请围绕主题“故乡”创作一首七言绝句。
要求：只输出诗词正文，不要标题、解释、赏析、序号或任何说明文字。
格式要求：五言绝句为四句、每句五个汉字；七言绝句为四句、每句七个汉字。",故国西风急，思归又一年。黄花与紫菊，何处不流连。。。。。,False,4,"[5, 5, 5, 5]","[""第 1 句字数错误：期望 7 字，实际 5 字"", ""第 2 句字数错误：期望 7 字，实际 5 字"", ""第 3 句字数错误：期望 7 字，实际 5 字"", ""第 4 句字数错误：期望 7 字，实际 5 字""]"
T0069,theme_generation,关山,五言绝句,"请围绕主题“关山”创作一首五言绝句。
要求：只输出诗词正文，不要标题、解释、赏析、序号或任何说明文字。
格式要求：五言绝句为四句、每句五个汉字；七言绝句为四句、每句七个汉字。",征人出塞去，匹马戍楼西。遥见烽烟起，回看归路迷。,True,4,"[5, 5, 5, 5]",[]
T0070,theme_generation,楼台,七言绝句,"请围绕主题“楼台”创作一首七言绝句。
要求：只输出诗词正文，不要标题、解释、赏析、序号或任何说明文字。
格式要求：五言绝句为四句、每句五个汉字；七言绝句为四句、每句七个汉字。",长忆吴中胜事多，钱王旧宅枕江阿。楼台高下青烟起，正是人家卖酒和。,True,4,"[7, 7, 7, 7]",[]
T0071,theme_generation,晨景,五言绝句,"请围绕主题“晨景”创作一首五言绝句。
要求：只输出诗词正文，不要标题、解释、赏析、序号或任何说明文字。
格式要求：五言绝句为四句、每句五个汉字；七言绝句为四句、每句七个汉字。",山雨暗前浦，江云生夕阴。晓灯留客坐，寒翠入松林。,True,4,"[5, 5, 5, 5]",[]
T0072,theme_generation,暮景,七言绝句,"请围绕主题“暮景”创作一首七言绝句。
要求：只输出诗词正文，不要标题、解释、赏析、序号或任何说明文字。
格式要求：五言绝句为四句、每句五个汉字；七言绝句为四句、每句七个汉字。",落日带烟归，秋容已无色。独有数点鸦，衔得残霞入。,False,4,"[5, 5, 5, 5]","[""第 1 句字数错误：期望 7 字，实际 5 字"", ""第 2 句字数错误：期望 7 字，实际 5 字"", ""第 3 句字数错误：期望 7 字，实际 5 字"", ""第 4 句字数错误：期望 7 字，实际 5 字""]"
T0073,theme_generation,湖上,五言绝句,"请围绕主题“湖上”创作一首五言绝句。
要求：只输出诗词正文，不要标题、解释、赏析、序号或任何说明文字。
格式要求：五言绝句为四句、每句五个汉字；七言绝句为四句、每句七个汉字。",春到江南岸，游人满碧溪。无花可相赠，聊折柳青丝。,True,4,"[5, 5, 5, 5]",[]
T0074,theme_generation,溪边,七言绝句,"请围绕主题“溪边”创作一首七言绝句。
要求：只输出诗词正文，不要标题、解释、赏析、序号或任何说明文字。
格式要求：五言绝句为四句、每句五个汉字；七言绝句为四句、每句七个汉字。",路转山腰见，人家水际斜。竹篱茅屋底，时有牧儿家。。。。。,False,4,"[5, 5, 5, 5]","[""第 1 句字数错误：期望 7 字，实际 5 字"", ""第 2 句字数错误：期望 7 字，实际 5 字"", ""第 3 句字数错误：期望 7 字，实际 5 字"", ""第 4 句字数错误：期望 7 字，实际 5 字""]"
T0075,theme_generation,山寺,五言绝句,"请围绕主题“山寺”创作一首五言绝句。
要求：只输出诗词正文，不要标题、解释、赏析、序号或任何说明文字。
格式要求：五言绝句为四句、每句五个汉字；七言绝句为四句、每句七个汉字。",不闻钟鼓音，但见楼阁峻。中有坐忘人，石床秋藓润。,True,4,"[5, 5, 5, 5]",[]
T0076,theme_generation,秋夜,七言绝句,"请围绕主题“秋夜”创作一首七言绝句。
要求：只输出诗词正文，不要标题、解释、赏析、序号或任何说明文字。
格式要求：五言绝句为四句、每句五个汉字；七言绝句为四句、每句七个汉字。",霜气吹窗纸，梅花著雨寒。起来书几案，残火尚余丹。,False,4,"[5, 5, 5, 5]","[""第 1 句字数错误：期望 7 字，实际 5 字"", ""第 2 句字数错误：期望 7 字，实际 5 字"", ""第 3 句字数错误：期望 7 字，实际 5 字"", ""第 4 句字数错误：期望 7 字，实际 5 字""]"
T0077,theme_generation,春游,五言绝句,"请围绕主题“春游”创作一首五言绝句。
要求：只输出诗词正文，不要标题、解释、赏析、序号或任何说明文字。
格式要求：五言绝句为四句、每句五个汉字；七言绝句为四句、每句七个汉字。",日色才临下，春风忽满林。青苔封绿径，红粉点花心。,True,4,"[5, 5, 5, 5]",[]
T0078,theme_generation,送别,七言绝句,"请围绕主题“送别”创作一首七言绝句。
要求：只输出诗词正文，不要标题、解释、赏析、序号或任何说明文字。
格式要求：五言绝句为四句、每句五个汉字；七言绝句为四句、每句七个汉字。",送君千里去，直指长安道。我自伤离情，不关君怀抱。,False,4,"[5, 5, 5, 5]","[""第 1 句字数错误：期望 7 字，实际 5 字"", ""第 2 句字数错误：期望 7 字，实际 5 字"", ""第 3 句字数错误：期望 7 字，实际 5 字"", ""第 4 句字数错误：期望 7 字，实际 5 字""]"
T0079,theme_generation,登高,五言绝句,"请围绕主题“登高”创作一首五言绝句。
要求：只输出诗词正文，不要标题、解释、赏析、序号或任何说明文字。
格式要求：五言绝句为四句、每句五个汉字；七言绝句为四句、每句七个汉字。",遥知风露重，先已泛荷香。更爱秋天色，平铺碧玉光。,True,4,"[5, 5, 5, 5]",[]
T0080,theme_generation,望月,七言绝句,"请围绕主题“望月”创作一首七言绝句。
要求：只输出诗词正文，不要标题、解释、赏析、序号或任何说明文字。
格式要求：五言绝句为四句、每句五个汉字；七言绝句为四句、每句七个汉字。",万顷琉璃镜，寒光夜不收。可怜天上月，独照渡头秋。,False,4,"[5, 5, 5, 5]","[""第 1 句字数错误：期望 7 字，实际 5 字"", ""第 2 句字数错误：期望 7 字，实际 5 字"", ""第 3 句字数错误：期望 7 字，实际 5 字"", ""第 4 句字数错误：期望 7 字，实际 5 字""]"
T0081,theme_generation,听雨,五言绝句,"请围绕主题“听雨”创作一首五言绝句。
要求：只输出诗词正文，不要标题、解释、赏析、序号或任何说明文字。
格式要求：五言绝句为四句、每句五个汉字；七言绝句为四句、每句七个汉字。",空林无宿鸟，烟雨锁苍苔。一卷南华读，心清梦不回。,True,4,"[5, 5, 5, 5]",[]
T0082,theme_generation,赏花,七言绝句,"请围绕主题“赏花”创作一首七言绝句。
要求：只输出诗词正文，不要标题、解释、赏析、序号或任何说明文字。
格式要求：五言绝句为四句、每句五个汉字；七言绝句为四句、每句七个汉字。",桃李无言春又晚，海棠应解笑人羞。若教作意来开早，不怕吹香过驿楼。,True,4,"[7, 7, 7, 7]",[]
T0083,theme_generation,观潮,五言绝句,"请围绕主题“观潮”创作一首五言绝句。
要求：只输出诗词正文，不要标题、解释、赏析、序号或任何说明文字。
格式要求：五言绝句为四句、每句五个汉字；七言绝句为四句、每句七个汉字。",海若卷波澜，百川赴沧海。大哉天地间，此理谁当宰。,True,4,"[5, 5, 5, 5]",[]
T0084,theme_generation,塞外,七言绝句,"请围绕主题“塞外”创作一首七言绝句。
要求：只输出诗词正文，不要标题、解释、赏析、序号或任何说明文字。
格式要求：五言绝句为四句、每句五个汉字；七言绝句为四句、每句七个汉字。",朔雪连天白，寒沙带日黄。定知边色暗，不独戍楼荒。,False,4,"[5, 5, 5, 5]","[""第 1 句字数错误：期望 7 字，实际 5 字"", ""第 2 句字数错误：期望 7 字，实际 5 字"", ""第 3 句字数错误：期望 7 字，实际 5 字"", ""第 4 句字数错误：期望 7 字，实际 5 字""]"
T0085,theme_generation,军旅,五言绝句,"请围绕主题“军旅”创作一首五言绝句。
要求：只输出诗词正文，不要标题、解释、赏析、序号或任何说明文字。
格式要求：五言绝句为四句、每句五个汉字；七言绝句为四句、每句七个汉字。",行尽东南路，方知此是家。平生一卷轴，曾到日边斜。,True,4,"[5, 5, 5, 5]",[]
T0086,theme_generation,宫怨,七言绝句,"请围绕主题“宫怨”创作一首七言绝句。
要求：只输出诗词正文，不要标题、解释、赏析、序号或任何说明文字。
格式要求：五言绝句为四句、每句五个汉字；七言绝句为四句、每句七个汉字。",蛾眉曾画妒，玉面不粧羞。何事今春色，无人更举头。春来花正开，,False,5,"[5, 5, 5, 5, 5]","[""句数错误：期望 4 句，实际 5 句"", ""第 1 句字数错误：期望 7 字，实际 5 字"", ""第 2 句字数错误：期望 7 字，实际 5 字"", ""第 3 句字数错误：期望 7 字，实际 5 字"", ""第 4 句字数错误：期望 7 字，实际 5 字"", ""第 5 句字数错误：期望 7 字，实际 5 字""]"
T0087,theme_generation,闺思,五言绝句,"请围绕主题“闺思”创作一首五言绝句。
要求：只输出诗词正文，不要标题、解释、赏析、序号或任何说明文字。
格式要求：五言绝句为四句、每句五个汉字；七言绝句为四句、每句七个汉字。",春来百草香，采采绿杨边。泪落胭脂堕，愁多不语憔悴,False,4,"[5, 5, 5, 6]","[""第 4 句字数错误：期望 5 字，实际 6 字""]"
T0088,theme_generation,农家,七言绝句,"请围绕主题“农家”创作一首七言绝句。
要求：只输出诗词正文，不要标题、解释、赏析、序号或任何说明文字。
格式要求：五言绝句为四句、每句五个汉字；七言绝句为四句、每句七个汉字。",麦饭聊充腹，藜羹且疗饥。谁知农作苦，一饱亦奚时。。。。。。。。。,False,4,"[5, 5, 5, 5]","[""第 1 句字数错误：期望 7 字，实际 5 字"", ""第 2 句字数错误：期望 7 字，实际 5 字"", ""第 3 句字数错误：期望 7 字，实际 5 字"", ""第 4 句字数错误：期望 7 字，实际 5 字""]"
T0089,theme_generation,渔舟,五言绝句,"请围绕主题“渔舟”创作一首五言绝句。
要求：只输出诗词正文，不要标题、解释、赏析、序号或任何说明文字。
格式要求：五言绝句为四句、每句五个汉字；七言绝句为四句、每句七个汉字。",晚来江雨急，潮落水平沙。独棹孤舟去，还寻上次家。,True,4,"[5, 5, 5, 5]",[]
T0090,theme_generation,山居,七言绝句,"请围绕主题“山居”创作一首七言绝句。
要求：只输出诗词正文，不要标题、解释、赏析、序号或任何说明文字。
格式要求：五言绝句为四句、每句五个汉字；七言绝句为四句、每句七个汉字。",一鸟不鸣林更静，片云无迹水长流。草庵风冷难成寐，起汲山泉自煮茶。,True,4,"[7, 7, 7, 7]",[]
T0091,theme_generation,旅夜,五言绝句,"请围绕主题“旅夜”创作一首五言绝句。
要求：只输出诗词正文，不要标题、解释、赏析、序号或任何说明文字。
格式要求：五言绝句为四句、每句五个汉字；七言绝句为四句、每句七个汉字。",孤馆清秋夕，关山落叶频。自怜经岁客，不醉一杯春。,True,4,"[5, 5, 5, 5]",[]
T0092,theme_generation,夏雨,七言绝句,"请围绕主题“夏雨”创作一首七言绝句。
要求：只输出诗词正文，不要标题、解释、赏析、序号或任何说明文字。
格式要求：五言绝句为四句、每句五个汉字；七言绝句为四句、每句七个汉字。",夏雨如商雪，秋云似汉阴。平生习静处，日永对山吟。。。。。。。。。,False,4,"[5, 5, 5, 5]","[""第 1 句字数错误：期望 7 字，实际 5 字"", ""第 2 句字数错误：期望 7 字，实际 5 字"", ""第 3 句字数错误：期望 7 字，实际 5 字"", ""第 4 句字数错误：期望 7 字，实际 5 字""]"
T0093,theme_generation,冬夜,五言绝句,"请围绕主题“冬夜”创作一首五言绝句。
要求：只输出诗词正文，不要标题、解释、赏析、序号或任何说明文字。
格式要求：五言绝句为四句、每句五个汉字；七言绝句为四句、每句七个汉字。",雪深三尺冻，月冷一窗寒。独对清尊酒，萧然一病官。,True,4,"[5, 5, 5, 5]",[]
T0094,theme_generation,梅雪,七言绝句,"请围绕主题“梅雪”创作一首七言绝句。
要求：只输出诗词正文，不要标题、解释、赏析、序号或任何说明文字。
格式要求：五言绝句为四句、每句五个汉字；七言绝句为四句、每句七个汉字。",雪压玉玲珑，香飘金屑落。未待晓风来，吹上春衫薄。,False,4,"[5, 5, 5, 5]","[""第 1 句字数错误：期望 7 字，实际 5 字"", ""第 2 句字数错误：期望 7 字，实际 5 字"", ""第 3 句字数错误：期望 7 字，实际 5 字"", ""第 4 句字数错误：期望 7 字，实际 5 字""]"
T0095,theme_generation,兰亭,五言绝句,"请围绕主题“兰亭”创作一首五言绝句。
要求：只输出诗词正文，不要标题、解释、赏析、序号或任何说明文字。
格式要求：五言绝句为四句、每句五个汉字；七言绝句为四句、每句七个汉字。",千载风流在，年年湖上春。游人空赏咏，谁解悟迷津。,True,4,"[5, 5, 5, 5]",[]
T0096,theme_generation,边月,七言绝句,"请围绕主题“边月”创作一首七言绝句。
要求：只输出诗词正文，不要标题、解释、赏析、序号或任何说明文字。
格式要求：五言绝句为四句、每句五个汉字；七言绝句为四句、每句七个汉字。",万国方春动，三边未夕曛。谁能夜巡徉，长看落照云。,False,4,"[5, 5, 5, 5]","[""第 1 句字数错误：期望 7 字，实际 5 字"", ""第 2 句字数错误：期望 7 字，实际 5 字"", ""第 3 句字数错误：期望 7 字，实际 5 字"", ""第 4 句字数错误：期望 7 字，实际 5 字""]"
T0097,theme_generation,江雪,五言绝句,"请围绕主题“江雪”创作一首五言绝句。
要求：只输出诗词正文，不要标题、解释、赏析、序号或任何说明文字。
格式要求：五言绝句为四句、每句五个汉字；七言绝句为四句、每句七个汉字。",客愁何事起，楚岸雪花飞。更向空城望，青山在翠微。,True,4,"[5, 5, 5, 5]",[]
T0098,theme_generation,云梦,七言绝句,"请围绕主题“云梦”创作一首七言绝句。
要求：只输出诗词正文，不要标题、解释、赏析、序号或任何说明文字。
格式要求：五言绝句为四句、每句五个汉字；七言绝句为四句、每句七个汉字。",我昔欲渡江，悠悠长江阔。渺渺愁思深，令人意不乐。,False,4,"[5, 5, 5, 5]","[""第 1 句字数错误：期望 7 字，实际 5 字"", ""第 2 句字数错误：期望 7 字，实际 5 字"", ""第 3 句字数错误：期望 7 字，实际 5 字"", ""第 4 句字数错误：期望 7 字，实际 5 字""]"
T0099,theme_generation,雨巷,五言绝句,"请围绕主题“雨巷”创作一首五言绝句。
要求：只输出诗词正文，不要标题、解释、赏析、序号或任何说明文字。
格式要求：五言绝句为四句、每句五个汉字；七言绝句为四句、每句七个汉字。",长镵凿石时，短簦穿云去。不见采芝人，烟霞空断路。,True,4,"[5, 5, 5, 5]",[]
T0100,theme_generation,古道,七言绝句,"请围绕主题“古道”创作一首七言绝句。
要求：只输出诗词正文，不要标题、解释、赏析、序号或任何说明文字。
格式要求：五言绝句为四句、每句五个汉字；七言绝句为四句、每句七个汉字。",马蹄无闲地，行到水穷时。却望行人马，空山有鸟啼。,False,4,"[5, 5, 5, 5]","[""第 1 句字数错误：期望 7 字，实际 5 字"", ""第 2 句字数错误：期望 7 字，实际 5 字"", ""第 3 句字数错误：期望 7 字，实际 5 字"", ""第 4 句字数错误：期望 7 字，实际 5 字""]"
T0101,theme_generation,春天,五言绝句,"请围绕主题“春天”创作一首五言绝句。
要求：只输出诗词正文，不要标题、解释、赏析、序号或任何说明文字。
格式要求：五言绝句为四句、每句五个汉字；七言绝句为四句、每句七个汉字。",梅粉飘残后，杨花影里行。春愁无著处，全在绿阴生。,True,4,"[5, 5, 5, 5]",[]
T0102,theme_generation,夏日,七言绝句,"请围绕主题“夏日”创作一首七言绝句。
要求：只输出诗词正文，不要标题、解释、赏析、序号或任何说明文字。
格式要求：五言绝句为四句、每句五个汉字；七言绝句为四句、每句七个汉字。",山光如镜静，水影似冰寒。何处苍龙卧，吟风独倚阑。,False,4,"[5, 5, 5, 5]","[""第 1 句字数错误：期望 7 字，实际 5 字"", ""第 2 句字数错误：期望 7 字，实际 5 字"", ""第 3 句字数错误：期望 7 字，实际 5 字"", ""第 4 句字数错误：期望 7 字，实际 5 字""]"
T0103,theme_generation,秋思,五言绝句,"请围绕主题“秋思”创作一首五言绝句。
要求：只输出诗词正文，不要标题、解释、赏析、序号或任何说明文字。
格式要求：五言绝句为四句、每句五个汉字；七言绝句为四句、每句七个汉字。",落日山映水，风高雁泊沙。乡心何处极，烟外雨梨花。,True,4,"[5, 5, 5, 5]",[]
T0104,theme_generation,冬雪,七言绝句,"请围绕主题“冬雪”创作一首七言绝句。
要求：只输出诗词正文，不要标题、解释、赏析、序号或任何说明文字。
格式要求：五言绝句为四句、每句五个汉字；七言绝句为四句、每句七个汉字。",飞花时复落，密叶共成阴。日午春寒里，微霜著地深。,False,4,"[5, 5, 5, 5]","[""第 1 句字数错误：期望 7 字，实际 5 字"", ""第 2 句字数错误：期望 7 字，实际 5 字"", ""第 3 句字数错误：期望 7 字，实际 5 字"", ""第 4 句字数错误：期望 7 字，实际 5 字""]"
T0105,theme_generation,春雨,五言绝句,"请围绕主题“春雨”创作一首五言绝句。
要求：只输出诗词正文，不要标题、解释、赏析、序号或任何说明文字。
格式要求：五言绝句为四句、每句五个汉字；七言绝句为四句、每句七个汉字。",野店烟初暝，溪桥水欲平。可怜芳草色，偏照眼边情。,True,4,"[5, 5, 5, 5]",[]
T0106,theme_generation,秋风,七言绝句,"请围绕主题“秋风”创作一首七言绝句。
要求：只输出诗词正文，不要标题、解释、赏析、序号或任何说明文字。
格式要求：五言绝句为四句、每句五个汉字；七言绝句为四句、每句七个汉字。",木落群山出，风高百窍哀。荒亭一长啸，万里白云回。。。。。。。。。,False,4,"[5, 5, 5, 5]","[""第 1 句字数错误：期望 7 字，实际 5 字"", ""第 2 句字数错误：期望 7 字，实际 5 字"", ""第 3 句字数错误：期望 7 字，实际 5 字"", ""第 4 句字数错误：期望 7 字，实际 5 字""]"
T0107,theme_generation,寒冬,五言绝句,"请围绕主题“寒冬”创作一首五言绝句。
要求：只输出诗词正文，不要标题、解释、赏析、序号或任何说明文字。
格式要求：五言绝句为四句、每句五个汉字；七言绝句为四句、每句七个汉字。",夜半霜云结，平明冻雨零。如何一寸雪，能白几茎茎。,True,4,"[5, 5, 5, 5]",[]
T0108,theme_generation,新年,七言绝句,"请围绕主题“新年”创作一首七言绝句。
要求：只输出诗词正文，不要标题、解释、赏析、序号或任何说明文字。
格式要求：五言绝句为四句、每句五个汉字；七言绝句为四句、每句七个汉字。",老矣犹何憾，新年八十初。自甘栖止稳，不羡赋归欤。。。。。,False,4,"[5, 5, 5, 5]","[""第 1 句字数错误：期望 7 字，实际 5 字"", ""第 2 句字数错误：期望 7 字，实际 5 字"", ""第 3 句字数错误：期望 7 字，实际 5 字"", ""第 4 句字数错误：期望 7 字，实际 5 字""]"
T0109,theme_generation,清明,五言绝句,"请围绕主题“清明”创作一首五言绝句。
要求：只输出诗词正文，不要标题、解释、赏析、序号或任何说明文字。
格式要求：五言绝句为四句、每句五个汉字；七言绝句为四句、每句七个汉字。",禁火闭重门，寒食谁家出？风柳万黄金，烟波千里白。,True,4,"[5, 5, 5, 5]",[]
T0110,theme_generation,中秋,七言绝句,"请围绕主题“中秋”创作一首七言绝句。
要求：只输出诗词正文，不要标题、解释、赏析、序号或任何说明文字。
格式要求：五言绝句为四句、每句五个汉字；七言绝句为四句、每句七个汉字。",高人爱秋月，独坐到三更。残暑不知夜，清光留四邻。。。。。,False,4,"[5, 5, 5, 5]","[""第 1 句字数错误：期望 7 字，实际 5 字"", ""第 2 句字数错误：期望 7 字，实际 5 字"", ""第 3 句字数错误：期望 7 字，实际 5 字"", ""第 4 句字数错误：期望 7 字，实际 5 字""]"
T0111,theme_generation,明月,五言绝句,"请围绕主题“明月”创作一首五言绝句。
要求：只输出诗词正文，不要标题、解释、赏析、序号或任何说明文字。
格式要求：五言绝句为四句、每句五个汉字；七言绝句为四句、每句七个汉字。",千里共明月，清辉长不孤。如何照幽独，终夕亦无殊。,True,4,"[5, 5, 5, 5]",[]
T0112,theme_generation,清风,七言绝句,"请围绕主题“清风”创作一首七言绝句。
要求：只输出诗词正文，不要标题、解释、赏析、序号或任何说明文字。
格式要求：五言绝句为四句、每句五个汉字；七言绝句为四句、每句七个汉字。",山行何所喜，爱此竹森然。想见湘妃怨，遗风到耳边。,False,4,"[5, 5, 5, 5]","[""第 1 句字数错误：期望 7 字，实际 5 字"", ""第 2 句字数错误：期望 7 字，实际 5 字"", ""第 3 句字数错误：期望 7 字，实际 5 字"", ""第 4 句字数错误：期望 7 字，实际 5 字""]"
T0113,theme_generation,山水,五言绝句,"请围绕主题“山水”创作一首五言绝句。
要求：只输出诗词正文，不要标题、解释、赏析、序号或任何说明文字。
格式要求：五言绝句为四句、每句五个汉字；七言绝句为四句、每句七个汉字。",山色苍寒外，泉声白昼中。云藏千嶂合，雨过一帘空。,True,4,"[5, 5, 5, 5]",[]
T0114,theme_generation,江河,七言绝句,"请围绕主题“江河”创作一首七言绝句。
要求：只输出诗词正文，不要标题、解释、赏析、序号或任何说明文字。
格式要求：五言绝句为四句、每句五个汉字；七言绝句为四句、每句七个汉字。",浩荡东流水，滔滔日夜流。人心胜水苦，不逐海潮头。,False,4,"[5, 5, 5, 5]","[""第 1 句字数错误：期望 7 字，实际 5 字"", ""第 2 句字数错误：期望 7 字，实际 5 字"", ""第 3 句字数错误：期望 7 字，实际 5 字"", ""第 4 句字数错误：期望 7 字，实际 5 字""]"
T0115,theme_generation,大海,五言绝句,"请围绕主题“大海”创作一首五言绝句。
要求：只输出诗词正文，不要标题、解释、赏析、序号或任何说明文字。
格式要求：五言绝句为四句、每句五个汉字；七言绝句为四句、每句七个汉字。",海浪接天黑，海风吹岸沙。平生四海志，到此却思家。,True,4,"[5, 5, 5, 5]",[]
T0116,theme_generation,白云,七言绝句,"请围绕主题“白云”创作一首七言绝句。
要求：只输出诗词正文，不要标题、解释、赏析、序号或任何说明文字。
格式要求：五言绝句为四句、每句五个汉字；七言绝句为四句、每句七个汉字。",山气蒸岚暖，溪流涨雪消。一川新柳色，万点映波摇。,False,4,"[5, 5, 5, 5]","[""第 1 句字数错误：期望 7 字，实际 5 字"", ""第 2 句字数错误：期望 7 字，实际 5 字"", ""第 3 句字数错误：期望 7 字，实际 5 字"", ""第 4 句字数错误：期望 7 字，实际 5 字""]"
T0117,theme_generation,落日,五言绝句,"请围绕主题“落日”创作一首五言绝句。
要求：只输出诗词正文，不要标题、解释、赏析、序号或任何说明文字。
格式要求：五言绝句为四句、每句五个汉字；七言绝句为四句、每句七个汉字。",落日渔歌远，沙头鸥鸟闲。无因驻征棹，相送到家山。,True,4,"[5, 5, 5, 5]",[]
T0118,theme_generation,晚霞,七言绝句,"请围绕主题“晚霞”创作一首七言绝句。
要求：只输出诗词正文，不要标题、解释、赏析、序号或任何说明文字。
格式要求：五言绝句为四句、每句五个汉字；七言绝句为四句、每句七个汉字。",雨后林梢静，烟开水面平。残阳半江树，衰草一川晴。,False,4,"[5, 5, 5, 5]","[""第 1 句字数错误：期望 7 字，实际 5 字"", ""第 2 句字数错误：期望 7 字，实际 5 字"", ""第 3 句字数错误：期望 7 字，实际 5 字"", ""第 4 句字数错误：期望 7 字，实际 5 字""]"
T0119,theme_generation,青山,五言绝句,"请围绕主题“青山”创作一首五言绝句。
要求：只输出诗词正文，不要标题、解释、赏析、序号或任何说明文字。
格式要求：五言绝句为四句、每句五个汉字；七言绝句为四句、每句七个汉字。",山高天宇窄，树密路途赊。若欲知端的，青山似旧花。,True,4,"[5, 5, 5, 5]",[]
T0120,theme_generation,流水,七言绝句,"请围绕主题“流水”创作一首七言绝句。
要求：只输出诗词正文，不要标题、解释、赏析、序号或任何说明文字。
格式要求：五言绝句为四句、每句五个汉字；七言绝句为四句、每句七个汉字。",平生江海客，曾向吴中宿。夜久枕中听，犹疑雨声熟。-《唐子西文录》,False,5,"[5, 5, 5, 5, 5]","[""句数错误：期望 4 句，实际 5 句"", ""第 1 句字数错误：期望 7 字，实际 5 字"", ""第 2 句字数错误：期望 7 字，实际 5 字"", ""第 3 句字数错误：期望 7 字，实际 5 字"", ""第 4 句字数错误：期望 7 字，实际 5 字"", ""第 5 句字数错误：期望 7 字，实际 5 字""]"
T0121,theme_generation,花开,五言绝句,"请围绕主题“花开”创作一首五言绝句。
要求：只输出诗词正文，不要标题、解释、赏析、序号或任何说明文字。
格式要求：五言绝句为四句、每句五个汉字；七言绝句为四句、每句七个汉字。",春意浓时到，春风次第来。东君不料理，桃杏尽开开。,True,4,"[5, 5, 5, 5]",[]
T0122,theme_generation,落花,七言绝句,"请围绕主题“落花”创作一首七言绝句。
要求：只输出诗词正文，不要标题、解释、赏析、序号或任何说明文字。
格式要求：五言绝句为四句、每句五个汉字；七言绝句为四句、每句七个汉字。",雨后千山绿，风前万木香。小窗幽独处，时复一悲伤。,False,4,"[5, 5, 5, 5]","[""第 1 句字数错误：期望 7 字，实际 5 字"", ""第 2 句字数错误：期望 7 字，实际 5 字"", ""第 3 句字数错误：期望 7 字，实际 5 字"", ""第 4 句字数错误：期望 7 字，实际 5 字""]"
T0123,theme_generation,杨柳,五言绝句,"请围绕主题“杨柳”创作一首五言绝句。
要求：只输出诗词正文，不要标题、解释、赏析、序号或任何说明文字。
格式要求：五言绝句为四句、每句五个汉字；七言绝句为四句、每句七个汉字。",柳絮才飞雪，梅花便作尘。不因春去后，那有许清新。,True,4,"[5, 5, 5, 5]",[]
T0124,theme_generation,孤舟,七言绝句,"请围绕主题“孤舟”创作一首七言绝句。
要求：只输出诗词正文，不要标题、解释、赏析、序号或任何说明文字。
格式要求：五言绝句为四句、每句五个汉字；七言绝句为四句、每句七个汉字。",烟水渺苍茫，长天澹如镜。何处一孤舟，悠悠水中影。。。。。。。。。,False,4,"[5, 5, 5, 5]","[""第 1 句字数错误：期望 7 字，实际 5 字"", ""第 2 句字数错误：期望 7 字，实际 5 字"", ""第 3 句字数错误：期望 7 字，实际 5 字"", ""第 4 句字数错误：期望 7 字，实际 5 字""]"
T0125,theme_generation,飞鸟,五言绝句,"请围绕主题“飞鸟”创作一首五言绝句。
要求：只输出诗词正文，不要标题、解释、赏析、序号或任何说明文字。
格式要求：五言绝句为四句、每句五个汉字；七言绝句为四句、每句七个汉字。",长空无远近，万里共翱翔。何处秋来雁，分飞各自伤。,True,4,"[5, 5, 5, 5]",[]
T0126,theme_generation,寒梅,七言绝句,"请围绕主题“寒梅”创作一首七言绝句。
要求：只输出诗词正文，不要标题、解释、赏析、序号或任何说明文字。
格式要求：五言绝句为四句、每句五个汉字；七言绝句为四句、每句七个汉字。",雪里藏春意，清香已暗通。孤山影瘦弱，似与岁寒同。,False,4,"[5, 5, 5, 5]","[""第 1 句字数错误：期望 7 字，实际 5 字"", ""第 2 句字数错误：期望 7 字，实际 5 字"", ""第 3 句字数错误：期望 7 字，实际 5 字"", ""第 4 句字数错误：期望 7 字，实际 5 字""]"
T0127,theme_generation,竹林,五言绝句,"请围绕主题“竹林”创作一首五言绝句。
要求：只输出诗词正文，不要标题、解释、赏析、序号或任何说明文字。
格式要求：五言绝句为四句、每句五个汉字；七言绝句为四句、每句七个汉字。",水竹一何好，山禽亦自驯。不须将种橘，此处得称园。,True,4,"[5, 5, 5, 5]",[]
T0128,theme_generation,松柏,七言绝句,"请围绕主题“松柏”创作一首七言绝句。
要求：只输出诗词正文，不要标题、解释、赏析、序号或任何说明文字。
格式要求：五言绝句为四句、每句五个汉字；七言绝句为四句、每句七个汉字。",风霜两鬓白，松栢一心青。莫与儿童辈，等闲说兴亡。,False,4,"[5, 5, 5, 5]","[""第 1 句字数错误：期望 7 字，实际 5 字"", ""第 2 句字数错误：期望 7 字，实际 5 字"", ""第 3 句字数错误：期望 7 字，实际 5 字"", ""第 4 句字数错误：期望 7 字，实际 5 字""]"
T0129,theme_generation,荷花,五言绝句,"请围绕主题“荷花”创作一首五言绝句。
要求：只输出诗词正文，不要标题、解释、赏析、序号或任何说明文字。
格式要求：五言绝句为四句、每句五个汉字；七言绝句为四句、每句七个汉字。",翠盖相摩荡，红云自往还。小桥通别港，一径度前山。,True,4,"[5, 5, 5, 5]",[]
T0130,theme_generation,枫叶,七言绝句,"请围绕主题“枫叶”创作一首七言绝句。
要求：只输出诗词正文，不要标题、解释、赏析、序号或任何说明文字。
格式要求：五言绝句为四句、每句五个汉字；七言绝句为四句、每句七个汉字。",林下落红多，纷纷散客衣。独怜春雨后，乱点石栏归。,False,4,"[5, 5, 5, 5]","[""第 1 句字数错误：期望 7 字，实际 5 字"", ""第 2 句字数错误：期望 7 字，实际 5 字"", ""第 3 句字数错误：期望 7 字，实际 5 字"", ""第 4 句字数错误：期望 7 字，实际 5 字""]"
T0131,theme_generation,思乡,五言绝句,"请围绕主题“思乡”创作一首五言绝句。
要求：只输出诗词正文，不要标题、解释、赏析、序号或任何说明文字。
格式要求：五言绝句为四句、每句五个汉字；七言绝句为四句、每句七个汉字。",身世两悠悠，相逢且尽欢。别时容易语，何不赠愁看。,True,4,"[5, 5, 5, 5]",[]
T0132,theme_generation,离别,七言绝句,"请围绕主题“离别”创作一首七言绝句。
要求：只输出诗词正文，不要标题、解释、赏析、序号或任何说明文字。
格式要求：五言绝句为四句、每句五个汉字；七言绝句为四句、每句七个汉字。",行尽天涯路，难寻此会心。今宵残梦破，不得到龙吟。,False,4,"[5, 5, 5, 5]","[""第 1 句字数错误：期望 7 字，实际 5 字"", ""第 2 句字数错误：期望 7 字，实际 5 字"", ""第 3 句字数错误：期望 7 字，实际 5 字"", ""第 4 句字数错误：期望 7 字，实际 5 字""]"
T0133,theme_generation,相思,五言绝句,"请围绕主题“相思”创作一首五言绝句。
要求：只输出诗词正文，不要标题、解释、赏析、序号或任何说明文字。
格式要求：五言绝句为四句、每句五个汉字；七言绝句为四句、每句七个汉字。",梦断香尘冷，窗空花月闲。谁言秋色淡，更作两三山。,True,4,"[5, 5, 5, 5]",[]
T0134,theme_generation,孤独,七言绝句,"请围绕主题“孤独”创作一首七言绝句。
要求：只输出诗词正文，不要标题、解释、赏析、序号或任何说明文字。
格式要求：五言绝句为四句、每句五个汉字；七言绝句为四句、每句七个汉字。",孤云元不动，流落世间尘。莫怪无心绪，从来浪得人。。。。,False,4,"[5, 5, 5, 5]","[""第 1 句字数错误：期望 7 字，实际 5 字"", ""第 2 句字数错误：期望 7 字，实际 5 字"", ""第 3 句字数错误：期望 7 字，实际 5 字"", ""第 4 句字数错误：期望 7 字，实际 5 字""]"
T0135,theme_generation,怀古,五言绝句,"请围绕主题“怀古”创作一首五言绝句。
要求：只输出诗词正文，不要标题、解释、赏析、序号或任何说明文字。
格式要求：五言绝句为四句、每句五个汉字；七言绝句为四句、每句七个汉字。",一自东阳别，还无消息传。遥知此日到，应下泪千行。,True,4,"[5, 5, 5, 5]",[]
T0136,theme_generation,忧愁,七言绝句,"请围绕主题“忧愁”创作一首七言绝句。
要求：只输出诗词正文，不要标题、解释、赏析、序号或任何说明文字。
格式要求：五言绝句为四句、每句五个汉字；七言绝句为四句、每句七个汉字。",莫问春前与秋后，且须吟雨又吟风。人间万事皆如此，祗有青山长不穷。,True,4,"[7, 7, 7, 7]",[]
T0137,theme_generation,喜悦,五言绝句,"请围绕主题“喜悦”创作一首五言绝句。
要求：只输出诗词正文，不要标题、解释、赏析、序号或任何说明文字。
格式要求：五言绝句为四句、每句五个汉字；七言绝句为四句、每句七个汉字。",喜气何曾息，忧端自不来。但能行好事，莫管世人猜。,True,4,"[5, 5, 5, 5]",[]
T0138,theme_generation,闲适,七言绝句,"请围绕主题“闲适”创作一首七言绝句。
要求：只输出诗词正文，不要标题、解释、赏析、序号或任何说明文字。
格式要求：五言绝句为四句、每句五个汉字；七言绝句为四句、每句七个汉字。",身世悠然百不忧，杖藜随意到山头。一溪风物浑如旧，只有樵歌自献酬。,True,4,"[7, 7, 7, 7]",[]
T0139,theme_generation,感怀,五言绝句,"请围绕主题“感怀”创作一首五言绝句。
要求：只输出诗词正文，不要标题、解释、赏析、序号或任何说明文字。
格式要求：五言绝句为四句、每句五个汉字；七言绝句为四句、每句七个汉字。",世事不堪论，不如归去好。松下掩衡门，柴桑有彭浩。,True,4,"[5, 5, 5, 5]",[]
T0140,theme_generation,伤春,七言绝句,"请围绕主题“伤春”创作一首七言绝句。
要求：只输出诗词正文，不要标题、解释、赏析、序号或任何说明文字。
格式要求：五言绝句为四句、每句五个汉字；七言绝句为四句、每句七个汉字。",花落燕飞人别后，雨昏灯暗月当楼。年年春色来相似，只在枝头照白头。,True,4,"[7, 7, 7, 7]",[]
T0141,theme_generation,人生,五言绝句,"请围绕主题“人生”创作一首五言绝句。
要求：只输出诗词正文，不要标题、解释、赏析、序号或任何说明文字。
格式要求：五言绝句为四句、每句五个汉字；七言绝句为四句、每句七个汉字。",人生有定分，得丧何须问。但尽己所存，无愧于心稳。,True,4,"[5, 5, 5, 5]",[]
T0142,theme_generation,时光,七言绝句,"请围绕主题“时光”创作一首七言绝句。
要求：只输出诗词正文，不要标题、解释、赏析、序号或任何说明文字。
格式要求：五言绝句为四句、每句五个汉字；七言绝句为四句、每句七个汉字。",春到人间花自开，都忘冰雪冻成堆。时光又作东流去，祇恐风光挽不来。,True,4,"[7, 7, 7, 7]",[]
T0143,theme_generation,梦想,五言绝句,"请围绕主题“梦想”创作一首五言绝句。
要求：只输出诗词正文，不要标题、解释、赏析、序号或任何说明文字。
格式要求：五言绝句为四句、每句五个汉字；七言绝句为四句、每句七个汉字。",梦断玉京路，却寻云外家。觉来山雨过，空落满庭花。,True,4,"[5, 5, 5, 5]",[]
T0144,theme_generation,远方,七言绝句,"请围绕主题“远方”创作一首七言绝句。
要求：只输出诗词正文，不要标题、解释、赏析、序号或任何说明文字。
格式要求：五言绝句为四句、每句五个汉字；七言绝句为四句、每句七个汉字。",千里人皆远，吾犹在目前。此行殊不恶，无客亦无钱。,False,4,"[5, 5, 5, 5]","[""第 1 句字数错误：期望 7 字，实际 5 字"", ""第 2 句字数错误：期望 7 字，实际 5 字"", ""第 3 句字数错误：期望 7 字，实际 5 字"", ""第 4 句字数错误：期望 7 字，实际 5 字""]"
T0145,theme_generation,归隐,五言绝句,"请围绕主题“归隐”创作一首五言绝句。
要求：只输出诗词正文，不要标题、解释、赏析、序号或任何说明文字。
格式要求：五言绝句为四句、每句五个汉字；七言绝句为四句、每句七个汉字。",不羡三公贵，深怀万乘尊。白云无定所，常伴隐名园。,True,4,"[5, 5, 5, 5]",[]
T0146,theme_generation,漂泊,七言绝句,"请围绕主题“漂泊”创作一首七言绝句。
要求：只输出诗词正文，不要标题、解释、赏析、序号或任何说明文字。
格式要求：五言绝句为四句、每句五个汉字；七言绝句为四句、每句七个汉字。",飘蓬任所如，南北不期归。此去千余里，应须十日稀。,False,4,"[5, 5, 5, 5]","[""第 1 句字数错误：期望 7 字，实际 5 字"", ""第 2 句字数错误：期望 7 字，实际 5 字"", ""第 3 句字数错误：期望 7 字，实际 5 字"", ""第 4 句字数错误：期望 7 字，实际 5 字""]"
T0147,theme_generation,壮志,五言绝句,"请围绕主题“壮志”创作一首五言绝句。
要求：只输出诗词正文，不要标题、解释、赏析、序号或任何说明文字。
格式要求：五言绝句为四句、每句五个汉字；七言绝句为四句、每句七个汉字。",心手俱狂妄，终当得自拘。不因遭贬放，争识此翁愚。,True,4,"[5, 5, 5, 5]",[]
T0148,theme_generation,知己,七言绝句,"请围绕主题“知己”创作一首七言绝句。
要求：只输出诗词正文，不要标题、解释、赏析、序号或任何说明文字。
格式要求：五言绝句为四句、每句五个汉字；七言绝句为四句、每句七个汉字。",青鸟传书无问处，赤驹归梦有知还。但教名姓留千载，未必丹青画得全。,True,4,"[7, 7, 7, 7]",[]
T0149,theme_generation,故人,五言绝句,"请围绕主题“故人”创作一首五言绝句。
要求：只输出诗词正文，不要标题、解释、赏析、序号或任何说明文字。
格式要求：五言绝句为四句、每句五个汉字；七言绝句为四句、每句七个汉字。",白帝城头月，黄牛峡里云。巴陵无限柳，总是送行人。,True,4,"[5, 5, 5, 5]",[]
T0150,theme_generation,岁月,七言绝句,"请围绕主题“岁月”创作一首七言绝句。
要求：只输出诗词正文，不要标题、解释、赏析、序号或任何说明文字。
格式要求：五言绝句为四句、每句五个汉字；七言绝句为四句、每句七个汉字。",山似太初日，人如赤松游。岁华随日月，不与物俱流。□□□□，,False,5,"[5, 5, 5, 5, 0]","[""句数错误：期望 4 句，实际 5 句"", ""第 1 句字数错误：期望 7 字，实际 5 字"", ""第 2 句字数错误：期望 7 字，实际 5 字"", ""第 3 句字数错误：期望 7 字，实际 5 字"", ""第 4 句字数错误：期望 7 字，实际 5 字"", ""第 5 句字数错误：期望 7 字，实际 0 字""]"
T0151,theme_generation,边塞,五言绝句,"请围绕主题“边塞”创作一首五言绝句。
要求：只输出诗词正文，不要标题、解释、赏析、序号或任何说明文字。
格式要求：五言绝句为四句、每句五个汉字；七言绝句为四句、每句七个汉字。",山川一万里，行客万种心。今日向残虏，何当复此吟。,True,4,"[5, 5, 5, 5]",[]
T0152,theme_generation,田园,七言绝句,"请围绕主题“田园”创作一首七言绝句。
要求：只输出诗词正文，不要标题、解释、赏析、序号或任何说明文字。
格式要求：五言绝句为四句、每句五个汉字；七言绝句为四句、每句七个汉字。",不将牛马走，谁识此心安。要识此中意，看渠鼻孔寒。。。。,False,4,"[5, 5, 5, 5]","[""第 1 句字数错误：期望 7 字，实际 5 字"", ""第 2 句字数错误：期望 7 字，实际 5 字"", ""第 3 句字数错误：期望 7 字，实际 5 字"", ""第 4 句字数错误：期望 7 字，实际 5 字""]"
T0153,theme_generation,江南,五言绝句,"请围绕主题“江南”创作一首五言绝句。
要求：只输出诗词正文，不要标题、解释、赏析、序号或任何说明文字。
格式要求：五言绝句为四句、每句五个汉字；七言绝句为四句、每句七个汉字。",天外两三星，江南万里征。不知春草色，何处绿愁生。,True,4,"[5, 5, 5, 5]",[]
T0154,theme_generation,长安,七言绝句,"请围绕主题“长安”创作一首七言绝句。
要求：只输出诗词正文，不要标题、解释、赏析、序号或任何说明文字。
格式要求：五言绝句为四句、每句五个汉字；七言绝句为四句、每句七个汉字。",长安一树春，日日种花新。我今始见之，花落子成仁。,False,4,"[5, 5, 5, 5]","[""第 1 句字数错误：期望 7 字，实际 5 字"", ""第 2 句字数错误：期望 7 字，实际 5 字"", ""第 3 句字数错误：期望 7 字，实际 5 字"", ""第 4 句字数错误：期望 7 字，实际 5 字""]"
T0155,theme_generation,古寺,五言绝句,"请围绕主题“古寺”创作一首五言绝句。
要求：只输出诗词正文，不要标题、解释、赏析、序号或任何说明文字。
格式要求：五言绝句为四句、每句五个汉字；七言绝句为四句、每句七个汉字。",古寺寒食路，千林无一声。柴门春雨暗，时有牧童行。,True,4,"[5, 5, 5, 5]",[]
T0156,theme_generation,夜雨,七言绝句,"请围绕主题“夜雨”创作一首七言绝句。
要求：只输出诗词正文，不要标题、解释、赏析、序号或任何说明文字。
格式要求：五言绝句为四句、每句五个汉字；七言绝句为四句、每句七个汉字。",夜雨吹凉入，星河耿未阑。平明更小雨，泥湿一村寒。,False,4,"[5, 5, 5, 5]","[""第 1 句字数错误：期望 7 字，实际 5 字"", ""第 2 句字数错误：期望 7 字，实际 5 字"", ""第 3 句字数错误：期望 7 字，实际 5 字"", ""第 4 句字数错误：期望 7 字，实际 5 字""]"
T0157,theme_generation,客栈,五言绝句,"请围绕主题“客栈”创作一首五言绝句。
要求：只输出诗词正文，不要标题、解释、赏析、序号或任何说明文字。
格式要求：五言绝句为四句、每句五个汉字；七言绝句为四句、每句七个汉字。",晓出城门去，天寒雨雪晴。莫令鞭马急，归及月三更。,True,4,"[5, 5, 5, 5]",[]
T0158,theme_generation,渡口,七言绝句,"请围绕主题“渡口”创作一首七言绝句。
要求：只输出诗词正文，不要标题、解释、赏析、序号或任何说明文字。
格式要求：五言绝句为四句、每句五个汉字；七言绝句为四句、每句七个汉字。",渡头冲雨过，客里又重阳。却忆登临处，黄花满把香。,False,4,"[5, 5, 5, 5]","[""第 1 句字数错误：期望 7 字，实际 5 字"", ""第 2 句字数错误：期望 7 字，实际 5 字"", ""第 3 句字数错误：期望 7 字，实际 5 字"", ""第 4 句字数错误：期望 7 字，实际 5 字""]"
T0159,theme_generation,山村,五言绝句,"请围绕主题“山村”创作一首五言绝句。
要求：只输出诗词正文，不要标题、解释、赏析、序号或任何说明文字。
格式要求：五言绝句为四句、每句五个汉字；七言绝句为四句、每句七个汉字。",山静白云闲，溪深青嶂环。茅簷无俗客，花落鸟关关。,True,4,"[5, 5, 5, 5]",[]
T0160,theme_generation,渔家,七言绝句,"请围绕主题“渔家”创作一首七言绝句。
要求：只输出诗词正文，不要标题、解释、赏析、序号或任何说明文字。
格式要求：五言绝句为四句、每句五个汉字；七言绝句为四句、每句七个汉字。",渔舟系岸芦花老，古渡横塘野水肥。不是老渔知地脉，儿孙焉得钓游时。,True,4,"[7, 7, 7, 7]",[]
T0161,theme_generation,美酒,五言绝句,"请围绕主题“美酒”创作一首五言绝句。
要求：只输出诗词正文，不要标题、解释、赏析、序号或任何说明文字。
格式要求：五言绝句为四句、每句五个汉字；七言绝句为四句、每句七个汉字。",美酒消愁甚，何如把一瓢。渊明不自圣，应亦爱金貂。,True,4,"[5, 5, 5, 5]",[]
T0162,theme_generation,琴声,七言绝句,"请围绕主题“琴声”创作一首七言绝句。
要求：只输出诗词正文，不要标题、解释、赏析、序号或任何说明文字。
格式要求：五言绝句为四句、每句五个汉字；七言绝句为四句、每句七个汉字。",一抚绿绮心自醉，再弹秋思耳更清。朱弦绝妙知音少，岂料时人亦识听。,True,4,"[7, 7, 7, 7]",[]
T0163,theme_generation,书卷,五言绝句,"请围绕主题“书卷”创作一首五言绝句。
要求：只输出诗词正文，不要标题、解释、赏析、序号或任何说明文字。
格式要求：五言绝句为四句、每句五个汉字；七言绝句为四句、每句七个汉字。",圣处难知有，谁参未了禅。何须传贝叶，妙旨即如弦。,True,4,"[5, 5, 5, 5]",[]
T0164,theme_generation,灯火,七言绝句,"请围绕主题“灯火”创作一首七言绝句。
要求：只输出诗词正文，不要标题、解释、赏析、序号或任何说明文字。
格式要求：五言绝句为四句、每句五个汉字；七言绝句为四句、每句七个汉字。",江乡春早夜，灯火遍渔船。惟有风烟古，依然汉水边。,False,4,"[5, 5, 5, 5]","[""第 1 句字数错误：期望 7 字，实际 5 字"", ""第 2 句字数错误：期望 7 字，实际 5 字"", ""第 3 句字数错误：期望 7 字，实际 5 字"", ""第 4 句字数错误：期望 7 字，实际 5 字""]"
T0165,theme_generation,诗酒,五言绝句,"请围绕主题“诗酒”创作一首五言绝句。
要求：只输出诗词正文，不要标题、解释、赏析、序号或任何说明文字。
格式要求：五言绝句为四句、每句五个汉字；七言绝句为四句、每句七个汉字。",山色碧相围，江流碧相映。渔舟往来中，醉墨谁题姓。,True,4,"[5, 5, 5, 5]",[]
T0166,theme_generation,征人,七言绝句,"请围绕主题“征人”创作一首七言绝句。
要求：只输出诗词正文，不要标题、解释、赏析、序号或任何说明文字。
格式要求：五言绝句为四句、每句五个汉字；七言绝句为四句、每句七个汉字。",去时杨柳青，别夜梨花白。今春在何处，应傍孤城宿。。。,False,4,"[5, 5, 5, 5]","[""第 1 句字数错误：期望 7 字，实际 5 字"", ""第 2 句字数错误：期望 7 字，实际 5 字"", ""第 3 句字数错误：期望 7 字，实际 5 字"", ""第 4 句字数错误：期望 7 字，实际 5 字""]"
T0167,theme_generation,游子,五言绝句,"请围绕主题“游子”创作一首五言绝句。
要求：只输出诗词正文，不要标题、解释、赏析、序号或任何说明文字。
格式要求：五言绝句为四句、每句五个汉字；七言绝句为四句、每句七个汉字。",客行殊未定，春去几多时。莫向章泉宿，怕闻蚕上机。,True,4,"[5, 5, 5, 5]",[]
T0168,theme_generation,故乡,七言绝句,"请围绕主题“故乡”创作一首七言绝句。
要求：只输出诗词正文，不要标题、解释、赏析、序号或任何说明文字。
格式要求：五言绝句为四句、每句五个汉字；七言绝句为四句、每句七个汉字。",忆昔随翁住，常游不记春。当时花正开，无计采归人。。。。,False,4,"[5, 5, 5, 5]","[""第 1 句字数错误：期望 7 字，实际 5 字"", ""第 2 句字数错误：期望 7 字，实际 5 字"", ""第 3 句字数错误：期望 7 字，实际 5 字"", ""第 4 句字数错误：期望 7 字，实际 5 字""]"
T0169,theme_generation,关山,五言绝句,"请围绕主题“关山”创作一首五言绝句。
要求：只输出诗词正文，不要标题、解释、赏析、序号或任何说明文字。
格式要求：五言绝句为四句、每句五个汉字；七言绝句为四句、每句七个汉字。",楚峡云含雨，巴江水带秋。别来何事速，风起暮山头。,True,4,"[5, 5, 5, 5]",[]
T0170,theme_generation,楼台,七言绝句,"请围绕主题“楼台”创作一首七言绝句。
要求：只输出诗词正文，不要标题、解释、赏析、序号或任何说明文字。
格式要求：五言绝句为四句、每句五个汉字；七言绝句为四句、每句七个汉字。",海客骑鲸去，神僊驾鹤归。何人登画阁，风动碧云飞。。。。,False,4,"[5, 5, 5, 5]","[""第 1 句字数错误：期望 7 字，实际 5 字"", ""第 2 句字数错误：期望 7 字，实际 5 字"", ""第 3 句字数错误：期望 7 字，实际 5 字"", ""第 4 句字数错误：期望 7 字，实际 5 字""]"
T0171,theme_generation,晨景,五言绝句,"请围绕主题“晨景”创作一首五言绝句。
要求：只输出诗词正文，不要标题、解释、赏析、序号或任何说明文字。
格式要求：五言绝句为四句、每句五个汉字；七言绝句为四句、每句七个汉字。",山色带朝昏，朝昏景色新。更无留恋意，终是逐流尘。,True,4,"[5, 5, 5, 5]",[]
T0172,theme_generation,暮景,七言绝句,"请围绕主题“暮景”创作一首七言绝句。
要求：只输出诗词正文，不要标题、解释、赏析、序号或任何说明文字。
格式要求：五言绝句为四句、每句五个汉字；七言绝句为四句、每句七个汉字。",一水自西来，溪声山更回。何须明月照，方是仲宣台。。。。。,False,4,"[5, 5, 5, 5]","[""第 1 句字数错误：期望 7 字，实际 5 字"", ""第 2 句字数错误：期望 7 字，实际 5 字"", ""第 3 句字数错误：期望 7 字，实际 5 字"", ""第 4 句字数错误：期望 7 字，实际 5 字""]"
T0173,theme_generation,湖上,五言绝句,"请围绕主题“湖上”创作一首五言绝句。
要求：只输出诗词正文，不要标题、解释、赏析、序号或任何说明文字。
格式要求：五言绝句为四句、每句五个汉字；七言绝句为四句、每句七个汉字。",湖水浸天绿，湖山入眼青。无人会幽意，日夕独来经。,True,4,"[5, 5, 5, 5]",[]
T0174,theme_generation,溪边,七言绝句,"请围绕主题“溪边”创作一首七言绝句。
要求：只输出诗词正文，不要标题、解释、赏析、序号或任何说明文字。
格式要求：五言绝句为四句、每句五个汉字；七言绝句为四句、每句七个汉字。",秋水清泠滑，寒山苍翠重。平林一抹暝，渔笛一声中。,False,4,"[5, 5, 5, 5]","[""第 1 句字数错误：期望 7 字，实际 5 字"", ""第 2 句字数错误：期望 7 字，实际 5 字"", ""第 3 句字数错误：期望 7 字，实际 5 字"", ""第 4 句字数错误：期望 7 字，实际 5 字""]"
T0175,theme_generation,山寺,五言绝句,"请围绕主题“山寺”创作一首五言绝句。
要求：只输出诗词正文，不要标题、解释、赏析、序号或任何说明文字。
格式要求：五言绝句为四句、每句五个汉字；七言绝句为四句、每句七个汉字。",一径连青壁，孤根寄乱云。无端石门客，来作辟兵分。,True,4,"[5, 5, 5, 5]",[]
T0176,theme_generation,秋夜,七言绝句,"请围绕主题“秋夜”创作一首七言绝句。
要求：只输出诗词正文，不要标题、解释、赏析、序号或任何说明文字。
格式要求：五言绝句为四句、每句五个汉字；七言绝句为四句、每句七个汉字。",枕上闻更尽，樽前见月斜。可怜今夜事，不似去年花。,False,4,"[5, 5, 5, 5]","[""第 1 句字数错误：期望 7 字，实际 5 字"", ""第 2 句字数错误：期望 7 字，实际 5 字"", ""第 3 句字数错误：期望 7 字，实际 5 字"", ""第 4 句字数错误：期望 7 字，实际 5 字""]"
T0177,theme_generation,春游,五言绝句,"请围绕主题“春游”创作一首五言绝句。
要求：只输出诗词正文，不要标题、解释、赏析、序号或任何说明文字。
格式要求：五言绝句为四句、每句五个汉字；七言绝句为四句、每句七个汉字。",风入花枝冷，香凝玉宇深。可怜桃与李，独托一芳心。,True,4,"[5, 5, 5, 5]",[]
T0178,theme_generation,送别,七言绝句,"请围绕主题“送别”创作一首七言绝句。
要求：只输出诗词正文，不要标题、解释、赏析、序号或任何说明文字。
格式要求：五言绝句为四句、每句五个汉字；七言绝句为四句、每句七个汉字。",春水绿于染，野云轻似浮。杨花如解语，应悔未封侯。,False,4,"[5, 5, 5, 5]","[""第 1 句字数错误：期望 7 字，实际 5 字"", ""第 2 句字数错误：期望 7 字，实际 5 字"", ""第 3 句字数错误：期望 7 字，实际 5 字"", ""第 4 句字数错误：期望 7 字，实际 5 字""]"
T0179,theme_generation,登高,五言绝句,"请围绕主题“登高”创作一首五言绝句。
要求：只输出诗词正文，不要标题、解释、赏析、序号或任何说明文字。
格式要求：五言绝句为四句、每句五个汉字；七言绝句为四句、每句七个汉字。",九日秋来晚，三州客未归。白云何处去，空复望寒衣。,True,4,"[5, 5, 5, 5]",[]
T0180,theme_generation,望月,七言绝句,"请围绕主题“望月”创作一首七言绝句。
要求：只输出诗词正文，不要标题、解释、赏析、序号或任何说明文字。
格式要求：五言绝句为四句、每句五个汉字；七言绝句为四句、每句七个汉字。",万里同风月，今宵共此看。何须更把酒，相对自怡颜。,False,4,"[5, 5, 5, 5]","[""第 1 句字数错误：期望 7 字，实际 5 字"", ""第 2 句字数错误：期望 7 字，实际 5 字"", ""第 3 句字数错误：期望 7 字，实际 5 字"", ""第 4 句字数错误：期望 7 字，实际 5 字""]"
T0181,theme_generation,听雨,五言绝句,"请围绕主题“听雨”创作一首五言绝句。
要求：只输出诗词正文，不要标题、解释、赏析、序号或任何说明文字。
格式要求：五言绝句为四句、每句五个汉字；七言绝句为四句、每句七个汉字。",夜半雨声急，晓来山气昏。柴门无俗客，共对读书轩。,True,4,"[5, 5, 5, 5]",[]
T0182,theme_generation,赏花,七言绝句,"请围绕主题“赏花”创作一首七言绝句。
要求：只输出诗词正文，不要标题、解释、赏析、序号或任何说明文字。
格式要求：五言绝句为四句、每句五个汉字；七言绝句为四句、每句七个汉字。",春尽残红堕，朝来雨洒晴。数枝娇欲语，零落不堪听。,False,4,"[5, 5, 5, 5]","[""第 1 句字数错误：期望 7 字，实际 5 字"", ""第 2 句字数错误：期望 7 字，实际 5 字"", ""第 3 句字数错误：期望 7 字，实际 5 字"", ""第 4 句字数错误：期望 7 字，实际 5 字""]"
T0183,theme_generation,观潮,五言绝句,"请围绕主题“观潮”创作一首五言绝句。
要求：只输出诗词正文，不要标题、解释、赏析、序号或任何说明文字。
格式要求：五言绝句为四句、每句五个汉字；七言绝句为四句、每句七个汉字。",日暮天无风，沧波忽生白。平陆不可干，奔涛正相激。,True,4,"[5, 5, 5, 5]",[]
T0184,theme_generation,塞外,七言绝句,"请围绕主题“塞外”创作一首七言绝句。
要求：只输出诗词正文，不要标题、解释、赏析、序号或任何说明文字。
格式要求：五言绝句为四句、每句五个汉字；七言绝句为四句、每句七个汉字。",玉关万里道，羌笛送春归。汉月年年满，胡沙日日飞。,False,4,"[5, 5, 5, 5]","[""第 1 句字数错误：期望 7 字，实际 5 字"", ""第 2 句字数错误：期望 7 字，实际 5 字"", ""第 3 句字数错误：期望 7 字，实际 5 字"", ""第 4 句字数错误：期望 7 字，实际 5 字""]"
T0185,theme_generation,军旅,五言绝句,"请围绕主题“军旅”创作一首五言绝句。
要求：只输出诗词正文，不要标题、解释、赏析、序号或任何说明文字。
格式要求：五言绝句为四句、每句五个汉字；七言绝句为四句、每句七个汉字。",山深秋欲雨，水落雁初飞。试上高楼望，边声满塞衣。,True,4,"[5, 5, 5, 5]",[]
T0186,theme_generation,宫怨,七言绝句,"请围绕主题“宫怨”创作一首七言绝句。
要求：只输出诗词正文，不要标题、解释、赏析、序号或任何说明文字。
格式要求：五言绝句为四句、每句五个汉字；七言绝句为四句、每句七个汉字。",画烛明歌扇，金炉袅翠烟。愿得随郎去，相从采白莲。,False,4,"[5, 5, 5, 5]","[""第 1 句字数错误：期望 7 字，实际 5 字"", ""第 2 句字数错误：期望 7 字，实际 5 字"", ""第 3 句字数错误：期望 7 字，实际 5 字"", ""第 4 句字数错误：期望 7 字，实际 5 字""]"
T0187,theme_generation,闺思,五言绝句,"请围绕主题“闺思”创作一首五言绝句。
要求：只输出诗词正文，不要标题、解释、赏析、序号或任何说明文字。
格式要求：五言绝句为四句、每句五个汉字；七言绝句为四句、每句七个汉字。",玉簟冰壶冷，金炉篆烬迟。夜阑频侧枕，一半是相思。,True,4,"[5, 5, 5, 5]",[]
T0188,theme_generation,农家,七言绝句,"请围绕主题“农家”创作一首七言绝句。
要求：只输出诗词正文，不要标题、解释、赏析、序号或任何说明文字。
格式要求：五言绝句为四句、每句五个汉字；七言绝句为四句、每句七个汉字。",山深林密处，古木带苍藤。流水鸣中夜，秋声满谷冰。。。。。,False,4,"[5, 5, 5, 5]","[""第 1 句字数错误：期望 7 字，实际 5 字"", ""第 2 句字数错误：期望 7 字，实际 5 字"", ""第 3 句字数错误：期望 7 字，实际 5 字"", ""第 4 句字数错误：期望 7 字，实际 5 字""]"
T0189,theme_generation,渔舟,五言绝句,"请围绕主题“渔舟”创作一首五言绝句。
要求：只输出诗词正文，不要标题、解释、赏析、序号或任何说明文字。
格式要求：五言绝句为四句、每句五个汉字；七言绝句为四句、每句七个汉字。",江村酒旆开，水国雪初霏。欲伴沙鸥宿，寻诗尽夜归。,True,4,"[5, 5, 5, 5]",[]
T0190,theme_generation,山居,七言绝句,"请围绕主题“山居”创作一首七言绝句。
要求：只输出诗词正文，不要标题、解释、赏析、序号或任何说明文字。
格式要求：五言绝句为四句、每句五个汉字；七言绝句为四句、每句七个汉字。",云生石罅开，风起林梢过。我亦喜新晴，共君携酒卧。,False,4,"[5, 5, 5, 5]","[""第 1 句字数错误：期望 7 字，实际 5 字"", ""第 2 句字数错误：期望 7 字，实际 5 字"", ""第 3 句字数错误：期望 7 字，实际 5 字"", ""第 4 句字数错误：期望 7 字，实际 5 字""]"
T0191,theme_generation,旅夜,五言绝句,"请围绕主题“旅夜”创作一首五言绝句。
要求：只输出诗词正文，不要标题、解释、赏析、序号或任何说明文字。
格式要求：五言绝句为四句、每句五个汉字；七言绝句为四句、每句七个汉字。",独卧闻鸡唱，惊心忆故乡。如何枕上梦，偏作去乡庄。,True,4,"[5, 5, 5, 5]",[]
T0192,theme_generation,夏雨,七言绝句,"请围绕主题“夏雨”创作一首七言绝句。
要求：只输出诗词正文，不要标题、解释、赏析、序号或任何说明文字。
格式要求：五言绝句为四句、每句五个汉字；七言绝句为四句、每句七个汉字。",云卷月来初，天容水镜虚。夜深何处笛，吹到读书庐。,False,4,"[5, 5, 5, 5]","[""第 1 句字数错误：期望 7 字，实际 5 字"", ""第 2 句字数错误：期望 7 字，实际 5 字"", ""第 3 句字数错误：期望 7 字，实际 5 字"", ""第 4 句字数错误：期望 7 字，实际 5 字""]"
T0193,theme_generation,冬夜,五言绝句,"请围绕主题“冬夜”创作一首五言绝句。
要求：只输出诗词正文，不要标题、解释、赏析、序号或任何说明文字。
格式要求：五言绝句为四句、每句五个汉字；七言绝句为四句、每句七个汉字。",月暗山无迹，星明天有涯。小窗灯影外，何处得梅花。,True,4,"[5, 5, 5, 5]",[]
T0194,theme_generation,梅雪,七言绝句,"请围绕主题“梅雪”创作一首七言绝句。
要求：只输出诗词正文，不要标题、解释、赏析、序号或任何说明文字。
格式要求：五言绝句为四句、每句五个汉字；七言绝句为四句、每句七个汉字。",梅雪满城飞，春风作意归。不知花落树，先已著寒衣。,False,4,"[5, 5, 5, 5]","[""第 1 句字数错误：期望 7 字，实际 5 字"", ""第 2 句字数错误：期望 7 字，实际 5 字"", ""第 3 句字数错误：期望 7 字，实际 5 字"", ""第 4 句字数错误：期望 7 字，实际 5 字""]"
T0195,theme_generation,兰亭,五言绝句,"请围绕主题“兰亭”创作一首五言绝句。
要求：只输出诗词正文，不要标题、解释、赏析、序号或任何说明文字。
格式要求：五言绝句为四句、每句五个汉字；七言绝句为四句、每句七个汉字。",昔游今复来，叹赏兰亭处。因知曲水集，不减永嘉初。,True,4,"[5, 5, 5, 5]",[]
T0196,theme_generation,边月,七言绝句,"请围绕主题“边月”创作一首七言绝句。
要求：只输出诗词正文，不要标题、解释、赏析、序号或任何说明文字。
格式要求：五言绝句为四句、每句五个汉字；七言绝句为四句、每句七个汉字。",胡沙白似雪，汉将血相视。一戍雁门西，夜深闻戍柝。,False,4,"[5, 5, 5, 5]","[""第 1 句字数错误：期望 7 字，实际 5 字"", ""第 2 句字数错误：期望 7 字，实际 5 字"", ""第 3 句字数错误：期望 7 字，实际 5 字"", ""第 4 句字数错误：期望 7 字，实际 5 字""]"
T0197,theme_generation,江雪,五言绝句,"请围绕主题“江雪”创作一首五言绝句。
要求：只输出诗词正文，不要标题、解释、赏析、序号或任何说明文字。
格式要求：五言绝句为四句、每句五个汉字；七言绝句为四句、每句七个汉字。",万里来同雁，三更见月华。江空无鸟雀，风急乱芦花。,True,4,"[5, 5, 5, 5]",[]
T0198,theme_generation,云梦,七言绝句,"请围绕主题“云梦”创作一首七言绝句。
要求：只输出诗词正文，不要标题、解释、赏析、序号或任何说明文字。
格式要求：五言绝句为四句、每句五个汉字；七言绝句为四句、每句七个汉字。",江汉白波流，吴山青草路。何当一叶舟，送我天台去。,False,4,"[5, 5, 5, 5]","[""第 1 句字数错误：期望 7 字，实际 5 字"", ""第 2 句字数错误：期望 7 字，实际 5 字"", ""第 3 句字数错误：期望 7 字，实际 5 字"", ""第 4 句字数错误：期望 7 字，实际 5 字""]"
T0199,theme_generation,雨巷,五言绝句,"请围绕主题“雨巷”创作一首五言绝句。
要求：只输出诗词正文，不要标题、解释、赏析、序号或任何说明文字。
格式要求：五言绝句为四句、每句五个汉字；七言绝句为四句、每句七个汉字。",春日东风急，晴云未肯开。行人欲归去，小立看杨梅。,True,4,"[5, 5, 5, 5]",[]
T0200,theme_generation,古道,七言绝句,"请围绕主题“古道”创作一首七言绝句。
要求：只输出诗词正文，不要标题、解释、赏析、序号或任何说明文字。
格式要求：五言绝句为四句、每句五个汉字；七言绝句为四句、每句七个汉字。",荒寒古驿近云林，野水空流古木阴。惟有西风解留客，一窗凉意转萧森。,True,4,"[7, 7, 7, 7]",[]
T0201,theme_generation,春天,五言绝句,"请围绕主题“春天”创作一首五言绝句。
要求：只输出诗词正文，不要标题、解释、赏析、序号或任何说明文字。
格式要求：五言绝句为四句、每句五个汉字；七言绝句为四句、每句七个汉字。",雨入闲庭草，风来小院花。鸟啼偏恼客，墙角噪乌鸦。,True,4,"[5, 5, 5, 5]",[]
T0202,theme_generation,夏日,七言绝句,"请围绕主题“夏日”创作一首七言绝句。
要求：只输出诗词正文，不要标题、解释、赏析、序号或任何说明文字。
格式要求：五言绝句为四句、每句五个汉字；七言绝句为四句、每句七个汉字。",昼永风披襟，门闲暑卷帘。时清何用酒，瓜李总相兼。。。。。,False,4,"[5, 5, 5, 5]","[""第 1 句字数错误：期望 7 字，实际 5 字"", ""第 2 句字数错误：期望 7 字，实际 5 字"", ""第 3 句字数错误：期望 7 字，实际 5 字"", ""第 4 句字数错误：期望 7 字，实际 5 字""]"
T0203,theme_generation,秋思,五言绝句,"请围绕主题“秋思”创作一首五言绝句。
要求：只输出诗词正文，不要标题、解释、赏析、序号或任何说明文字。
格式要求：五言绝句为四句、每句五个汉字；七言绝句为四句、每句七个汉字。",秋风清且切，吹我以遗音。欲识南山色，非君谁赏心。,True,4,"[5, 5, 5, 5]",[]
T0204,theme_generation,冬雪,七言绝句,"请围绕主题“冬雪”创作一首七言绝句。
要求：只输出诗词正文，不要标题、解释、赏析、序号或任何说明文字。
格式要求：五言绝句为四句、每句五个汉字；七言绝句为四句、每句七个汉字。",冰轮耿耿升云汉，玉钿离离缀薜萝。尽道君王不可见，祇应长在广寒多。,True,4,"[7, 7, 7, 7]",[]
T0205,theme_generation,春雨,五言绝句,"请围绕主题“春雨”创作一首五言绝句。
要求：只输出诗词正文，不要标题、解释、赏析、序号或任何说明文字。
格式要求：五言绝句为四句、每句五个汉字；七言绝句为四句、每句七个汉字。",不奈晓风恶，无端著子时。梨花寒食过，已觉鬓成丝。,True,4,"[5, 5, 5, 5]",[]
T0206,theme_generation,秋风,七言绝句,"请围绕主题“秋风”创作一首七言绝句。
要求：只输出诗词正文，不要标题、解释、赏析、序号或任何说明文字。
格式要求：五言绝句为四句、每句五个汉字；七言绝句为四句、每句七个汉字。",秋空澹无云，白日寒照水。何处孤舟来，浪拍城根起。。。。。。。。。,False,4,"[5, 5, 5, 5]","[""第 1 句字数错误：期望 7 字，实际 5 字"", ""第 2 句字数错误：期望 7 字，实际 5 字"", ""第 3 句字数错误：期望 7 字，实际 5 字"", ""第 4 句字数错误：期望 7 字，实际 5 字""]"
T0207,theme_generation,寒冬,五言绝句,"请围绕主题“寒冬”创作一首五言绝句。
要求：只输出诗词正文，不要标题、解释、赏析、序号或任何说明文字。
格式要求：五言绝句为四句、每句五个汉字；七言绝句为四句、每句七个汉字。",草木正槁落，山川亦寂寥。谁将造化手，开此一阳苗。,True,4,"[5, 5, 5, 5]",[]
T0208,theme_generation,新年,七言绝句,"请围绕主题“新年”创作一首七言绝句。
要求：只输出诗词正文，不要标题、解释、赏析、序号或任何说明文字。
格式要求：五言绝句为四句、每句五个汉字；七言绝句为四句、每句七个汉字。",新年何许有花开，红紫已零绿又来。老子一樽非惜酒，爱花谁可伴尊罍。,True,4,"[7, 7, 7, 7]",[]
T0209,theme_generation,清明,五言绝句,"请围绕主题“清明”创作一首五言绝句。
要求：只输出诗词正文，不要标题、解释、赏析、序号或任何说明文字。
格式要求：五言绝句为四句、每句五个汉字；七言绝句为四句、每句七个汉字。",风和花柳动，日暖草芽长。何处春光好，争知醉故乡。,True,4,"[5, 5, 5, 5]",[]
T0210,theme_generation,中秋,七言绝句,"请围绕主题“中秋”创作一首七言绝句。
要求：只输出诗词正文，不要标题、解释、赏析、序号或任何说明文字。
格式要求：五言绝句为四句、每句五个汉字；七言绝句为四句、每句七个汉字。",风前看月影，人在月中游。应是婵娟意，偏能顾玉楼。。。。,False,4,"[5, 5, 5, 5]","[""第 1 句字数错误：期望 7 字，实际 5 字"", ""第 2 句字数错误：期望 7 字，实际 5 字"", ""第 3 句字数错误：期望 7 字，实际 5 字"", ""第 4 句字数错误：期望 7 字，实际 5 字""]"
T0211,theme_generation,明月,五言绝句,"请围绕主题“明月”创作一首五言绝句。
要求：只输出诗词正文，不要标题、解释、赏析、序号或任何说明文字。
格式要求：五言绝句为四句、每句五个汉字；七言绝句为四句、每句七个汉字。",万古月依旧，千年人不回。欲凭天上桂，传语谢天台。,True,4,"[5, 5, 5, 5]",[]
T0212,theme_generation,清风,七言绝句,"请围绕主题“清风”创作一首七言绝句。
要求：只输出诗词正文，不要标题、解释、赏析、序号或任何说明文字。
格式要求：五言绝句为四句、每句五个汉字；七言绝句为四句、每句七个汉字。",坐来凉吹侵衣袂，起向风前把一樽。莫道西州贤太守，不曾清兴似平原。,True,4,"[7, 7, 7, 7]",[]
T0213,theme_generation,山水,五言绝句,"请围绕主题“山水”创作一首五言绝句。
要求：只输出诗词正文，不要标题、解释、赏析、序号或任何说明文字。
格式要求：五言绝句为四句、每句五个汉字；七言绝句为四句、每句七个汉字。",竹影乱峰碧，溪声寒涧幽。山花红欲然，春事又成秋。,True,4,"[5, 5, 5, 5]",[]
T0214,theme_generation,江河,七言绝句,"请围绕主题“江河”创作一首七言绝句。
要求：只输出诗词正文，不要标题、解释、赏析、序号或任何说明文字。
格式要求：五言绝句为四句、每句五个汉字；七言绝句为四句、每句七个汉字。",江海秋风起，波涛日夜深。不因乘兴往，谁识仲宣心。。。。。,False,4,"[5, 5, 5, 5]","[""第 1 句字数错误：期望 7 字，实际 5 字"", ""第 2 句字数错误：期望 7 字，实际 5 字"", ""第 3 句字数错误：期望 7 字，实际 5 字"", ""第 4 句字数错误：期望 7 字，实际 5 字""]"
T0215,theme_generation,大海,五言绝句,"请围绕主题“大海”创作一首五言绝句。
要求：只输出诗词正文，不要标题、解释、赏析、序号或任何说明文字。
格式要求：五言绝句为四句、每句五个汉字；七言绝句为四句、每句七个汉字。",东海三万里，秋风八月天。何人歌采薇，空忆南溟边。,True,4,"[5, 5, 5, 5]",[]
T0216,theme_generation,白云,七言绝句,"请围绕主题“白云”创作一首七言绝句。
要求：只输出诗词正文，不要标题、解释、赏析、序号或任何说明文字。
格式要求：五言绝句为四句、每句五个汉字；七言绝句为四句、每句七个汉字。",白日升天半，清风出谷初。无心随所往，到处即安居。。）。）。）。）,False,8,"[5, 5, 5, 5, 0, 0, 0, 0]","[""明显重复"", ""句数错误：期望 4 句，实际 8 句"", ""第 1 句字数错误：期望 7 字，实际 5 字"", ""第 2 句字数错误：期望 7 字，实际 5 字"", ""第 3 句字数错误：期望 7 字，实际 5 字"", ""第 4 句字数错误：期望 7 字，实际 5 字"", ""第 5 句字数错误：期望 7 字，实际 0 字"", ""第 6 句字数错误：期望 7 字，实际 0 字"", ""第 7 句字数错误：期望 7 字，实际 0 字"", ""第 8 句字数错误：期望 7 字，实际 0 字""]"
T0217,theme_generation,落日,五言绝句,"请围绕主题“落日”创作一首五言绝句。
要求：只输出诗词正文，不要标题、解释、赏析、序号或任何说明文字。
格式要求：五言绝句为四句、每句五个汉字；七言绝句为四句、每句七个汉字。",远岫云相接，孤城水共浮。无人独归去，落日满江愁。,True,4,"[5, 5, 5, 5]",[]
T0218,theme_generation,晚霞,七言绝句,"请围绕主题“晚霞”创作一首七言绝句。
要求：只输出诗词正文，不要标题、解释、赏析、序号或任何说明文字。
格式要求：五言绝句为四句、每句五个汉字；七言绝句为四句、每句七个汉字。",山雨初晴出，岩花正落红。不知谁氏子，独卧夕阳中。,False,4,"[5, 5, 5, 5]","[""第 1 句字数错误：期望 7 字，实际 5 字"", ""第 2 句字数错误：期望 7 字，实际 5 字"", ""第 3 句字数错误：期望 7 字，实际 5 字"", ""第 4 句字数错误：期望 7 字，实际 5 字""]"
T0219,theme_generation,青山,五言绝句,"请围绕主题“青山”创作一首五言绝句。
要求：只输出诗词正文，不要标题、解释、赏析、序号或任何说明文字。
格式要求：五言绝句为四句、每句五个汉字；七言绝句为四句、每句七个汉字。",何处觅长生，生在青山里。山前有路通，无路到天止。,True,4,"[5, 5, 5, 5]",[]
T0220,theme_generation,流水,七言绝句,"请围绕主题“流水”创作一首七言绝句。
要求：只输出诗词正文，不要标题、解释、赏析、序号或任何说明文字。
格式要求：五言绝句为四句、每句五个汉字；七言绝句为四句、每句七个汉字。",飞泉白日下，乱石青冥中。我意亦不浅，临风一怱怱。。。。,False,4,"[5, 5, 5, 5]","[""第 1 句字数错误：期望 7 字，实际 5 字"", ""第 2 句字数错误：期望 7 字，实际 5 字"", ""第 3 句字数错误：期望 7 字，实际 5 字"", ""第 4 句字数错误：期望 7 字，实际 5 字""]"
T0221,theme_generation,花开,五言绝句,"请围绕主题“花开”创作一首五言绝句。
要求：只输出诗词正文，不要标题、解释、赏析、序号或任何说明文字。
格式要求：五言绝句为四句、每句五个汉字；七言绝句为四句、每句七个汉字。",花开春事动，草长岁功新。桃李无分别，何须问主宾。,True,4,"[5, 5, 5, 5]",[]
T0222,theme_generation,落花,七言绝句,"请围绕主题“落花”创作一首七言绝句。
要求：只输出诗词正文，不要标题、解释、赏析、序号或任何说明文字。
格式要求：五言绝句为四句、每句五个汉字；七言绝句为四句、每句七个汉字。",残英半落池，小径乱青苔。独与幽人伴，香风拂面来。,False,4,"[5, 5, 5, 5]","[""第 1 句字数错误：期望 7 字，实际 5 字"", ""第 2 句字数错误：期望 7 字，实际 5 字"", ""第 3 句字数错误：期望 7 字，实际 5 字"", ""第 4 句字数错误：期望 7 字，实际 5 字""]"
T0223,theme_generation,杨柳,五言绝句,"请围绕主题“杨柳”创作一首五言绝句。
要求：只输出诗词正文，不要标题、解释、赏析、序号或任何说明文字。
格式要求：五言绝句为四句、每句五个汉字；七言绝句为四句、每句七个汉字。",万树绿风里，千丝烟雨中。行人正愁思，飘泊与衰翁。,True,4,"[5, 5, 5, 5]",[]
T0224,theme_generation,孤舟,七言绝句,"请围绕主题“孤舟”创作一首七言绝句。
要求：只输出诗词正文，不要标题、解释、赏析、序号或任何说明文字。
格式要求：五言绝句为四句、每句五个汉字；七言绝句为四句、每句七个汉字。",江头晚泊孤舟小，灯火家家夜未收。独见远山横翠色，不知何处是三秋。,True,4,"[7, 7, 7, 7]",[]
T0225,theme_generation,飞鸟,五言绝句,"请围绕主题“飞鸟”创作一首五言绝句。
要求：只输出诗词正文，不要标题、解释、赏析、序号或任何说明文字。
格式要求：五言绝句为四句、每句五个汉字；七言绝句为四句、每句七个汉字。",何处栖迟好，长空万里天。应怜无定力，翻作不归田。,True,4,"[5, 5, 5, 5]",[]
T0226,theme_generation,寒梅,七言绝句,"请围绕主题“寒梅”创作一首七言绝句。
要求：只输出诗词正文，不要标题、解释、赏析、序号或任何说明文字。
格式要求：五言绝句为四句、每句五个汉字；七言绝句为四句、每句七个汉字。",香与影相宜，高标韵更奇。何须雪中看，方是此花姿。,False,4,"[5, 5, 5, 5]","[""第 1 句字数错误：期望 7 字，实际 5 字"", ""第 2 句字数错误：期望 7 字，实际 5 字"", ""第 3 句字数错误：期望 7 字，实际 5 字"", ""第 4 句字数错误：期望 7 字，实际 5 字""]"
T0227,theme_generation,竹林,五言绝句,"请围绕主题“竹林”创作一首五言绝句。
要求：只输出诗词正文，不要标题、解释、赏析、序号或任何说明文字。
格式要求：五言绝句为四句、每句五个汉字；七言绝句为四句、每句七个汉字。",高下竹成行，亭亭不受霜。最宜风雨夜，月色满云房。,True,4,"[5, 5, 5, 5]",[]
T0228,theme_generation,松柏,七言绝句,"请围绕主题“松柏”创作一首七言绝句。
要求：只输出诗词正文，不要标题、解释、赏析、序号或任何说明文字。
格式要求：五言绝句为四句、每句五个汉字；七言绝句为四句、每句七个汉字。",古木苍然老，高标压众芳。岁寒心独苦，日暮影成双。,False,4,"[5, 5, 5, 5]","[""第 1 句字数错误：期望 7 字，实际 5 字"", ""第 2 句字数错误：期望 7 字，实际 5 字"", ""第 3 句字数错误：期望 7 字，实际 5 字"", ""第 4 句字数错误：期望 7 字，实际 5 字""]"
T0229,theme_generation,荷花,五言绝句,"请围绕主题“荷花”创作一首五言绝句。
要求：只输出诗词正文，不要标题、解释、赏析、序号或任何说明文字。
格式要求：五言绝句为四句、每句五个汉字；七言绝句为四句、每句七个汉字。",荷开池面阔，荷叶出水多。翠盖排如掌，红蕖点作窠。,True,4,"[5, 5, 5, 5]",[]
T0230,theme_generation,枫叶,七言绝句,"请围绕主题“枫叶”创作一首七言绝句。
要求：只输出诗词正文，不要标题、解释、赏析、序号或任何说明文字。
格式要求：五言绝句为四句、每句五个汉字；七言绝句为四句、每句七个汉字。",霜里丹枫映，江边碧树横。夕阳千万顷，尽在水声中。,False,4,"[5, 5, 5, 5]","[""第 1 句字数错误：期望 7 字，实际 5 字"", ""第 2 句字数错误：期望 7 字，实际 5 字"", ""第 3 句字数错误：期望 7 字，实际 5 字"", ""第 4 句字数错误：期望 7 字，实际 5 字""]"
T0231,theme_generation,思乡,五言绝句,"请围绕主题“思乡”创作一首五言绝句。
要求：只输出诗词正文，不要标题、解释、赏析、序号或任何说明文字。
格式要求：五言绝句为四句、每句五个汉字；七言绝句为四句、每句七个汉字。",吾弟在何处，归期未有涯。日斜牛背笛，独自下田家。,True,4,"[5, 5, 5, 5]",[]
T0232,theme_generation,离别,七言绝句,"请围绕主题“离别”创作一首七言绝句。
要求：只输出诗词正文，不要标题、解释、赏析、序号或任何说明文字。
格式要求：五言绝句为四句、每句五个汉字；七言绝句为四句、每句七个汉字。",风清柳丝垂，日暖花枝软。春意满芳草，离愁不胜远。,False,4,"[5, 5, 5, 5]","[""第 1 句字数错误：期望 7 字，实际 5 字"", ""第 2 句字数错误：期望 7 字，实际 5 字"", ""第 3 句字数错误：期望 7 字，实际 5 字"", ""第 4 句字数错误：期望 7 字，实际 5 字""]"
T0233,theme_generation,相思,五言绝句,"请围绕主题“相思”创作一首五言绝句。
要求：只输出诗词正文，不要标题、解释、赏析、序号或任何说明文字。
格式要求：五言绝句为四句、每句五个汉字；七言绝句为四句、每句七个汉字。",思君不见君，明月照孤影。夜静不成眠，西楼月华冷。,True,4,"[5, 5, 5, 5]",[]
T0234,theme_generation,孤独,七言绝句,"请围绕主题“孤独”创作一首七言绝句。
要求：只输出诗词正文，不要标题、解释、赏析、序号或任何说明文字。
格式要求：五言绝句为四句、每句五个汉字；七言绝句为四句、每句七个汉字。",孤影一何孤，客愁千万绪。月落更漏阑，蛩吟寒雨度。,False,4,"[5, 5, 5, 5]","[""第 1 句字数错误：期望 7 字，实际 5 字"", ""第 2 句字数错误：期望 7 字，实际 5 字"", ""第 3 句字数错误：期望 7 字，实际 5 字"", ""第 4 句字数错误：期望 7 字，实际 5 字""]"
T0235,theme_generation,怀古,五言绝句,"请围绕主题“怀古”创作一首五言绝句。
要求：只输出诗词正文，不要标题、解释、赏析、序号或任何说明文字。
格式要求：五言绝句为四句、每句五个汉字；七言绝句为四句、每句七个汉字。",曾见汉武时，金盘捧露珠。如何茂陵下，唯见一丘墟。,True,4,"[5, 5, 5, 5]",[]
T0236,theme_generation,忧愁,七言绝句,"请围绕主题“忧愁”创作一首七言绝句。
要求：只输出诗词正文，不要标题、解释、赏析、序号或任何说明文字。
格式要求：五言绝句为四句、每句五个汉字；七言绝句为四句、每句七个汉字。",行役未归家，双眉先自爬。春风吹客枕，又报海棠花。,False,4,"[5, 5, 5, 5]","[""第 1 句字数错误：期望 7 字，实际 5 字"", ""第 2 句字数错误：期望 7 字，实际 5 字"", ""第 3 句字数错误：期望 7 字，实际 5 字"", ""第 4 句字数错误：期望 7 字，实际 5 字""]"
T0237,theme_generation,喜悦,五言绝句,"请围绕主题“喜悦”创作一首五言绝句。
要求：只输出诗词正文，不要标题、解释、赏析、序号或任何说明文字。
格式要求：五言绝句为四句、每句五个汉字；七言绝句为四句、每句七个汉字。",见说新秋至，思君情脉脉。相思在何处，吹角望京雒。,True,4,"[5, 5, 5, 5]",[]
T0238,theme_generation,闲适,七言绝句,"请围绕主题“闲适”创作一首七言绝句。
要求：只输出诗词正文，不要标题、解释、赏析、序号或任何说明文字。
格式要求：五言绝句为四句、每句五个汉字；七言绝句为四句、每句七个汉字。",静对梅花酒一壶，自拈残菊泛金杯。何须更待山公意，今夕清欢已不猜。,True,4,"[7, 7, 7, 7]",[]
T0239,theme_generation,感怀,五言绝句,"请围绕主题“感怀”创作一首五言绝句。
要求：只输出诗词正文，不要标题、解释、赏析、序号或任何说明文字。
格式要求：五言绝句为四句、每句五个汉字；七言绝句为四句、每句七个汉字。",故人书不来，雁断鱼沈信。愁坐到初更，寒虫鸣四垠。,True,4,"[5, 5, 5, 5]",[]
T0240,theme_generation,伤春,七言绝句,"请围绕主题“伤春”创作一首七言绝句。
要求：只输出诗词正文，不要标题、解释、赏析、序号或任何说明文字。
格式要求：五言绝句为四句、每句五个汉字；七言绝句为四句、每句七个汉字。",二月杨花飘又落，那堪飞尽复飞来。游丝无数还相绊，似共春愁两处催。,True,4,"[7, 7, 7, 7]",[]
T0241,theme_generation,人生,五言绝句,"请围绕主题“人生”创作一首五言绝句。
要求：只输出诗词正文，不要标题、解释、赏析、序号或任何说明文字。
格式要求：五言绝句为四句、每句五个汉字；七言绝句为四句、每句七个汉字。",人生有命分，富贵岂妄来。一贫守何疑，但使心悠哉。,True,4,"[5, 5, 5, 5]",[]
T0242,theme_generation,时光,七言绝句,"请围绕主题“时光”创作一首七言绝句。
要求：只输出诗词正文，不要标题、解释、赏析、序号或任何说明文字。
格式要求：五言绝句为四句、每句五个汉字；七言绝句为四句、每句七个汉字。",光景不相待，一去百不还。空余万籁息，长送白日闲。。。。,False,4,"[5, 5, 5, 5]","[""第 1 句字数错误：期望 7 字，实际 5 字"", ""第 2 句字数错误：期望 7 字，实际 5 字"", ""第 3 句字数错误：期望 7 字，实际 5 字"", ""第 4 句字数错误：期望 7 字，实际 5 字""]"
T0243,theme_generation,梦想,五言绝句,"请围绕主题“梦想”创作一首五言绝句。
要求：只输出诗词正文，不要标题、解释、赏析、序号或任何说明文字。
格式要求：五言绝句为四句、每句五个汉字；七言绝句为四句、每句七个汉字。",梦想通方广，冥心达本源。玄关一开锁，便是出家人。,True,4,"[5, 5, 5, 5]",[]
T0244,theme_generation,远方,七言绝句,"请围绕主题“远方”创作一首七言绝句。
要求：只输出诗词正文，不要标题、解释、赏析、序号或任何说明文字。
格式要求：五言绝句为四句、每句五个汉字；七言绝句为四句、每句七个汉字。",远望白云合，遥知白鹭栖。西村归兴动，日没更添低。,False,4,"[5, 5, 5, 5]","[""第 1 句字数错误：期望 7 字，实际 5 字"", ""第 2 句字数错误：期望 7 字，实际 5 字"", ""第 3 句字数错误：期望 7 字，实际 5 字"", ""第 4 句字数错误：期望 7 字，实际 5 字""]"
T0245,theme_generation,归隐,五言绝句,"请围绕主题“归隐”创作一首五言绝句。
要求：只输出诗词正文，不要标题、解释、赏析、序号或任何说明文字。
格式要求：五言绝句为四句、每句五个汉字；七言绝句为四句、每句七个汉字。",老鹤思寥廓，青山念岌嶪。终当谢尘网，从此谐幽适。,True,4,"[5, 5, 5, 5]",[]
T0246,theme_generation,漂泊,七言绝句,"请围绕主题“漂泊”创作一首七言绝句。
要求：只输出诗词正文，不要标题、解释、赏析、序号或任何说明文字。
格式要求：五言绝句为四句、每句五个汉字；七言绝句为四句、每句七个汉字。",老境知天命，浮生听物华。病来情味减，酒浅客思家。,False,4,"[5, 5, 5, 5]","[""第 1 句字数错误：期望 7 字，实际 5 字"", ""第 2 句字数错误：期望 7 字，实际 5 字"", ""第 3 句字数错误：期望 7 字，实际 5 字"", ""第 4 句字数错误：期望 7 字，实际 5 字""]"
T0247,theme_generation,壮志,五言绝句,"请围绕主题“壮志”创作一首五言绝句。
要求：只输出诗词正文，不要标题、解释、赏析、序号或任何说明文字。
格式要求：五言绝句为四句、每句五个汉字；七言绝句为四句、每句七个汉字。",壮志平生在，胡颜八十余。虽云齿发脱，犹喜气粗舒。,True,4,"[5, 5, 5, 5]",[]
T0248,theme_generation,知己,七言绝句,"请围绕主题“知己”创作一首七言绝句。
要求：只输出诗词正文，不要标题、解释、赏析、序号或任何说明文字。
格式要求：五言绝句为四句、每句五个汉字；七言绝句为四句、每句七个汉字。",山高云欲雨，水落石长流。我醉君知否，樽前舞柳柔。,False,4,"[5, 5, 5, 5]","[""第 1 句字数错误：期望 7 字，实际 5 字"", ""第 2 句字数错误：期望 7 字，实际 5 字"", ""第 3 句字数错误：期望 7 字，实际 5 字"", ""第 4 句字数错误：期望 7 字，实际 5 字""]"
T0249,theme_generation,故人,五言绝句,"请围绕主题“故人”创作一首五言绝句。
要求：只输出诗词正文，不要标题、解释、赏析、序号或任何说明文字。
格式要求：五言绝句为四句、每句五个汉字；七言绝句为四句、每句七个汉字。",故人隔河山，岁晚更谁言。安得鸿毛羽，相随飞上天。,True,4,"[5, 5, 5, 5]",[]
T0250,theme_generation,岁月,七言绝句,"请围绕主题“岁月”创作一首七言绝句。
要求：只输出诗词正文，不要标题、解释、赏析、序号或任何说明文字。
格式要求：五言绝句为四句、每句五个汉字；七言绝句为四句、每句七个汉字。",人生百年期，寒暑七十稀。若言无过时，此语亦不非。。。。。,False,4,"[5, 5, 5, 5]","[""第 1 句字数错误：期望 7 字，实际 5 字"", ""第 2 句字数错误：期望 7 字，实际 5 字"", ""第 3 句字数错误：期望 7 字，实际 5 字"", ""第 4 句字数错误：期望 7 字，实际 5 字""]"
T0251,theme_generation,边塞,五言绝句,"请围绕主题“边塞”创作一首五言绝句。
要求：只输出诗词正文，不要标题、解释、赏析、序号或任何说明文字。
格式要求：五言绝句为四句、每句五个汉字；七言绝句为四句、每句七个汉字。",古木拥寒溪，荒烟生远树。小立久无言，白云如有顾。,True,4,"[5, 5, 5, 5]",[]
T0252,theme_generation,田园,七言绝句,"请围绕主题“田园”创作一首七言绝句。
要求：只输出诗词正文，不要标题、解释、赏析、序号或任何说明文字。
格式要求：五言绝句为四句、每句五个汉字；七言绝句为四句、每句七个汉字。",种竹已终年，今始见新笋。绿玉森可爱，青瑶何足数。,False,4,"[5, 5, 5, 5]","[""第 1 句字数错误：期望 7 字，实际 5 字"", ""第 2 句字数错误：期望 7 字，实际 5 字"", ""第 3 句字数错误：期望 7 字，实际 5 字"", ""第 4 句字数错误：期望 7 字，实际 5 字""]"
T0253,theme_generation,江南,五言绝句,"请围绕主题“江南”创作一首五言绝句。
要求：只输出诗词正文，不要标题、解释、赏析、序号或任何说明文字。
格式要求：五言绝句为四句、每句五个汉字；七言绝句为四句、每句七个汉字。",烟波平楚外，山色翠微中。莫问桃源路，仙源不可通。,True,4,"[5, 5, 5, 5]",[]
T0254,theme_generation,长安,七言绝句,"请围绕主题“长安”创作一首七言绝句。
要求：只输出诗词正文，不要标题、解释、赏析、序号或任何说明文字。
格式要求：五言绝句为四句、每句五个汉字；七言绝句为四句、每句七个汉字。",自笑年高眼未花，长安陌上却还家。少年虽是看花马，也奈春寒睡思斜。,True,4,"[7, 7, 7, 7]",[]
T0255,theme_generation,古寺,五言绝句,"请围绕主题“古寺”创作一首五言绝句。
要求：只输出诗词正文，不要标题、解释、赏析、序号或任何说明文字。
格式要求：五言绝句为四句、每句五个汉字；七言绝句为四句、每句七个汉字。",残僧三四辈，小阁两三间。却笑吾庐陋，无山可看山。,True,4,"[5, 5, 5, 5]",[]
T0256,theme_generation,夜雨,七言绝句,"请围绕主题“夜雨”创作一首七言绝句。
要求：只输出诗词正文，不要标题、解释、赏析、序号或任何说明文字。
格式要求：五言绝句为四句、每句五个汉字；七言绝句为四句、每句七个汉字。",幽人临水坐吟诗，落尽庭前万点枝。昨夜三更风雨过，不知春色到花时。,True,4,"[7, 7, 7, 7]",[]
T0257,theme_generation,客栈,五言绝句,"请围绕主题“客栈”创作一首五言绝句。
要求：只输出诗词正文，不要标题、解释、赏析、序号或任何说明文字。
格式要求：五言绝句为四句、每句五个汉字；七言绝句为四句、每句七个汉字。",一室如悬磬，无人知所住。唯有铁牛儿，分明解语去。,True,4,"[5, 5, 5, 5]",[]
T0258,theme_generation,渡口,七言绝句,"请围绕主题“渡口”创作一首七言绝句。
要求：只输出诗词正文，不要标题、解释、赏析、序号或任何说明文字。
格式要求：五言绝句为四句、每句五个汉字；七言绝句为四句、每句七个汉字。",渡口危矶石岸斜，夜凉风急客思家。芦花两岸迎秋色，枫叶千林染暮霞。,True,4,"[7, 7, 7, 7]",[]
T0259,theme_generation,山村,五言绝句,"请围绕主题“山村”创作一首五言绝句。
要求：只输出诗词正文，不要标题、解释、赏析、序号或任何说明文字。
格式要求：五言绝句为四句、每句五个汉字；七言绝句为四句、每句七个汉字。",茅屋半临溪，藤萝绕短篱。野人常独往，日暮掩松扉。,True,4,"[5, 5, 5, 5]",[]
T0260,theme_generation,渔家,七言绝句,"请围绕主题“渔家”创作一首七言绝句。
要求：只输出诗词正文，不要标题、解释、赏析、序号或任何说明文字。
格式要求：五言绝句为四句、每句五个汉字；七言绝句为四句、每句七个汉字。",江头老钓翁，一蓑一纶筒。得鱼沽酒店，独唱渔家风。,False,4,"[5, 5, 5, 5]","[""第 1 句字数错误：期望 7 字，实际 5 字"", ""第 2 句字数错误：期望 7 字，实际 5 字"", ""第 3 句字数错误：期望 7 字，实际 5 字"", ""第 4 句字数错误：期望 7 字，实际 5 字""]"
T0261,theme_generation,美酒,五言绝句,"请围绕主题“美酒”创作一首五言绝句。
要求：只输出诗词正文，不要标题、解释、赏析、序号或任何说明文字。
格式要求：五言绝句为四句、每句五个汉字；七言绝句为四句、每句七个汉字。",莫愁不饮亦无伤，但愿樽中有酒觞。更喜新秋胜春昼，,False,3,"[7, 7, 7]","[""句数错误：期望 4 句，实际 3 句"", ""第 1 句字数错误：期望 5 字，实际 7 字"", ""第 2 句字数错误：期望 5 字，实际 7 字"", ""第 3 句字数错误：期望 5 字，实际 7 字""]"
T0262,theme_generation,琴声,七言绝句,"请围绕主题“琴声”创作一首七言绝句。
要求：只输出诗词正文，不要标题、解释、赏析、序号或任何说明文字。
格式要求：五言绝句为四句、每句五个汉字；七言绝句为四句、每句七个汉字。",玉轸风生指法流，一声清韵到云浮。梅花如有传心诀，莫遣人间俗耳求。,True,4,"[7, 7, 7, 7]",[]
T0263,theme_generation,书卷,五言绝句,"请围绕主题“书卷”创作一首五言绝句。
要求：只输出诗词正文，不要标题、解释、赏析、序号或任何说明文字。
格式要求：五言绝句为四句、每句五个汉字；七言绝句为四句、每句七个汉字。",卷里乾坤大，人间百岁身。谁知白日短，朝过暮又新。,True,4,"[5, 5, 5, 5]",[]
T0264,theme_generation,灯火,七言绝句,"请围绕主题“灯火”创作一首七言绝句。
要求：只输出诗词正文，不要标题、解释、赏析、序号或任何说明文字。
格式要求：五言绝句为四句、每句五个汉字；七言绝句为四句、每句七个汉字。",灯火照寒窗，饥肠自不忙。一蓑谁会我，归去钓沧浪。,False,4,"[5, 5, 5, 5]","[""第 1 句字数错误：期望 7 字，实际 5 字"", ""第 2 句字数错误：期望 7 字，实际 5 字"", ""第 3 句字数错误：期望 7 字，实际 5 字"", ""第 4 句字数错误：期望 7 字，实际 5 字""]"
T0265,theme_generation,诗酒,五言绝句,"请围绕主题“诗酒”创作一首五言绝句。
要求：只输出诗词正文，不要标题、解释、赏析、序号或任何说明文字。
格式要求：五言绝句为四句、每句五个汉字；七言绝句为四句、每句七个汉字。",春雨洗落花，醉眠到日西。醒来花满眼，浑不记侬归。,True,4,"[5, 5, 5, 5]",[]
T0266,theme_generation,征人,七言绝句,"请围绕主题“征人”创作一首七言绝句。
要求：只输出诗词正文，不要标题、解释、赏析、序号或任何说明文字。
格式要求：五言绝句为四句、每句五个汉字；七言绝句为四句、每句七个汉字。",路傍古碣存，字字生春草。谁知千载后，更有行人到。。。。,False,4,"[5, 5, 5, 5]","[""第 1 句字数错误：期望 7 字，实际 5 字"", ""第 2 句字数错误：期望 7 字，实际 5 字"", ""第 3 句字数错误：期望 7 字，实际 5 字"", ""第 4 句字数错误：期望 7 字，实际 5 字""]"
T0267,theme_generation,游子,五言绝句,"请围绕主题“游子”创作一首五言绝句。
要求：只输出诗词正文，不要标题、解释、赏析、序号或任何说明文字。
格式要求：五言绝句为四句、每句五个汉字；七言绝句为四句、每句七个汉字。",江上三杯酒，天涯万里心。故人今不见，流涕向遥林。,True,4,"[5, 5, 5, 5]",[]
T0268,theme_generation,故乡,七言绝句,"请围绕主题“故乡”创作一首七言绝句。
要求：只输出诗词正文，不要标题、解释、赏析、序号或任何说明文字。
格式要求：五言绝句为四句、每句五个汉字；七言绝句为四句、每句七个汉字。",山川何在吾愁绝，日月无光我寂寥。安得东归耕雨露，又随春色过溪桥。,True,4,"[7, 7, 7, 7]",[]
T0269,theme_generation,关山,五言绝句,"请围绕主题“关山”创作一首五言绝句。
要求：只输出诗词正文，不要标题、解释、赏析、序号或任何说明文字。
格式要求：五言绝句为四句、每句五个汉字；七言绝句为四句、每句七个汉字。",古来征戍子，何者不思归。唯有河源水，年年南入围。,True,4,"[5, 5, 5, 5]",[]
T0270,theme_generation,楼台,七言绝句,"请围绕主题“楼台”创作一首七言绝句。
要求：只输出诗词正文，不要标题、解释、赏析、序号或任何说明文字。
格式要求：五言绝句为四句、每句五个汉字；七言绝句为四句、每句七个汉字。",楼台一簇烟，渺渺碧溪边。山近寒尤峭，春归草自芊。,False,4,"[5, 5, 5, 5]","[""第 1 句字数错误：期望 7 字，实际 5 字"", ""第 2 句字数错误：期望 7 字，实际 5 字"", ""第 3 句字数错误：期望 7 字，实际 5 字"", ""第 4 句字数错误：期望 7 字，实际 5 字""]"
T0271,theme_generation,晨景,五言绝句,"请围绕主题“晨景”创作一首五言绝句。
要求：只输出诗词正文，不要标题、解释、赏析、序号或任何说明文字。
格式要求：五言绝句为四句、每句五个汉字；七言绝句为四句、每句七个汉字。",残灯收焰小，宿雨散云多。风紧寒声急，窗虚晓影和。,True,4,"[5, 5, 5, 5]",[]
T0272,theme_generation,暮景,七言绝句,"请围绕主题“暮景”创作一首七言绝句。
要求：只输出诗词正文，不要标题、解释、赏析、序号或任何说明文字。
格式要求：五言绝句为四句、每句五个汉字；七言绝句为四句、每句七个汉字。",晚日半斜照，寒鸦接数行。不知谁家笛，吹过乱山长。。。。。,False,4,"[5, 5, 5, 5]","[""第 1 句字数错误：期望 7 字，实际 5 字"", ""第 2 句字数错误：期望 7 字，实际 5 字"", ""第 3 句字数错误：期望 7 字，实际 5 字"", ""第 4 句字数错误：期望 7 字，实际 5 字""]"
T0273,theme_generation,湖上,五言绝句,"请围绕主题“湖上”创作一首五言绝句。
要求：只输出诗词正文，不要标题、解释、赏析、序号或任何说明文字。
格式要求：五言绝句为四句、每句五个汉字；七言绝句为四句、每句七个汉字。",湖面无风快，荷花笑水纹。谁家渔父钓，惊起白鸥群。,True,4,"[5, 5, 5, 5]",[]
T0274,theme_generation,溪边,七言绝句,"请围绕主题“溪边”创作一首七言绝句。
要求：只输出诗词正文，不要标题、解释、赏析、序号或任何说明文字。
格式要求：五言绝句为四句、每句五个汉字；七言绝句为四句、每句七个汉字。",溪边春水涨悠悠，野岸无人独倚楼。想见小舟撑处稳，绿杨风里过汀洲。,True,4,"[7, 7, 7, 7]",[]
T0275,theme_generation,山寺,五言绝句,"请围绕主题“山寺”创作一首五言绝句。
要求：只输出诗词正文，不要标题、解释、赏析、序号或任何说明文字。
格式要求：五言绝句为四句、每句五个汉字；七言绝句为四句、每句七个汉字。",千岩万壑间，独上最高峰。四面山俱合，中间路不通。,True,4,"[5, 5, 5, 5]",[]
T0276,theme_generation,秋夜,七言绝句,"请围绕主题“秋夜”创作一首七言绝句。
要求：只输出诗词正文，不要标题、解释、赏析、序号或任何说明文字。
格式要求：五言绝句为四句、每句五个汉字；七言绝句为四句、每句七个汉字。",风露悲清商，河汉耿寒星。空阶一叶下，应知蟋蟀情。,False,4,"[5, 5, 5, 5]","[""第 1 句字数错误：期望 7 字，实际 5 字"", ""第 2 句字数错误：期望 7 字，实际 5 字"", ""第 3 句字数错误：期望 7 字，实际 5 字"", ""第 4 句字数错误：期望 7 字，实际 5 字""]"
T0277,theme_generation,春游,五言绝句,"请围绕主题“春游”创作一首五言绝句。
要求：只输出诗词正文，不要标题、解释、赏析、序号或任何说明文字。
格式要求：五言绝句为四句、每句五个汉字；七言绝句为四句、每句七个汉字。",柳色遮楼暗，桐花满地香。高楼谁家女，凭槛独吹箫。,True,4,"[5, 5, 5, 5]",[]
T0278,theme_generation,送别,七言绝句,"请围绕主题“送别”创作一首七言绝句。
要求：只输出诗词正文，不要标题、解释、赏析、序号或任何说明文字。
格式要求：五言绝句为四句、每句五个汉字；七言绝句为四句、每句七个汉字。",江外春流急，舟行似有归。因君问京口，惆怅故山薇。,False,4,"[5, 5, 5, 5]","[""第 1 句字数错误：期望 7 字，实际 5 字"", ""第 2 句字数错误：期望 7 字，实际 5 字"", ""第 3 句字数错误：期望 7 字，实际 5 字"", ""第 4 句字数错误：期望 7 字，实际 5 字""]"
T0279,theme_generation,登高,五言绝句,"请围绕主题“登高”创作一首五言绝句。
要求：只输出诗词正文，不要标题、解释、赏析、序号或任何说明文字。
格式要求：五言绝句为四句、每句五个汉字；七言绝句为四句、每句七个汉字。",岁事今无几，年华去若飞。重阳虽可醉，未减病夫衰。,True,4,"[5, 5, 5, 5]",[]
T0280,theme_generation,望月,七言绝句,"请围绕主题“望月”创作一首七言绝句。
要求：只输出诗词正文，不要标题、解释、赏析、序号或任何说明文字。
格式要求：五言绝句为四句、每句五个汉字；七言绝句为四句、每句七个汉字。",霜夜何其冷，山居梦亦醒。更添孤雁叫，似遣客愁听。,False,4,"[5, 5, 5, 5]","[""第 1 句字数错误：期望 7 字，实际 5 字"", ""第 2 句字数错误：期望 7 字，实际 5 字"", ""第 3 句字数错误：期望 7 字，实际 5 字"", ""第 4 句字数错误：期望 7 字，实际 5 字""]"
T0281,theme_generation,听雨,五言绝句,"请围绕主题“听雨”创作一首五言绝句。
要求：只输出诗词正文，不要标题、解释、赏析、序号或任何说明文字。
格式要求：五言绝句为四句、每句五个汉字；七言绝句为四句、每句七个汉字。",客枕不成梦，愁云低覆城。一窗秋雨细，深屋夜蛩鸣。,True,4,"[5, 5, 5, 5]",[]
T0282,theme_generation,赏花,七言绝句,"请围绕主题“赏花”创作一首七言绝句。
要求：只输出诗词正文，不要标题、解释、赏析、序号或任何说明文字。
格式要求：五言绝句为四句、每句五个汉字；七言绝句为四句、每句七个汉字。",春光满院落，寒食一枝新。醉里看花眼，愁中向柳身。,False,4,"[5, 5, 5, 5]","[""第 1 句字数错误：期望 7 字，实际 5 字"", ""第 2 句字数错误：期望 7 字，实际 5 字"", ""第 3 句字数错误：期望 7 字，实际 5 字"", ""第 4 句字数错误：期望 7 字，实际 5 字""]"
T0283,theme_generation,观潮,五言绝句,"请围绕主题“观潮”创作一首五言绝句。
要求：只输出诗词正文，不要标题、解释、赏析、序号或任何说明文字。
格式要求：五言绝句为四句、每句五个汉字；七言绝句为四句、每句七个汉字。",八月十五夜，秋高月正圆。谁将海外浪，搬入镜中看。,True,4,"[5, 5, 5, 5]",[]
T0284,theme_generation,塞外,七言绝句,"请围绕主题“塞外”创作一首七言绝句。
要求：只输出诗词正文，不要标题、解释、赏析、序号或任何说明文字。
格式要求：五言绝句为四句、每句五个汉字；七言绝句为四句、每句七个汉字。",塞外何年别，寒云惨不舒。临岐欲珍重，回首望龙居。,False,4,"[5, 5, 5, 5]","[""第 1 句字数错误：期望 7 字，实际 5 字"", ""第 2 句字数错误：期望 7 字，实际 5 字"", ""第 3 句字数错误：期望 7 字，实际 5 字"", ""第 4 句字数错误：期望 7 字，实际 5 字""]"
T0285,theme_generation,军旅,五言绝句,"请围绕主题“军旅”创作一首五言绝句。
要求：只输出诗词正文，不要标题、解释、赏析、序号或任何说明文字。
格式要求：五言绝句为四句、每句五个汉字；七言绝句为四句、每句七个汉字。",万里长征人，关山几断魂。不知归日远，空惜别家门。,True,4,"[5, 5, 5, 5]",[]
T0286,theme_generation,宫怨,七言绝句,"请围绕主题“宫怨”创作一首七言绝句。
要求：只输出诗词正文，不要标题、解释、赏析、序号或任何说明文字。
格式要求：五言绝句为四句、每句五个汉字；七言绝句为四句、每句七个汉字。",自是君恩断，何曾妾梦长。空馀玳瑁席，却掩翠屏光。,False,4,"[5, 5, 5, 5]","[""第 1 句字数错误：期望 7 字，实际 5 字"", ""第 2 句字数错误：期望 7 字，实际 5 字"", ""第 3 句字数错误：期望 7 字，实际 5 字"", ""第 4 句字数错误：期望 7 字，实际 5 字""]"
T0287,theme_generation,闺思,五言绝句,"请围绕主题“闺思”创作一首五言绝句。
要求：只输出诗词正文，不要标题、解释、赏析、序号或任何说明文字。
格式要求：五言绝句为四句、每句五个汉字；七言绝句为四句、每句七个汉字。",杨柳千寻色，桃花一苑芳。风吹入帘里，惟有惹衣香。,True,4,"[5, 5, 5, 5]",[]
T0288,theme_generation,农家,七言绝句,"请围绕主题“农家”创作一首七言绝句。
要求：只输出诗词正文，不要标题、解释、赏析、序号或任何说明文字。
格式要求：五言绝句为四句、每句五个汉字；七言绝句为四句、每句七个汉字。",长镵在树头，短耒在泥里。舍下食人饥，舍上蚕僵死。天公岂忘我，,False,5,"[5, 5, 5, 5, 5]","[""句数错误：期望 4 句，实际 5 句"", ""第 1 句字数错误：期望 7 字，实际 5 字"", ""第 2 句字数错误：期望 7 字，实际 5 字"", ""第 3 句字数错误：期望 7 字，实际 5 字"", ""第 4 句字数错误：期望 7 字，实际 5 字"", ""第 5 句字数错误：期望 7 字，实际 5 字""]"
T0289,theme_generation,渔舟,五言绝句,"请围绕主题“渔舟”创作一首五言绝句。
要求：只输出诗词正文，不要标题、解释、赏析、序号或任何说明文字。
格式要求：五言绝句为四句、每句五个汉字；七言绝句为四句、每句七个汉字。",渔舟泛横渚，野艇泊烟波。一叶小如鸟，数声来似梭。,True,4,"[5, 5, 5, 5]",[]
T0290,theme_generation,山居,七言绝句,"请围绕主题“山居”创作一首七言绝句。
要求：只输出诗词正文，不要标题、解释、赏析、序号或任何说明文字。
格式要求：五言绝句为四句、每句五个汉字；七言绝句为四句、每句七个汉字。",一麾才出帝城东，便隔秦关万仞峰。此去定知成野老，松间石上倚筇终。,True,4,"[7, 7, 7, 7]",[]
T0291,theme_generation,旅夜,五言绝句,"请围绕主题“旅夜”创作一首五言绝句。
要求：只输出诗词正文，不要标题、解释、赏析、序号或任何说明文字。
格式要求：五言绝句为四句、每句五个汉字；七言绝句为四句、每句七个汉字。",独坐愁不语，西风生鬓毛。微凉暗袭人，雨声在芭蕉。,True,4,"[5, 5, 5, 5]",[]
T0292,theme_generation,夏雨,七言绝句,"请围绕主题“夏雨”创作一首七言绝句。
要求：只输出诗词正文，不要标题、解释、赏析、序号或任何说明文字。
格式要求：五言绝句为四句、每句五个汉字；七言绝句为四句、每句七个汉字。",夏雨忽来时，蛙声满小池。池塘春草长，好去问王维。,False,4,"[5, 5, 5, 5]","[""第 1 句字数错误：期望 7 字，实际 5 字"", ""第 2 句字数错误：期望 7 字，实际 5 字"", ""第 3 句字数错误：期望 7 字，实际 5 字"", ""第 4 句字数错误：期望 7 字，实际 5 字""]"
T0293,theme_generation,冬夜,五言绝句,"请围绕主题“冬夜”创作一首五言绝句。
要求：只输出诗词正文，不要标题、解释、赏析、序号或任何说明文字。
格式要求：五言绝句为四句、每句五个汉字；七言绝句为四句、每句七个汉字。",雪满空庭月，人愁半夜霜。可怜窗外柳，犹是旧时黄。,True,4,"[5, 5, 5, 5]",[]
T0294,theme_generation,梅雪,七言绝句,"请围绕主题“梅雪”创作一首七言绝句。
要求：只输出诗词正文，不要标题、解释、赏析、序号或任何说明文字。
格式要求：五言绝句为四句、每句五个汉字；七言绝句为四句、每句七个汉字。",梅雪才零落，兰花已满园。老翁浑忘却，犹记小黄昏。,False,4,"[5, 5, 5, 5]","[""第 1 句字数错误：期望 7 字，实际 5 字"", ""第 2 句字数错误：期望 7 字，实际 5 字"", ""第 3 句字数错误：期望 7 字，实际 5 字"", ""第 4 句字数错误：期望 7 字，实际 5 字""]"
T0295,theme_generation,兰亭,五言绝句,"请围绕主题“兰亭”创作一首五言绝句。
要求：只输出诗词正文，不要标题、解释、赏析、序号或任何说明文字。
格式要求：五言绝句为四句、每句五个汉字；七言绝句为四句、每句七个汉字。",千古兴亡泪，千秋书传家。一觞谁举白，三叹我怀賖。,True,4,"[5, 5, 5, 5]",[]
T0296,theme_generation,边月,七言绝句,"请围绕主题“边月”创作一首七言绝句。
要求：只输出诗词正文，不要标题、解释、赏析、序号或任何说明文字。
格式要求：五言绝句为四句、每句五个汉字；七言绝句为四句、每句七个汉字。",戍鼓一声闲角断，征人犹未眠。雁飞南浦月，照我故乡天。,False,4,"[7, 5, 5, 5]","[""第 2 句字数错误：期望 7 字，实际 5 字"", ""第 3 句字数错误：期望 7 字，实际 5 字"", ""第 4 句字数错误：期望 7 字，实际 5 字""]"
T0297,theme_generation,江雪,五言绝句,"请围绕主题“江雪”创作一首五言绝句。
要求：只输出诗词正文，不要标题、解释、赏析、序号或任何说明文字。
格式要求：五言绝句为四句、每句五个汉字；七言绝句为四句、每句七个汉字。",北风吹征衣，吹落吴江水。我自爱此声，惭君不归去。,True,4,"[5, 5, 5, 5]",[]
T0298,theme_generation,云梦,七言绝句,"请围绕主题“云梦”创作一首七言绝句。
要求：只输出诗词正文，不要标题、解释、赏析、序号或任何说明文字。
格式要求：五言绝句为四句、每句五个汉字；七言绝句为四句、每句七个汉字。",春至南枝动，芳馥袭人衣。谁裁一片雪，剪缀在瑶池。,False,4,"[5, 5, 5, 5]","[""第 1 句字数错误：期望 7 字，实际 5 字"", ""第 2 句字数错误：期望 7 字，实际 5 字"", ""第 3 句字数错误：期望 7 字，实际 5 字"", ""第 4 句字数错误：期望 7 字，实际 5 字""]"
T0299,theme_generation,雨巷,五言绝句,"请围绕主题“雨巷”创作一首五言绝句。
要求：只输出诗词正文，不要标题、解释、赏析、序号或任何说明文字。
格式要求：五言绝句为四句、每句五个汉字；七言绝句为四句、每句七个汉字。",梅梢疏雨急，柳絮落风微。独往还独宿，无人伴者稀。,True,4,"[5, 5, 5, 5]",[]
T0300,theme_generation,古道,七言绝句,"请围绕主题“古道”创作一首七言绝句。
要求：只输出诗词正文，不要标题、解释、赏析、序号或任何说明文字。
格式要求：五言绝句为四句、每句五个汉字；七言绝句为四句、每句七个汉字。",野色迷行客，烟岚暝远山。平生无限事，都付路旁颜。,False,4,"[5, 5, 5, 5]","[""第 1 句字数错误：期望 7 字，实际 5 字"", ""第 2 句字数错误：期望 7 字，实际 5 字"", ""第 3 句字数错误：期望 7 字，实际 5 字"", ""第 4 句字数错误：期望 7 字，实际 5 字""]"
T0301,theme_generation,春天,五言绝句,"请围绕主题“春天”创作一首五言绝句。
要求：只输出诗词正文，不要标题、解释、赏析、序号或任何说明文字。
格式要求：五言绝句为四句、每句五个汉字；七言绝句为四句、每句七个汉字。",杏花初作团，柳眼才成穗。一雨一风前，未免愁寒意。,True,4,"[5, 5, 5, 5]",[]
T0302,theme_generation,夏日,七言绝句,"请围绕主题“夏日”创作一首七言绝句。
要求：只输出诗词正文，不要标题、解释、赏析、序号或任何说明文字。
格式要求：五言绝句为四句、每句五个汉字；七言绝句为四句、每句七个汉字。",树影乱蝉急，水声喧鹭凉。晚来风有味，荷气扑衣香。,False,4,"[5, 5, 5, 5]","[""第 1 句字数错误：期望 7 字，实际 5 字"", ""第 2 句字数错误：期望 7 字，实际 5 字"", ""第 3 句字数错误：期望 7 字，实际 5 字"", ""第 4 句字数错误：期望 7 字，实际 5 字""]"
T0303,theme_generation,秋思,五言绝句,"请围绕主题“秋思”创作一首五言绝句。
要求：只输出诗词正文，不要标题、解释、赏析、序号或任何说明文字。
格式要求：五言绝句为四句、每句五个汉字；七言绝句为四句、每句七个汉字。",西风入修竹，万叶声撼夜。客子坐中愁，不眠到明灭。,True,4,"[5, 5, 5, 5]",[]
T0304,theme_generation,冬雪,七言绝句,"请围绕主题“冬雪”创作一首七言绝句。
要求：只输出诗词正文，不要标题、解释、赏析、序号或任何说明文字。
格式要求：五言绝句为四句、每句五个汉字；七言绝句为四句、每句七个汉字。",北风吹飞霰，平地玉纷纷。独有岩梅色，依然似故春。,False,4,"[5, 5, 5, 5]","[""第 1 句字数错误：期望 7 字，实际 5 字"", ""第 2 句字数错误：期望 7 字，实际 5 字"", ""第 3 句字数错误：期望 7 字，实际 5 字"", ""第 4 句字数错误：期望 7 字，实际 5 字""]"
T0305,theme_generation,春雨,五言绝句,"请围绕主题“春雨”创作一首五言绝句。
要求：只输出诗词正文，不要标题、解释、赏析、序号或任何说明文字。
格式要求：五言绝句为四句、每句五个汉字；七言绝句为四句、每句七个汉字。",春水绿初涨，南风花正开。凭高无限意，都在望中来。,True,4,"[5, 5, 5, 5]",[]
T0306,theme_generation,秋风,七言绝句,"请围绕主题“秋风”创作一首七言绝句。
要求：只输出诗词正文，不要标题、解释、赏析、序号或任何说明文字。
格式要求：五言绝句为四句、每句五个汉字；七言绝句为四句、每句七个汉字。",山川信美客游稀，白社黄花笑落晖。安得身如陶靖节，归来便作醉翁衣。,True,4,"[7, 7, 7, 7]",[]
T0307,theme_generation,寒冬,五言绝句,"请围绕主题“寒冬”创作一首五言绝句。
要求：只输出诗词正文，不要标题、解释、赏析、序号或任何说明文字。
格式要求：五言绝句为四句、每句五个汉字；七言绝句为四句、每句七个汉字。",寒云收不尽，霜雪落何穷。梅破疏篱月，林深独树风。,True,4,"[5, 5, 5, 5]",[]
T0308,theme_generation,新年,七言绝句,"请围绕主题“新年”创作一首七言绝句。
要求：只输出诗词正文，不要标题、解释、赏析、序号或任何说明文字。
格式要求：五言绝句为四句、每句五个汉字；七言绝句为四句、每句七个汉字。",玉烛调春日自长，一从天宝始知难。今朝又见迎新岁，惟有梅花似旧看。,True,4,"[7, 7, 7, 7]",[]
T0309,theme_generation,清明,五言绝句,"请围绕主题“清明”创作一首五言绝句。
要求：只输出诗词正文，不要标题、解释、赏析、序号或任何说明文字。
格式要求：五言绝句为四句、每句五个汉字；七言绝句为四句、每句七个汉字。",烟雨著林时，朝来一扫移。欲知春色动，处处有新诗。,True,4,"[5, 5, 5, 5]",[]
T0310,theme_generation,中秋,七言绝句,"请围绕主题“中秋”创作一首七言绝句。
要求：只输出诗词正文，不要标题、解释、赏析、序号或任何说明文字。
格式要求：五言绝句为四句、每句五个汉字；七言绝句为四句、每句七个汉字。",今夜月明时，相思独在谁。遥怜小楼角，吹笛又闻砧。。。。。,False,4,"[5, 5, 5, 5]","[""第 1 句字数错误：期望 7 字，实际 5 字"", ""第 2 句字数错误：期望 7 字，实际 5 字"", ""第 3 句字数错误：期望 7 字，实际 5 字"", ""第 4 句字数错误：期望 7 字，实际 5 字""]"
T0311,theme_generation,明月,五言绝句,"请围绕主题“明月”创作一首五言绝句。
要求：只输出诗词正文，不要标题、解释、赏析、序号或任何说明文字。
格式要求：五言绝句为四句、每句五个汉字；七言绝句为四句、每句七个汉字。",照水光相乱，窥簷影似悬。坐来人影散，却恐月移船。,True,4,"[5, 5, 5, 5]",[]
T0312,theme_generation,清风,七言绝句,"请围绕主题“清风”创作一首七言绝句。
要求：只输出诗词正文，不要标题、解释、赏析、序号或任何说明文字。
格式要求：五言绝句为四句、每句五个汉字；七言绝句为四句、每句七个汉字。",亭台花木尽成阴，楼殿笙歌复满襟。此际不须寻水竹，卧听山雨半窗琴。,True,4,"[7, 7, 7, 7]",[]
T0313,theme_generation,山水,五言绝句,"请围绕主题“山水”创作一首五言绝句。
要求：只输出诗词正文，不要标题、解释、赏析、序号或任何说明文字。
格式要求：五言绝句为四句、每句五个汉字；七言绝句为四句、每句七个汉字。",山光接海色，树影混湖光。欲辨已忘言，此意须平章。,True,4,"[5, 5, 5, 5]",[]
T0314,theme_generation,江河,七言绝句,"请围绕主题“江河”创作一首七言绝句。
要求：只输出诗词正文，不要标题、解释、赏析、序号或任何说明文字。
格式要求：五言绝句为四句、每句五个汉字；七言绝句为四句、每句七个汉字。",楚江流不尽，离恨复离情。自是行人意，何须苦赠行。,False,4,"[5, 5, 5, 5]","[""第 1 句字数错误：期望 7 字，实际 5 字"", ""第 2 句字数错误：期望 7 字，实际 5 字"", ""第 3 句字数错误：期望 7 字，实际 5 字"", ""第 4 句字数错误：期望 7 字，实际 5 字""]"
T0315,theme_generation,大海,五言绝句,"请围绕主题“大海”创作一首五言绝句。
要求：只输出诗词正文，不要标题、解释、赏析、序号或任何说明文字。
格式要求：五言绝句为四句、每句五个汉字；七言绝句为四句、每句七个汉字。",大圣何年降，神光照海门。至今潮汐信，终夜动乾坤。,True,4,"[5, 5, 5, 5]",[]
T0316,theme_generation,白云,七言绝句,"请围绕主题“白云”创作一首七言绝句。
要求：只输出诗词正文，不要标题、解释、赏析、序号或任何说明文字。
格式要求：五言绝句为四句、每句五个汉字；七言绝句为四句、每句七个汉字。",云际见孤峰，风前听涧泉。更无一点意，合是祖师禅。,False,4,"[5, 5, 5, 5]","[""第 1 句字数错误：期望 7 字，实际 5 字"", ""第 2 句字数错误：期望 7 字，实际 5 字"", ""第 3 句字数错误：期望 7 字，实际 5 字"", ""第 4 句字数错误：期望 7 字，实际 5 字""]"
T0317,theme_generation,落日,五言绝句,"请围绕主题“落日”创作一首五言绝句。
要求：只输出诗词正文，不要标题、解释、赏析、序号或任何说明文字。
格式要求：五言绝句为四句、每句五个汉字；七言绝句为四句、每句七个汉字。",落日下平芜，孤烟起寒渚。行客问征途，不知何处是。,True,4,"[5, 5, 5, 5]",[]
T0318,theme_generation,晚霞,七言绝句,"请围绕主题“晚霞”创作一首七言绝句。
要求：只输出诗词正文，不要标题、解释、赏析、序号或任何说明文字。
格式要求：五言绝句为四句、每句五个汉字；七言绝句为四句、每句七个汉字。",晚霞明野岸，绿树暗江村。一望乡关远，愁生白帝门。,False,4,"[5, 5, 5, 5]","[""第 1 句字数错误：期望 7 字，实际 5 字"", ""第 2 句字数错误：期望 7 字，实际 5 字"", ""第 3 句字数错误：期望 7 字，实际 5 字"", ""第 4 句字数错误：期望 7 字，实际 5 字""]"
T0319,theme_generation,青山,五言绝句,"请围绕主题“青山”创作一首五言绝句。
要求：只输出诗词正文，不要标题、解释、赏析、序号或任何说明文字。
格式要求：五言绝句为四句、每句五个汉字；七言绝句为四句、每句七个汉字。",一径入松林，清声满山月。夜深天籁寂，中有樵人歇。,True,4,"[5, 5, 5, 5]",[]
T0320,theme_generation,流水,七言绝句,"请围绕主题“流水”创作一首七言绝句。
要求：只输出诗词正文，不要标题、解释、赏析、序号或任何说明文字。
格式要求：五言绝句为四句、每句五个汉字；七言绝句为四句、每句七个汉字。",君看古井水，脉脉在空山。何事桃花片，随波出近湾。,False,4,"[5, 5, 5, 5]","[""第 1 句字数错误：期望 7 字，实际 5 字"", ""第 2 句字数错误：期望 7 字，实际 5 字"", ""第 3 句字数错误：期望 7 字，实际 5 字"", ""第 4 句字数错误：期望 7 字，实际 5 字""]"
T0321,theme_generation,花开,五言绝句,"请围绕主题“花开”创作一首五言绝句。
要求：只输出诗词正文，不要标题、解释、赏析、序号或任何说明文字。
格式要求：五言绝句为四句、每句五个汉字；七言绝句为四句、每句七个汉字。",梅开半林疏，山明一川秀。浩荡襟袖间，天风自清淑。,True,4,"[5, 5, 5, 5]",[]
T0322,theme_generation,落花,七言绝句,"请围绕主题“落花”创作一首七言绝句。
要求：只输出诗词正文，不要标题、解释、赏析、序号或任何说明文字。
格式要求：五言绝句为四句、每句五个汉字；七言绝句为四句、每句七个汉字。",春风吹绿草，春日弄残红。可惜年时艳，飘零不更逢。。。。。。。。。,False,4,"[5, 5, 5, 5]","[""第 1 句字数错误：期望 7 字，实际 5 字"", ""第 2 句字数错误：期望 7 字，实际 5 字"", ""第 3 句字数错误：期望 7 字，实际 5 字"", ""第 4 句字数错误：期望 7 字，实际 5 字""]"
T0323,theme_generation,杨柳,五言绝句,"请围绕主题“杨柳”创作一首五言绝句。
要求：只输出诗词正文，不要标题、解释、赏析、序号或任何说明文字。
格式要求：五言绝句为四句、每句五个汉字；七言绝句为四句、每句七个汉字。",雪消杨柳动，日煖杏花繁。又见春风到，年年忆故园。,True,4,"[5, 5, 5, 5]",[]
T0324,theme_generation,孤舟,七言绝句,"请围绕主题“孤舟”创作一首七言绝句。
要求：只输出诗词正文，不要标题、解释、赏析、序号或任何说明文字。
格式要求：五言绝句为四句、每句五个汉字；七言绝句为四句、每句七个汉字。",沙水晚烟开，孤舟夜泊回。遥知客心苦，满目是归来。,False,4,"[5, 5, 5, 5]","[""第 1 句字数错误：期望 7 字，实际 5 字"", ""第 2 句字数错误：期望 7 字，实际 5 字"", ""第 3 句字数错误：期望 7 字，实际 5 字"", ""第 4 句字数错误：期望 7 字，实际 5 字""]"
T0325,theme_generation,飞鸟,五言绝句,"请围绕主题“飞鸟”创作一首五言绝句。
要求：只输出诗词正文，不要标题、解释、赏析、序号或任何说明文字。
格式要求：五言绝句为四句、每句五个汉字；七言绝句为四句、每句七个汉字。",千山复万山，一水去还来。何处青山好，无愁飞不回。,True,4,"[5, 5, 5, 5]",[]
T0326,theme_generation,寒梅,七言绝句,"请围绕主题“寒梅”创作一首七言绝句。
要求：只输出诗词正文，不要标题、解释、赏析、序号或任何说明文字。
格式要求：五言绝句为四句、每句五个汉字；七言绝句为四句、每句七个汉字。",疏影横斜月正明，暗香浮动酒初醒。天公借与清高格，自是群花未识名。,True,4,"[7, 7, 7, 7]",[]
T0327,theme_generation,竹林,五言绝句,"请围绕主题“竹林”创作一首五言绝句。
要求：只输出诗词正文，不要标题、解释、赏析、序号或任何说明文字。
格式要求：五言绝句为四句、每句五个汉字；七言绝句为四句、每句七个汉字。",修竹两三丛，林梢一鸟通。不因僧借宅，那得此清风。,True,4,"[5, 5, 5, 5]",[]
T0328,theme_generation,松柏,七言绝句,"请围绕主题“松柏”创作一首七言绝句。
要求：只输出诗词正文，不要标题、解释、赏析、序号或任何说明文字。
格式要求：五言绝句为四句、每句五个汉字；七言绝句为四句、每句七个汉字。",岁寒独鹤立，涧水自清流。莫上西陵道，伤君埋玉楼。,False,4,"[5, 5, 5, 5]","[""第 1 句字数错误：期望 7 字，实际 5 字"", ""第 2 句字数错误：期望 7 字，实际 5 字"", ""第 3 句字数错误：期望 7 字，实际 5 字"", ""第 4 句字数错误：期望 7 字，实际 5 字""]"
T0329,theme_generation,荷花,五言绝句,"请围绕主题“荷花”创作一首五言绝句。
要求：只输出诗词正文，不要标题、解释、赏析、序号或任何说明文字。
格式要求：五言绝句为四句、每句五个汉字；七言绝句为四句、每句七个汉字。",秋浦双溪水，芙蓉十里开。郎君久不至，风雨打船来。,True,4,"[5, 5, 5, 5]",[]
T0330,theme_generation,枫叶,七言绝句,"请围绕主题“枫叶”创作一首七言绝句。
要求：只输出诗词正文，不要标题、解释、赏析、序号或任何说明文字。
格式要求：五言绝句为四句、每句五个汉字；七言绝句为四句、每句七个汉字。",枫落秋江客，长风白浪平。何人独张屐，古岸自垂缨。。。。。,False,4,"[5, 5, 5, 5]","[""第 1 句字数错误：期望 7 字，实际 5 字"", ""第 2 句字数错误：期望 7 字，实际 5 字"", ""第 3 句字数错误：期望 7 字，实际 5 字"", ""第 4 句字数错误：期望 7 字，实际 5 字""]"
T0331,theme_generation,思乡,五言绝句,"请围绕主题“思乡”创作一首五言绝句。
要求：只输出诗词正文，不要标题、解释、赏析、序号或任何说明文字。
格式要求：五言绝句为四句、每句五个汉字；七言绝句为四句、每句七个汉字。",行役何时尽，登临此路长。云间雁影乱，枫下草虫伤。,True,4,"[5, 5, 5, 5]",[]
T0332,theme_generation,离别,七言绝句,"请围绕主题“离别”创作一首七言绝句。
要求：只输出诗词正文，不要标题、解释、赏析、序号或任何说明文字。
格式要求：五言绝句为四句、每句五个汉字；七言绝句为四句、每句七个汉字。",离恨心难写，相思泪满巾。君行能驻马，遥听马嘶声。,False,4,"[5, 5, 5, 5]","[""第 1 句字数错误：期望 7 字，实际 5 字"", ""第 2 句字数错误：期望 7 字，实际 5 字"", ""第 3 句字数错误：期望 7 字，实际 5 字"", ""第 4 句字数错误：期望 7 字，实际 5 字""]"
T0333,theme_generation,相思,五言绝句,"请围绕主题“相思”创作一首五言绝句。
要求：只输出诗词正文，不要标题、解释、赏析、序号或任何说明文字。
格式要求：五言绝句为四句、每句五个汉字；七言绝句为四句、每句七个汉字。",忆得南朝时，君臣自相杀。至今湘水头，草树无人惹。,True,4,"[5, 5, 5, 5]",[]
T0334,theme_generation,孤独,七言绝句,"请围绕主题“孤独”创作一首七言绝句。
要求：只输出诗词正文，不要标题、解释、赏析、序号或任何说明文字。
格式要求：五言绝句为四句、每句五个汉字；七言绝句为四句、每句七个汉字。",野水通江白，春阴带雨浓。孤舟不系缆，自去远相从。,False,4,"[5, 5, 5, 5]","[""第 1 句字数错误：期望 7 字，实际 5 字"", ""第 2 句字数错误：期望 7 字，实际 5 字"", ""第 3 句字数错误：期望 7 字，实际 5 字"", ""第 4 句字数错误：期望 7 字，实际 5 字""]"
T0335,theme_generation,怀古,五言绝句,"请围绕主题“怀古”创作一首五言绝句。
要求：只输出诗词正文，不要标题、解释、赏析、序号或任何说明文字。
格式要求：五言绝句为四句、每句五个汉字；七言绝句为四句、每句七个汉字。",玉雪风标处，应无折桂年。空余三尺劒，吹作九秋寒。,True,4,"[5, 5, 5, 5]",[]
T0336,theme_generation,忧愁,七言绝句,"请围绕主题“忧愁”创作一首七言绝句。
要求：只输出诗词正文，不要标题、解释、赏析、序号或任何说明文字。
格式要求：五言绝句为四句、每句五个汉字；七言绝句为四句、每句七个汉字。",不须啼鸟唤人愁，春色满城花正流。一病十旬无酒债，自应懒似独醒鸥。,True,4,"[7, 7, 7, 7]",[]
T0337,theme_generation,喜悦,五言绝句,"请围绕主题“喜悦”创作一首五言绝句。
要求：只输出诗词正文，不要标题、解释、赏析、序号或任何说明文字。
格式要求：五言绝句为四句、每句五个汉字；七言绝句为四句、每句七个汉字。",不向尘中住，何须天上仙。一壶天地里，独酌乐天真。,True,4,"[5, 5, 5, 5]",[]
T0338,theme_generation,闲适,七言绝句,"请围绕主题“闲适”创作一首七言绝句。
要求：只输出诗词正文，不要标题、解释、赏析、序号或任何说明文字。
格式要求：五言绝句为四句、每句五个汉字；七言绝句为四句、每句七个汉字。",春山晴日午，鸟语落花中。啼得无生怨，因知不是风。,False,4,"[5, 5, 5, 5]","[""第 1 句字数错误：期望 7 字，实际 5 字"", ""第 2 句字数错误：期望 7 字，实际 5 字"", ""第 3 句字数错误：期望 7 字，实际 5 字"", ""第 4 句字数错误：期望 7 字，实际 5 字""]"
T0339,theme_generation,感怀,五言绝句,"请围绕主题“感怀”创作一首五言绝句。
要求：只输出诗词正文，不要标题、解释、赏析、序号或任何说明文字。
格式要求：五言绝句为四句、每句五个汉字；七言绝句为四句、每句七个汉字。",身世等虚空，荣枯俱一梦。安得大丈夫，乘风跨鹏鷃。,True,4,"[5, 5, 5, 5]",[]
T0340,theme_generation,伤春,七言绝句,"请围绕主题“伤春”创作一首七言绝句。
要求：只输出诗词正文，不要标题、解释、赏析、序号或任何说明文字。
格式要求：五言绝句为四句、每句五个汉字；七言绝句为四句、每句七个汉字。",柳老还伤别，莺娇只恨归。花飞春欲尽，云暝雨霏微。,False,4,"[5, 5, 5, 5]","[""第 1 句字数错误：期望 7 字，实际 5 字"", ""第 2 句字数错误：期望 7 字，实际 5 字"", ""第 3 句字数错误：期望 7 字，实际 5 字"", ""第 4 句字数错误：期望 7 字，实际 5 字""]"
T0341,theme_generation,人生,五言绝句,"请围绕主题“人生”创作一首五言绝句。
要求：只输出诗词正文，不要标题、解释、赏析、序号或任何说明文字。
格式要求：五言绝句为四句、每句五个汉字；七言绝句为四句、每句七个汉字。",人生各有分，所遭各在天。若论苦乐事，都在自家边。,True,4,"[5, 5, 5, 5]",[]
T0342,theme_generation,时光,七言绝句,"请围绕主题“时光”创作一首七言绝句。
要求：只输出诗词正文，不要标题、解释、赏析、序号或任何说明文字。
格式要求：五言绝句为四句、每句五个汉字；七言绝句为四句、每句七个汉字。",春去秋来几度春，光阴不假问归人。纵饶百计寻生死，到底无多一瞬新。,True,4,"[7, 7, 7, 7]",[]
T0343,theme_generation,梦想,五言绝句,"请围绕主题“梦想”创作一首五言绝句。
要求：只输出诗词正文，不要标题、解释、赏析、序号或任何说明文字。
格式要求：五言绝句为四句、每句五个汉字；七言绝句为四句、每句七个汉字。",梦觉知何事，吟成不在声。谁知无寐夜，却是好诗情。,True,4,"[5, 5, 5, 5]",[]
T0344,theme_generation,远方,七言绝句,"请围绕主题“远方”创作一首七言绝句。
要求：只输出诗词正文，不要标题、解释、赏析、序号或任何说明文字。
格式要求：五言绝句为四句、每句五个汉字；七言绝句为四句、每句七个汉字。",君在孤飞雁阵中，家书欲寄泪和封。几时得及云间鴈，衔到江南第二峰。,True,4,"[7, 7, 7, 7]",[]
T0345,theme_generation,归隐,五言绝句,"请围绕主题“归隐”创作一首五言绝句。
要求：只输出诗词正文，不要标题、解释、赏析、序号或任何说明文字。
格式要求：五言绝句为四句、每句五个汉字；七言绝句为四句、每句七个汉字。",世路多风波，吾将何日已。长歌归来行，一醉了无耻。,True,4,"[5, 5, 5, 5]",[]
T0346,theme_generation,漂泊,七言绝句,"请围绕主题“漂泊”创作一首七言绝句。
要求：只输出诗词正文，不要标题、解释、赏析、序号或任何说明文字。
格式要求：五言绝句为四句、每句五个汉字；七言绝句为四句、每句七个汉字。",身世飘如梗，功名何足论。尚堪供一笑，聊复了平生。,False,4,"[5, 5, 5, 5]","[""第 1 句字数错误：期望 7 字，实际 5 字"", ""第 2 句字数错误：期望 7 字，实际 5 字"", ""第 3 句字数错误：期望 7 字，实际 5 字"", ""第 4 句字数错误：期望 7 字，实际 5 字""]"
T0347,theme_generation,壮志,五言绝句,"请围绕主题“壮志”创作一首五言绝句。
要求：只输出诗词正文，不要标题、解释、赏析、序号或任何说明文字。
格式要求：五言绝句为四句、每句五个汉字；七言绝句为四句、每句七个汉字。",壮志不终弃，栖迟复何道。试求当世心，莫负平生老。,True,4,"[5, 5, 5, 5]",[]
T0348,theme_generation,知己,七言绝句,"请围绕主题“知己”创作一首七言绝句。
要求：只输出诗词正文，不要标题、解释、赏析、序号或任何说明文字。
格式要求：五言绝句为四句、每句五个汉字；七言绝句为四句、每句七个汉字。",一死难酬君，此心谁与论。惟应黄壤下，知妾有孤魂。。。。。,False,4,"[5, 5, 5, 5]","[""第 1 句字数错误：期望 7 字，实际 5 字"", ""第 2 句字数错误：期望 7 字，实际 5 字"", ""第 3 句字数错误：期望 7 字，实际 5 字"", ""第 4 句字数错误：期望 7 字，实际 5 字""]"
T0349,theme_generation,故人,五言绝句,"请围绕主题“故人”创作一首五言绝句。
要求：只输出诗词正文，不要标题、解释、赏析、序号或任何说明文字。
格式要求：五言绝句为四句、每句五个汉字；七言绝句为四句、每句七个汉字。",月落千林黑，风清一水寒。夜深天似雪，独客倚阑干。,True,4,"[5, 5, 5, 5]",[]
T0350,theme_generation,岁月,七言绝句,"请围绕主题“岁月”创作一首七言绝句。
要求：只输出诗词正文，不要标题、解释、赏析、序号或任何说明文字。
格式要求：五言绝句为四句、每句五个汉字；七言绝句为四句、每句七个汉字。",岁月悠悠过客心，青山绿水几沾襟。莫言万里无相识，曾到钱塘知寸阴。,True,4,"[7, 7, 7, 7]",[]
T0351,theme_generation,边塞,五言绝句,"请围绕主题“边塞”创作一首五言绝句。
要求：只输出诗词正文，不要标题、解释、赏析、序号或任何说明文字。
格式要求：五言绝句为四句、每句五个汉字；七言绝句为四句、每句七个汉字。",天寒日色薄，雪暗雁飞低。谁家横吹笛，惊起塞边鵶。,True,4,"[5, 5, 5, 5]",[]
T0352,theme_generation,田园,七言绝句,"请围绕主题“田园”创作一首七言绝句。
要求：只输出诗词正文，不要标题、解释、赏析、序号或任何说明文字。
格式要求：五言绝句为四句、每句五个汉字；七言绝句为四句、每句七个汉字。",平田一亩余，中有小池方。蛙鸣春雨足，草软午阴凉。。。。。,False,4,"[5, 5, 5, 5]","[""第 1 句字数错误：期望 7 字，实际 5 字"", ""第 2 句字数错误：期望 7 字，实际 5 字"", ""第 3 句字数错误：期望 7 字，实际 5 字"", ""第 4 句字数错误：期望 7 字，实际 5 字""]"
T0353,theme_generation,江南,五言绝句,"请围绕主题“江南”创作一首五言绝句。
要求：只输出诗词正文，不要标题、解释、赏析、序号或任何说明文字。
格式要求：五言绝句为四句、每句五个汉字；七言绝句为四句、每句七个汉字。",雨过山更碧，烟消水亦青。江流今夜月，依旧照人明。,True,4,"[5, 5, 5, 5]",[]
T0354,theme_generation,长安,七言绝句,"请围绕主题“长安”创作一首七言绝句。
要求：只输出诗词正文，不要标题、解释、赏析、序号或任何说明文字。
格式要求：五言绝句为四句、每句五个汉字；七言绝句为四句、每句七个汉字。",日暖长安道，香车与宝马。相逢意自别，并辔出皇州。,False,4,"[5, 5, 5, 5]","[""第 1 句字数错误：期望 7 字，实际 5 字"", ""第 2 句字数错误：期望 7 字，实际 5 字"", ""第 3 句字数错误：期望 7 字，实际 5 字"", ""第 4 句字数错误：期望 7 字，实际 5 字""]"
T0355,theme_generation,古寺,五言绝句,"请围绕主题“古寺”创作一首五言绝句。
要求：只输出诗词正文，不要标题、解释、赏析、序号或任何说明文字。
格式要求：五言绝句为四句、每句五个汉字；七言绝句为四句、每句七个汉字。",野旷寒烟碧，山空落日黄。荒城人不到，门掩乱流光。,True,4,"[5, 5, 5, 5]",[]
T0356,theme_generation,夜雨,七言绝句,"请围绕主题“夜雨”创作一首七言绝句。
要求：只输出诗词正文，不要标题、解释、赏析、序号或任何说明文字。
格式要求：五言绝句为四句、每句五个汉字；七言绝句为四句、每句七个汉字。",夜静秋江月，凄凉楚客愁。孤舟泊烟渚，梦到故园流。,False,4,"[5, 5, 5, 5]","[""第 1 句字数错误：期望 7 字，实际 5 字"", ""第 2 句字数错误：期望 7 字，实际 5 字"", ""第 3 句字数错误：期望 7 字，实际 5 字"", ""第 4 句字数错误：期望 7 字，实际 5 字""]"
T0357,theme_generation,客栈,五言绝句,"请围绕主题“客栈”创作一首五言绝句。
要求：只输出诗词正文，不要标题、解释、赏析、序号或任何说明文字。
格式要求：五言绝句为四句、每句五个汉字；七言绝句为四句、每句七个汉字。",春风吹杏花，散乱满庭院。谁与共繁华，可怜独流眄。,True,4,"[5, 5, 5, 5]",[]
T0358,theme_generation,渡口,七言绝句,"请围绕主题“渡口”创作一首七言绝句。
要求：只输出诗词正文，不要标题、解释、赏析、序号或任何说明文字。
格式要求：五言绝句为四句、每句五个汉字；七言绝句为四句、每句七个汉字。",津头日未曛，山店酒初熟。欲作扁舟归，恨无明月烛。,False,4,"[5, 5, 5, 5]","[""第 1 句字数错误：期望 7 字，实际 5 字"", ""第 2 句字数错误：期望 7 字，实际 5 字"", ""第 3 句字数错误：期望 7 字，实际 5 字"", ""第 4 句字数错误：期望 7 字，实际 5 字""]"
T0359,theme_generation,山村,五言绝句,"请围绕主题“山村”创作一首五言绝句。
要求：只输出诗词正文，不要标题、解释、赏析、序号或任何说明文字。
格式要求：五言绝句为四句、每句五个汉字；七言绝句为四句、每句七个汉字。",雨余山气润，春到柳烟轻。幽鸟一声歇，青山何处城。,True,4,"[5, 5, 5, 5]",[]
T0360,theme_generation,渔家,七言绝句,"请围绕主题“渔家”创作一首七言绝句。
要求：只输出诗词正文，不要标题、解释、赏析、序号或任何说明文字。
格式要求：五言绝句为四句、每句五个汉字；七言绝句为四句、每句七个汉字。",晓日明沙渚，秋风吹钓丝。汀洲无限雁，一一背人飞。,False,4,"[5, 5, 5, 5]","[""第 1 句字数错误：期望 7 字，实际 5 字"", ""第 2 句字数错误：期望 7 字，实际 5 字"", ""第 3 句字数错误：期望 7 字，实际 5 字"", ""第 4 句字数错误：期望 7 字，实际 5 字""]"
T0361,theme_generation,美酒,五言绝句,"请围绕主题“美酒”创作一首五言绝句。
要求：只输出诗词正文，不要标题、解释、赏析、序号或任何说明文字。
格式要求：五言绝句为四句、每句五个汉字；七言绝句为四句、每句七个汉字。",曲水新醪熟，芳樽不可无。一尊花底醉，万事不须论。,True,4,"[5, 5, 5, 5]",[]
T0362,theme_generation,琴声,七言绝句,"请围绕主题“琴声”创作一首七言绝句。
要求：只输出诗词正文，不要标题、解释、赏析、序号或任何说明文字。
格式要求：五言绝句为四句、每句五个汉字；七言绝句为四句、每句七个汉字。",素商和气转，青帝赏心新。柳絮轻于雪，梅花细似尘。,False,4,"[5, 5, 5, 5]","[""第 1 句字数错误：期望 7 字，实际 5 字"", ""第 2 句字数错误：期望 7 字，实际 5 字"", ""第 3 句字数错误：期望 7 字，实际 5 字"", ""第 4 句字数错误：期望 7 字，实际 5 字""]"
T0363,theme_generation,书卷,五言绝句,"请围绕主题“书卷”创作一首五言绝句。
要求：只输出诗词正文，不要标题、解释、赏析、序号或任何说明文字。
格式要求：五言绝句为四句、每句五个汉字；七言绝句为四句、每句七个汉字。",一饱万虑消，一醉万事适。此中如许乐，谁复问荣辱。,True,4,"[5, 5, 5, 5]",[]
T0364,theme_generation,灯火,七言绝句,"请围绕主题“灯火”创作一首七言绝句。
要求：只输出诗词正文，不要标题、解释、赏析、序号或任何说明文字。
格式要求：五言绝句为四句、每句五个汉字；七言绝句为四句、每句七个汉字。",千门夜色净，万井火光微。遥认行舟处，渔歌隔浦归。,False,4,"[5, 5, 5, 5]","[""第 1 句字数错误：期望 7 字，实际 5 字"", ""第 2 句字数错误：期望 7 字，实际 5 字"", ""第 3 句字数错误：期望 7 字，实际 5 字"", ""第 4 句字数错误：期望 7 字，实际 5 字""]"
T0365,theme_generation,诗酒,五言绝句,"请围绕主题“诗酒”创作一首五言绝句。
要求：只输出诗词正文，不要标题、解释、赏析、序号或任何说明文字。
格式要求：五言绝句为四句、每句五个汉字；七言绝句为四句、每句七个汉字。",欲赋新诗句，须拚一醉眠。不因花底饮，争得此情传。,True,4,"[5, 5, 5, 5]",[]
T0366,theme_generation,征人,七言绝句,"请围绕主题“征人”创作一首七言绝句。
要求：只输出诗词正文，不要标题、解释、赏析、序号或任何说明文字。
格式要求：五言绝句为四句、每句五个汉字；七言绝句为四句、每句七个汉字。",出塞将军未解围，单于夜听受降碑。平明下马河冰合，风紧寒云不肯飞。,True,4,"[7, 7, 7, 7]",[]
T0367,theme_generation,游子,五言绝句,"请围绕主题“游子”创作一首五言绝句。
要求：只输出诗词正文，不要标题、解释、赏析、序号或任何说明文字。
格式要求：五言绝句为四句、每句五个汉字；七言绝句为四句、每句七个汉字。",忆得年时曲，声声说别离。如今都忘了，一曲又传谁。,True,4,"[5, 5, 5, 5]",[]
T0368,theme_generation,故乡,七言绝句,"请围绕主题“故乡”创作一首七言绝句。
要求：只输出诗词正文，不要标题、解释、赏析、序号或任何说明文字。
格式要求：五言绝句为四句、每句五个汉字；七言绝句为四句、每句七个汉字。",故国归迟身已老，异乡相见眼犹昏。却愁满院花狼籍，不似当年见汝村。,True,4,"[7, 7, 7, 7]",[]
T0369,theme_generation,关山,五言绝句,"请围绕主题“关山”创作一首五言绝句。
要求：只输出诗词正文，不要标题、解释、赏析、序号或任何说明文字。
格式要求：五言绝句为四句、每句五个汉字；七言绝句为四句、每句七个汉字。",秦川雄未央，汉道盛咸阳。此日关山外，悠悠天一方。,True,4,"[5, 5, 5, 5]",[]
T0370,theme_generation,楼台,七言绝句,"请围绕主题“楼台”创作一首七言绝句。
要求：只输出诗词正文，不要标题、解释、赏析、序号或任何说明文字。
格式要求：五言绝句为四句、每句五个汉字；七言绝句为四句、每句七个汉字。",楼台照水绿，烟雨接空蒙。何事扁舟去，年年秋又东。。。。。,False,4,"[5, 5, 5, 5]","[""第 1 句字数错误：期望 7 字，实际 5 字"", ""第 2 句字数错误：期望 7 字，实际 5 字"", ""第 3 句字数错误：期望 7 字，实际 5 字"", ""第 4 句字数错误：期望 7 字，实际 5 字""]"
T0371,theme_generation,晨景,五言绝句,"请围绕主题“晨景”创作一首五言绝句。
要求：只输出诗词正文，不要标题、解释、赏析、序号或任何说明文字。
格式要求：五言绝句为四句、每句五个汉字；七言绝句为四句、每句七个汉字。",晓露湿清蕙，晨曦生翠禽。幽人不可见，时复一沾襟。,True,4,"[5, 5, 5, 5]",[]
T0372,theme_generation,暮景,七言绝句,"请围绕主题“暮景”创作一首七言绝句。
要求：只输出诗词正文，不要标题、解释、赏析、序号或任何说明文字。
格式要求：五言绝句为四句、每句五个汉字；七言绝句为四句、每句七个汉字。",白日无人问，闲门闭落晖。幽人独来倚，看雪满庭飞。。。。。,False,4,"[5, 5, 5, 5]","[""第 1 句字数错误：期望 7 字，实际 5 字"", ""第 2 句字数错误：期望 7 字，实际 5 字"", ""第 3 句字数错误：期望 7 字，实际 5 字"", ""第 4 句字数错误：期望 7 字，实际 5 字""]"
T0373,theme_generation,湖上,五言绝句,"请围绕主题“湖上”创作一首五言绝句。
要求：只输出诗词正文，不要标题、解释、赏析、序号或任何说明文字。
格式要求：五言绝句为四句、每句五个汉字；七言绝句为四句、每句七个汉字。",行行春日暮，处处碧溪流。独忆花间友，何曾见我愁。,True,4,"[5, 5, 5, 5]",[]
T0374,theme_generation,溪边,七言绝句,"请围绕主题“溪边”创作一首七言绝句。
要求：只输出诗词正文，不要标题、解释、赏析、序号或任何说明文字。
格式要求：五言绝句为四句、每句五个汉字；七言绝句为四句、每句七个汉字。",水落平沙岸，山遥夕阳天。芦花风淡淡，鸥鸟日翩翩。,False,4,"[5, 5, 5, 5]","[""第 1 句字数错误：期望 7 字，实际 5 字"", ""第 2 句字数错误：期望 7 字，实际 5 字"", ""第 3 句字数错误：期望 7 字，实际 5 字"", ""第 4 句字数错误：期望 7 字，实际 5 字""]"
T0375,theme_generation,山寺,五言绝句,"请围绕主题“山寺”创作一首五言绝句。
要求：只输出诗词正文，不要标题、解释、赏析、序号或任何说明文字。
格式要求：五言绝句为四句、每句五个汉字；七言绝句为四句、每句七个汉字。",竹影斜侵路，荷香暗著人。不须寻古佛，便是道吾真。,True,4,"[5, 5, 5, 5]",[]
T0376,theme_generation,秋夜,七言绝句,"请围绕主题“秋夜”创作一首七言绝句。
要求：只输出诗词正文，不要标题、解释、赏析、序号或任何说明文字。
格式要求：五言绝句为四句、每句五个汉字；七言绝句为四句、每句七个汉字。",风急雨声长，林深月色凉。不眠空自苦，未晓尚含霜。,False,4,"[5, 5, 5, 5]","[""第 1 句字数错误：期望 7 字，实际 5 字"", ""第 2 句字数错误：期望 7 字，实际 5 字"", ""第 3 句字数错误：期望 7 字，实际 5 字"", ""第 4 句字数错误：期望 7 字，实际 5 字""]"
T0377,theme_generation,春游,五言绝句,"请围绕主题“春游”创作一首五言绝句。
要求：只输出诗词正文，不要标题、解释、赏析、序号或任何说明文字。
格式要求：五言绝句为四句、每句五个汉字；七言绝句为四句、每句七个汉字。",何处春为主，人言腊后春。东皇先探手，梅萼已三分。,True,4,"[5, 5, 5, 5]",[]
T0378,theme_generation,送别,七言绝句,"请围绕主题“送别”创作一首七言绝句。
要求：只输出诗词正文，不要标题、解释、赏析、序号或任何说明文字。
格式要求：五言绝句为四句、每句五个汉字；七言绝句为四句、每句七个汉字。",自出巴山去，长随越客船。如今向岭路，又欲问南天。。。。,False,4,"[5, 5, 5, 5]","[""第 1 句字数错误：期望 7 字，实际 5 字"", ""第 2 句字数错误：期望 7 字，实际 5 字"", ""第 3 句字数错误：期望 7 字，实际 5 字"", ""第 4 句字数错误：期望 7 字，实际 5 字""]"
T0379,theme_generation,登高,五言绝句,"请围绕主题“登高”创作一首五言绝句。
要求：只输出诗词正文，不要标题、解释、赏析、序号或任何说明文字。
格式要求：五言绝句为四句、每句五个汉字；七言绝句为四句、每句七个汉字。",黄菊似秋色，山云如岁华。无人伴幽独，日暮闭松花。,True,4,"[5, 5, 5, 5]",[]
T0380,theme_generation,望月,七言绝句,"请围绕主题“望月”创作一首七言绝句。
要求：只输出诗词正文，不要标题、解释、赏析、序号或任何说明文字。
格式要求：五言绝句为四句、每句五个汉字；七言绝句为四句、每句七个汉字。",一岁常如此，孤云自在飞。长空秋色浄，万里见斜晖。。。。。,False,4,"[5, 5, 5, 5]","[""第 1 句字数错误：期望 7 字，实际 5 字"", ""第 2 句字数错误：期望 7 字，实际 5 字"", ""第 3 句字数错误：期望 7 字，实际 5 字"", ""第 4 句字数错误：期望 7 字，实际 5 字""]"
T0381,theme_generation,听雨,五言绝句,"请围绕主题“听雨”创作一首五言绝句。
要求：只输出诗词正文，不要标题、解释、赏析、序号或任何说明文字。
格式要求：五言绝句为四句、每句五个汉字；七言绝句为四句、每句七个汉字。",落月未成钩，星河暗不收。卧闻风叶响，起见斗柄流。,True,4,"[5, 5, 5, 5]",[]
T0382,theme_generation,赏花,七言绝句,"请围绕主题“赏花”创作一首七言绝句。
要求：只输出诗词正文，不要标题、解释、赏析、序号或任何说明文字。
格式要求：五言绝句为四句、每句五个汉字；七言绝句为四句、每句七个汉字。",风暖日高春，寻芳上小楼。无人解落蕊，独自倚阑羞。。。。。,False,4,"[5, 5, 5, 5]","[""第 1 句字数错误：期望 7 字，实际 5 字"", ""第 2 句字数错误：期望 7 字，实际 5 字"", ""第 3 句字数错误：期望 7 字，实际 5 字"", ""第 4 句字数错误：期望 7 字，实际 5 字""]"
T0383,theme_generation,观潮,五言绝句,"请围绕主题“观潮”创作一首五言绝句。
要求：只输出诗词正文，不要标题、解释、赏析、序号或任何说明文字。
格式要求：五言绝句为四句、每句五个汉字；七言绝句为四句、每句七个汉字。",江风卷海波，海气白浩浩。不辨蛟龙吟，中有鲛人啸。,True,4,"[5, 5, 5, 5]",[]
T0384,theme_generation,塞外,七言绝句,"请围绕主题“塞外”创作一首七言绝句。
要求：只输出诗词正文，不要标题、解释、赏析、序号或任何说明文字。
格式要求：五言绝句为四句、每句五个汉字；七言绝句为四句、每句七个汉字。",万国回心见太平，胡雏骓上听春莺。单于破胆还家去，无复骑猪度渭城。,True,4,"[7, 7, 7, 7]",[]
T0385,theme_generation,军旅,五言绝句,"请围绕主题“军旅”创作一首五言绝句。
要求：只输出诗词正文，不要标题、解释、赏析、序号或任何说明文字。
格式要求：五言绝句为四句、每句五个汉字；七言绝句为四句、每句七个汉字。",汉日多屯阃，周时亦讲戎。要须知备塞，方始可安农。,True,4,"[5, 5, 5, 5]",[]
T0386,theme_generation,宫怨,七言绝句,"请围绕主题“宫怨”创作一首七言绝句。
要求：只输出诗词正文，不要标题、解释、赏析、序号或任何说明文字。
格式要求：五言绝句为四句、每句五个汉字；七言绝句为四句、每句七个汉字。",雨滴空阶砌，愁听夜正长。君心已不我，秋月满房梁。,False,4,"[5, 5, 5, 5]","[""第 1 句字数错误：期望 7 字，实际 5 字"", ""第 2 句字数错误：期望 7 字，实际 5 字"", ""第 3 句字数错误：期望 7 字，实际 5 字"", ""第 4 句字数错误：期望 7 字，实际 5 字""]"
T0387,theme_generation,闺思,五言绝句,"请围绕主题“闺思”创作一首五言绝句。
要求：只输出诗词正文，不要标题、解释、赏析、序号或任何说明文字。
格式要求：五言绝句为四句、每句五个汉字；七言绝句为四句、每句七个汉字。",莫唱凉州词，曲中无好声。一声肠一断，愿识采菱人。,True,4,"[5, 5, 5, 5]",[]
T0388,theme_generation,农家,七言绝句,"请围绕主题“农家”创作一首七言绝句。
要求：只输出诗词正文，不要标题、解释、赏析、序号或任何说明文字。
格式要求：五言绝句为四句、每句五个汉字；七言绝句为四句、每句七个汉字。",农人耕种时，我欲出从农。亦知力不济，何惜笑颜红。,False,4,"[5, 5, 5, 5]","[""第 1 句字数错误：期望 7 字，实际 5 字"", ""第 2 句字数错误：期望 7 字，实际 5 字"", ""第 3 句字数错误：期望 7 字，实际 5 字"", ""第 4 句字数错误：期望 7 字，实际 5 字""]"
T0389,theme_generation,渔舟,五言绝句,"请围绕主题“渔舟”创作一首五言绝句。
要求：只输出诗词正文，不要标题、解释、赏析、序号或任何说明文字。
格式要求：五言绝句为四句、每句五个汉字；七言绝句为四句、每句七个汉字。",一叶烟波上，江湖兴未阑。夜深何处宿，风雪满渔寒。,True,4,"[5, 5, 5, 5]",[]
T0390,theme_generation,山居,七言绝句,"请围绕主题“山居”创作一首七言绝句。
要求：只输出诗词正文，不要标题、解释、赏析、序号或任何说明文字。
格式要求：五言绝句为四句、每句五个汉字；七言绝句为四句、每句七个汉字。",小亭幽敞好登临，坐对青山面北林。最爱碧云笼雨外，一峰突兀更孤深。,True,4,"[7, 7, 7, 7]",[]
T0391,theme_generation,旅夜,五言绝句,"请围绕主题“旅夜”创作一首五言绝句。
要求：只输出诗词正文，不要标题、解释、赏析、序号或任何说明文字。
格式要求：五言绝句为四句、每句五个汉字；七言绝句为四句、每句七个汉字。",万里归期近，千山暮色遥。乡心正无限，吹笛酒家遥。,True,4,"[5, 5, 5, 5]",[]
T0392,theme_generation,夏雨,七言绝句,"请围绕主题“夏雨”创作一首七言绝句。
要求：只输出诗词正文，不要标题、解释、赏析、序号或任何说明文字。
格式要求：五言绝句为四句、每句五个汉字；七言绝句为四句、每句七个汉字。",云生望帝家，雨送海棠花。尽日无人问，溪山闲似画。,False,4,"[5, 5, 5, 5]","[""第 1 句字数错误：期望 7 字，实际 5 字"", ""第 2 句字数错误：期望 7 字，实际 5 字"", ""第 3 句字数错误：期望 7 字，实际 5 字"", ""第 4 句字数错误：期望 7 字，实际 5 字""]"
T0393,theme_generation,冬夜,五言绝句,"请围绕主题“冬夜”创作一首五言绝句。
要求：只输出诗词正文，不要标题、解释、赏析、序号或任何说明文字。
格式要求：五言绝句为四句、每句五个汉字；七言绝句为四句、每句七个汉字。",岁事已如此，吾生亦已浮。寒灯耿青壁，风雨送归舟。,True,4,"[5, 5, 5, 5]",[]
T0394,theme_generation,梅雪,七言绝句,"请围绕主题“梅雪”创作一首七言绝句。
要求：只输出诗词正文，不要标题、解释、赏析、序号或任何说明文字。
格式要求：五言绝句为四句、每句五个汉字；七言绝句为四句、每句七个汉字。",一树临溪白玉柔，不施朱粉自风流。冰肤纵老和羹事，终见天香到客舟。,True,4,"[7, 7, 7, 7]",[]
T0395,theme_generation,兰亭,五言绝句,"请围绕主题“兰亭”创作一首五言绝句。
要求：只输出诗词正文，不要标题、解释、赏析、序号或任何说明文字。
格式要求：五言绝句为四句、每句五个汉字；七言绝句为四句、每句七个汉字。",草草山阴会，人人曲水觞。至今修禊事，犹继晋时狂。,True,4,"[5, 5, 5, 5]",[]
T0396,theme_generation,边月,七言绝句,"请围绕主题“边月”创作一首七言绝句。
要求：只输出诗词正文，不要标题、解释、赏析、序号或任何说明文字。
格式要求：五言绝句为四句、每句五个汉字；七言绝句为四句、每句七个汉字。",汉节随边马，胡笳出塞鸿。遥知下营处，雪里看旗红。,False,4,"[5, 5, 5, 5]","[""第 1 句字数错误：期望 7 字，实际 5 字"", ""第 2 句字数错误：期望 7 字，实际 5 字"", ""第 3 句字数错误：期望 7 字，实际 5 字"", ""第 4 句字数错误：期望 7 字，实际 5 字""]"
T0397,theme_generation,江雪,五言绝句,"请围绕主题“江雪”创作一首五言绝句。
要求：只输出诗词正文，不要标题、解释、赏析、序号或任何说明文字。
格式要求：五言绝句为四句、每句五个汉字；七言绝句为四句、每句七个汉字。",北风欺客路，寒雪洒山城。独有松边色，长年不改青。,True,4,"[5, 5, 5, 5]",[]
T0398,theme_generation,云梦,七言绝句,"请围绕主题“云梦”创作一首七言绝句。
要求：只输出诗词正文，不要标题、解释、赏析、序号或任何说明文字。
格式要求：五言绝句为四句、每句五个汉字；七言绝句为四句、每句七个汉字。",梦里犹闻楚客歌，醒来却听蜀山阿。不知身世今何处，云里孤城落照多。,True,4,"[7, 7, 7, 7]",[]
T0399,theme_generation,雨巷,五言绝句,"请围绕主题“雨巷”创作一首五言绝句。
要求：只输出诗词正文，不要标题、解释、赏析、序号或任何说明文字。
格式要求：五言绝句为四句、每句五个汉字；七言绝句为四句、每句七个汉字。",春意已如许，东风未肯休。凭阑看细雨，终是欲归舟。,True,4,"[5, 5, 5, 5]",[]
T0400,theme_generation,古道,七言绝句,"请围绕主题“古道”创作一首七言绝句。
要求：只输出诗词正文，不要标题、解释、赏析、序号或任何说明文字。
格式要求：五言绝句为四句、每句五个汉字；七言绝句为四句、每句七个汉字。",行尽烟霞万叠山，古来今去路漫漫。道人但说西天好，不用追寻到广寒。,True,4,"[7, 7, 7, 7]",[]
T0401,theme_generation,春天,五言绝句,"请围绕主题“春天”创作一首五言绝句。
要求：只输出诗词正文，不要标题、解释、赏析、序号或任何说明文字。
格式要求：五言绝句为四句、每句五个汉字；七言绝句为四句、每句七个汉字。",春来江上村，草色雨余润。沙际日平西，渔翁醉歌进。,True,4,"[5, 5, 5, 5]",[]
T0402,theme_generation,夏日,七言绝句,"请围绕主题“夏日”创作一首七言绝句。
要求：只输出诗词正文，不要标题、解释、赏析、序号或任何说明文字。
格式要求：五言绝句为四句、每句五个汉字；七言绝句为四句、每句七个汉字。",高眠时梦蝶，小醉亦浮蛆。谁道闲人似，能忘荣与辱。。。。。。。。,False,4,"[5, 5, 5, 5]","[""第 1 句字数错误：期望 7 字，实际 5 字"", ""第 2 句字数错误：期望 7 字，实际 5 字"", ""第 3 句字数错误：期望 7 字，实际 5 字"", ""第 4 句字数错误：期望 7 字，实际 5 字""]"
T0403,theme_generation,秋思,五言绝句,"请围绕主题“秋思”创作一首五言绝句。
要求：只输出诗词正文，不要标题、解释、赏析、序号或任何说明文字。
格式要求：五言绝句为四句、每句五个汉字；七言绝句为四句、每句七个汉字。",黄叶落不尽，白露满中林。独夜重门掩，谁见幽人吟。,True,4,"[5, 5, 5, 5]",[]
T0404,theme_generation,冬雪,七言绝句,"请围绕主题“冬雪”创作一首七言绝句。
要求：只输出诗词正文，不要标题、解释、赏析、序号或任何说明文字。
格式要求：五言绝句为四句、每句五个汉字；七言绝句为四句、每句七个汉字。",玉色凝成雪，瑶花散满天。梅花千万树，春意动寒渊。,False,4,"[5, 5, 5, 5]","[""第 1 句字数错误：期望 7 字，实际 5 字"", ""第 2 句字数错误：期望 7 字，实际 5 字"", ""第 3 句字数错误：期望 7 字，实际 5 字"", ""第 4 句字数错误：期望 7 字，实际 5 字""]"
T0405,theme_generation,春雨,五言绝句,"请围绕主题“春雨”创作一首五言绝句。
要求：只输出诗词正文，不要标题、解释、赏析、序号或任何说明文字。
格式要求：五言绝句为四句、每句五个汉字；七言绝句为四句、每句七个汉字。",客里惜残春，吟情百感新。无花可回首，惟有雨愁人。,True,4,"[5, 5, 5, 5]",[]
T0406,theme_generation,秋风,七言绝句,"请围绕主题“秋风”创作一首七言绝句。
要求：只输出诗词正文，不要标题、解释、赏析、序号或任何说明文字。
格式要求：五言绝句为四句、每句五个汉字；七言绝句为四句、每句七个汉字。",风露凄然秋色晚，蒹葭倚岸雁来初。夜窗凉动灯花静，唤起西江一叶书。,True,4,"[7, 7, 7, 7]",[]
T0407,theme_generation,寒冬,五言绝句,"请围绕主题“寒冬”创作一首五言绝句。
要求：只输出诗词正文，不要标题、解释、赏析、序号或任何说明文字。
格式要求：五言绝句为四句、每句五个汉字；七言绝句为四句、每句七个汉字。",冰雪冰溪涧，霜风木石关。何须问寒暑，终日是清闲。,True,4,"[5, 5, 5, 5]",[]
T0408,theme_generation,新年,七言绝句,"请围绕主题“新年”创作一首七言绝句。
要求：只输出诗词正文，不要标题、解释、赏析、序号或任何说明文字。
格式要求：五言绝句为四句、每句五个汉字；七言绝句为四句、每句七个汉字。",自喜新年强健后，逢人唯说旧游处。夜眠不待更筹尽，一枕残星落平楚。,True,4,"[7, 7, 7, 7]",[]
T0409,theme_generation,清明,五言绝句,"请围绕主题“清明”创作一首五言绝句。
要求：只输出诗词正文，不要标题、解释、赏析、序号或任何说明文字。
格式要求：五言绝句为四句、每句五个汉字；七言绝句为四句、每句七个汉字。",佳节不与俗，谁知今昔同。此心还自喜，春草又秋风。,True,4,"[5, 5, 5, 5]",[]
T0410,theme_generation,中秋,七言绝句,"请围绕主题“中秋”创作一首七言绝句。
要求：只输出诗词正文，不要标题、解释、赏析、序号或任何说明文字。
格式要求：五言绝句为四句、每句五个汉字；七言绝句为四句、每句七个汉字。",月桂清光溢，天风冷露零。平生此怀抱，一洗楚王城。,False,4,"[5, 5, 5, 5]","[""第 1 句字数错误：期望 7 字，实际 5 字"", ""第 2 句字数错误：期望 7 字，实际 5 字"", ""第 3 句字数错误：期望 7 字，实际 5 字"", ""第 4 句字数错误：期望 7 字，实际 5 字""]"
T0411,theme_generation,明月,五言绝句,"请围绕主题“明月”创作一首五言绝句。
要求：只输出诗词正文，不要标题、解释、赏析、序号或任何说明文字。
格式要求：五言绝句为四句、每句五个汉字；七言绝句为四句、每句七个汉字。",明月照千林，清辉冷似冰。须知君子性，冰雪玉壶冰。,True,4,"[5, 5, 5, 5]",[]
T0412,theme_generation,清风,七言绝句,"请围绕主题“清风”创作一首七言绝句。
要求：只输出诗词正文，不要标题、解释、赏析、序号或任何说明文字。
格式要求：五言绝句为四句、每句五个汉字；七言绝句为四句、每句七个汉字。",拂榻眠秋雨，开轩坐晚风。秋来诗思苦，赖有此轩中。,False,4,"[5, 5, 5, 5]","[""第 1 句字数错误：期望 7 字，实际 5 字"", ""第 2 句字数错误：期望 7 字，实际 5 字"", ""第 3 句字数错误：期望 7 字，实际 5 字"", ""第 4 句字数错误：期望 7 字，实际 5 字""]"
T0413,theme_generation,山水,五言绝句,"请围绕主题“山水”创作一首五言绝句。
要求：只输出诗词正文，不要标题、解释、赏析、序号或任何说明文字。
格式要求：五言绝句为四句、每句五个汉字；七言绝句为四句、每句七个汉字。",秋容飒已空，夜气湛如水。坐久寒生衣，清辉满窗户。,True,4,"[5, 5, 5, 5]",[]
T0414,theme_generation,江河,七言绝句,"请围绕主题“江河”创作一首七言绝句。
要求：只输出诗词正文，不要标题、解释、赏析、序号或任何说明文字。
格式要求：五言绝句为四句、每句五个汉字；七言绝句为四句、每句七个汉字。",云水自东流，西风木叶秋。江波与岸阔，相顾不胜愁。,False,4,"[5, 5, 5, 5]","[""第 1 句字数错误：期望 7 字，实际 5 字"", ""第 2 句字数错误：期望 7 字，实际 5 字"", ""第 3 句字数错误：期望 7 字，实际 5 字"", ""第 4 句字数错误：期望 7 字，实际 5 字""]"
T0415,theme_generation,大海,五言绝句,"请围绕主题“大海”创作一首五言绝句。
要求：只输出诗词正文，不要标题、解释、赏析、序号或任何说明文字。
格式要求：五言绝句为四句、每句五个汉字；七言绝句为四句、每句七个汉字。",海风飘大波，海水翻山岳。云雾忽崩裂，白雨随倾泻。,True,4,"[5, 5, 5, 5]",[]
T0416,theme_generation,白云,七言绝句,"请围绕主题“白云”创作一首七言绝句。
要求：只输出诗词正文，不要标题、解释、赏析、序号或任何说明文字。
格式要求：五言绝句为四句、每句五个汉字；七言绝句为四句、每句七个汉字。",天外云无极，江头月正圆。不知今夜梦，能到玉京边。,False,4,"[5, 5, 5, 5]","[""第 1 句字数错误：期望 7 字，实际 5 字"", ""第 2 句字数错误：期望 7 字，实际 5 字"", ""第 3 句字数错误：期望 7 字，实际 5 字"", ""第 4 句字数错误：期望 7 字，实际 5 字""]"
T0417,theme_generation,落日,五言绝句,"请围绕主题“落日”创作一首五言绝句。
要求：只输出诗词正文，不要标题、解释、赏析、序号或任何说明文字。
格式要求：五言绝句为四句、每句五个汉字；七言绝句为四句、每句七个汉字。",夕阳忽西去，白鹭欲飞翻。怅望沧洲外，秋生寒露繁。,True,4,"[5, 5, 5, 5]",[]
T0418,theme_generation,晚霞,七言绝句,"请围绕主题“晚霞”创作一首七言绝句。
要求：只输出诗词正文，不要标题、解释、赏析、序号或任何说明文字。
格式要求：五言绝句为四句、每句五个汉字；七言绝句为四句、每句七个汉字。",暮色满江天，江山如有情。东风知我意，吹入紫云生。,False,4,"[5, 5, 5, 5]","[""第 1 句字数错误：期望 7 字，实际 5 字"", ""第 2 句字数错误：期望 7 字，实际 5 字"", ""第 3 句字数错误：期望 7 字，实际 5 字"", ""第 4 句字数错误：期望 7 字，实际 5 字""]"
T0419,theme_generation,青山,五言绝句,"请围绕主题“青山”创作一首五言绝句。
要求：只输出诗词正文，不要标题、解释、赏析、序号或任何说明文字。
格式要求：五言绝句为四句、每句五个汉字；七言绝句为四句、每句七个汉字。",平生湖海气，今日傍山岑。未用夸清峻，聊容著素心。,True,4,"[5, 5, 5, 5]",[]
T0420,theme_generation,流水,七言绝句,"请围绕主题“流水”创作一首七言绝句。
要求：只输出诗词正文，不要标题、解释、赏析、序号或任何说明文字。
格式要求：五言绝句为四句、每句五个汉字；七言绝句为四句、每句七个汉字。",平野日将夕，流川方欲冰。渔舟何所为，悠然万里行。,False,4,"[5, 5, 5, 5]","[""第 1 句字数错误：期望 7 字，实际 5 字"", ""第 2 句字数错误：期望 7 字，实际 5 字"", ""第 3 句字数错误：期望 7 字，实际 5 字"", ""第 4 句字数错误：期望 7 字，实际 5 字""]"
T0421,theme_generation,花开,五言绝句,"请围绕主题“花开”创作一首五言绝句。
要求：只输出诗词正文，不要标题、解释、赏析、序号或任何说明文字。
格式要求：五言绝句为四句、每句五个汉字；七言绝句为四句、每句七个汉字。",玉蕊含烟色，琼英带露光。开花何处见，元在月轮旁。,True,4,"[5, 5, 5, 5]",[]
T0422,theme_generation,落花,七言绝句,"请围绕主题“落花”创作一首七言绝句。
要求：只输出诗词正文，不要标题、解释、赏析、序号或任何说明文字。
格式要求：五言绝句为四句、每句五个汉字；七言绝句为四句、每句七个汉字。",落花飞絮满园林，雨后春愁动客心。一寸相思千万绪，此情无计遣谁寻。,True,4,"[7, 7, 7, 7]",[]
T0423,theme_generation,杨柳,五言绝句,"请围绕主题“杨柳”创作一首五言绝句。
要求：只输出诗词正文，不要标题、解释、赏析、序号或任何说明文字。
格式要求：五言绝句为四句、每句五个汉字；七言绝句为四句、每句七个汉字。",垂杨枝袅绿，细拂石栏曲。似见美人来，依依强攀玉。,True,4,"[5, 5, 5, 5]",[]
T0424,theme_generation,孤舟,七言绝句,"请围绕主题“孤舟”创作一首七言绝句。
要求：只输出诗词正文，不要标题、解释、赏析、序号或任何说明文字。
格式要求：五言绝句为四句、每句五个汉字；七言绝句为四句、每句七个汉字。",客去空留屐，僧回独扣门。春山无个事，随处有啼猨。,False,4,"[5, 5, 5, 5]","[""第 1 句字数错误：期望 7 字，实际 5 字"", ""第 2 句字数错误：期望 7 字，实际 5 字"", ""第 3 句字数错误：期望 7 字，实际 5 字"", ""第 4 句字数错误：期望 7 字，实际 5 字""]"
T0425,theme_generation,飞鸟,五言绝句,"请围绕主题“飞鸟”创作一首五言绝句。
要求：只输出诗词正文，不要标题、解释、赏析、序号或任何说明文字。
格式要求：五言绝句为四句、每句五个汉字；七言绝句为四句、每句七个汉字。",野性虽多乐，终惭恋网罗。不如归去好，云外看山阿。,True,4,"[5, 5, 5, 5]",[]
T0426,theme_generation,寒梅,七言绝句,"请围绕主题“寒梅”创作一首七言绝句。
要求：只输出诗词正文，不要标题、解释、赏析、序号或任何说明文字。
格式要求：五言绝句为四句、每句五个汉字；七言绝句为四句、每句七个汉字。",谁见梅花落，幽香散暗林。何当载酒去，相伴岁寒心。,False,4,"[5, 5, 5, 5]","[""第 1 句字数错误：期望 7 字，实际 5 字"", ""第 2 句字数错误：期望 7 字，实际 5 字"", ""第 3 句字数错误：期望 7 字，实际 5 字"", ""第 4 句字数错误：期望 7 字，实际 5 字""]"
T0427,theme_generation,竹林,五言绝句,"请围绕主题“竹林”创作一首五言绝句。
要求：只输出诗词正文，不要标题、解释、赏析、序号或任何说明文字。
格式要求：五言绝句为四句、每句五个汉字；七言绝句为四句、每句七个汉字。",风枝尽摇动，霜竹半倾斜。我病独留滞，无人共此情。,True,4,"[5, 5, 5, 5]",[]
T0428,theme_generation,松柏,七言绝句,"请围绕主题“松柏”创作一首七言绝句。
要求：只输出诗词正文，不要标题、解释、赏析、序号或任何说明文字。
格式要求：五言绝句为四句、每句五个汉字；七言绝句为四句、每句七个汉字。",青松与古柏，相好似龙蛇。何用区区学，东家画北家。,False,4,"[5, 5, 5, 5]","[""第 1 句字数错误：期望 7 字，实际 5 字"", ""第 2 句字数错误：期望 7 字，实际 5 字"", ""第 3 句字数错误：期望 7 字，实际 5 字"", ""第 4 句字数错误：期望 7 字，实际 5 字""]"
T0429,theme_generation,荷花,五言绝句,"请围绕主题“荷花”创作一首五言绝句。
要求：只输出诗词正文，不要标题、解释、赏析、序号或任何说明文字。
格式要求：五言绝句为四句、每句五个汉字；七言绝句为四句、每句七个汉字。",绿茎紫衣裳，荷叶似圆晕。中有采莲人，盈盈隔烟翠。,True,4,"[5, 5, 5, 5]",[]
T0430,theme_generation,枫叶,七言绝句,"请围绕主题“枫叶”创作一首七言绝句。
要求：只输出诗词正文，不要标题、解释、赏析、序号或任何说明文字。
格式要求：五言绝句为四句、每句五个汉字；七言绝句为四句、每句七个汉字。",风摇江上树，雨宿洞中云。昨夜三更月，相看一点分。。。。。,False,4,"[5, 5, 5, 5]","[""第 1 句字数错误：期望 7 字，实际 5 字"", ""第 2 句字数错误：期望 7 字，实际 5 字"", ""第 3 句字数错误：期望 7 字，实际 5 字"", ""第 4 句字数错误：期望 7 字，实际 5 字""]"
T0431,theme_generation,思乡,五言绝句,"请围绕主题“思乡”创作一首五言绝句。
要求：只输出诗词正文，不要标题、解释、赏析、序号或任何说明文字。
格式要求：五言绝句为四句、每句五个汉字；七言绝句为四句、每句七个汉字。",我方寸地窄，彼子胆瓶宽。何事还来此，都缘恋牡丹。,True,4,"[5, 5, 5, 5]",[]
T0432,theme_generation,离别,七言绝句,"请围绕主题“离别”创作一首七言绝句。
要求：只输出诗词正文，不要标题、解释、赏析、序号或任何说明文字。
格式要求：五言绝句为四句、每句五个汉字；七言绝句为四句、每句七个汉字。",江上梅花发，扬州到日稀。夜凉多少思，月满驿亭时。,False,4,"[5, 5, 5, 5]","[""第 1 句字数错误：期望 7 字，实际 5 字"", ""第 2 句字数错误：期望 7 字，实际 5 字"", ""第 3 句字数错误：期望 7 字，实际 5 字"", ""第 4 句字数错误：期望 7 字，实际 5 字""]"
T0433,theme_generation,相思,五言绝句,"请围绕主题“相思”创作一首五言绝句。
要求：只输出诗词正文，不要标题、解释、赏析、序号或任何说明文字。
格式要求：五言绝句为四句、每句五个汉字；七言绝句为四句、每句七个汉字。",望尽南来雁，心飞北去的皪山。若教落笔能传影，画取,False,4,"[5, 7, 7, 2]","[""第 2 句字数错误：期望 5 字，实际 7 字"", ""第 3 句字数错误：期望 5 字，实际 7 字"", ""第 4 句字数错误：期望 5 字，实际 2 字""]"
T0434,theme_generation,孤独,七言绝句,"请围绕主题“孤独”创作一首七言绝句。
要求：只输出诗词正文，不要标题、解释、赏析、序号或任何说明文字。
格式要求：五言绝句为四句、每句五个汉字；七言绝句为四句、每句七个汉字。",孤馆无人到，惟君独过门。别时杨柳曲，今日水边村。,False,4,"[5, 5, 5, 5]","[""第 1 句字数错误：期望 7 字，实际 5 字"", ""第 2 句字数错误：期望 7 字，实际 5 字"", ""第 3 句字数错误：期望 7 字，实际 5 字"", ""第 4 句字数错误：期望 7 字，实际 5 字""]"
T0435,theme_generation,怀古,五言绝句,"请围绕主题“怀古”创作一首五言绝句。
要求：只输出诗词正文，不要标题、解释、赏析、序号或任何说明文字。
格式要求：五言绝句为四句、每句五个汉字；七言绝句为四句、每句七个汉字。",忆昔初婚嫁，双亲坐画床。何堪今日事，孤负一生肠。,True,4,"[5, 5, 5, 5]",[]
T0436,theme_generation,忧愁,七言绝句,"请围绕主题“忧愁”创作一首七言绝句。
要求：只输出诗词正文，不要标题、解释、赏析、序号或任何说明文字。
格式要求：五言绝句为四句、每句五个汉字；七言绝句为四句、每句七个汉字。",春云妨月色，晓漏误人行。无那愁如海，谁人借路行。。。。。,False,4,"[5, 5, 5, 5]","[""第 1 句字数错误：期望 7 字，实际 5 字"", ""第 2 句字数错误：期望 7 字，实际 5 字"", ""第 3 句字数错误：期望 7 字，实际 5 字"", ""第 4 句字数错误：期望 7 字，实际 5 字""]"
T0437,theme_generation,喜悦,五言绝句,"请围绕主题“喜悦”创作一首五言绝句。
要求：只输出诗词正文，不要标题、解释、赏析、序号或任何说明文字。
格式要求：五言绝句为四句、每句五个汉字；七言绝句为四句、每句七个汉字。",天寒云雪满，门静鸟雀喧。独坐空堂上，谁知我喜君。,True,4,"[5, 5, 5, 5]",[]
T0438,theme_generation,闲适,七言绝句,"请围绕主题“闲适”创作一首七言绝句。
要求：只输出诗词正文，不要标题、解释、赏析、序号或任何说明文字。
格式要求：五言绝句为四句、每句五个汉字；七言绝句为四句、每句七个汉字。",春来无日不吟哦，何事闲情更蹉跎。小院无人花自落，一池香絮起轻波。,True,4,"[7, 7, 7, 7]",[]
T0439,theme_generation,感怀,五言绝句,"请围绕主题“感怀”创作一首五言绝句。
要求：只输出诗词正文，不要标题、解释、赏析、序号或任何说明文字。
格式要求：五言绝句为四句、每句五个汉字；七言绝句为四句、每句七个汉字。",谁谓天不憗，孤云无所依。悠悠出山去，落日不能归。,True,4,"[5, 5, 5, 5]",[]
T0440,theme_generation,伤春,七言绝句,"请围绕主题“伤春”创作一首七言绝句。
要求：只输出诗词正文，不要标题、解释、赏析、序号或任何说明文字。
格式要求：五言绝句为四句、每句五个汉字；七言绝句为四句、每句七个汉字。",花发无人管，莺啼不待催。芳心自相悦，浑不解愁来。。。。。,False,4,"[5, 5, 5, 5]","[""第 1 句字数错误：期望 7 字，实际 5 字"", ""第 2 句字数错误：期望 7 字，实际 5 字"", ""第 3 句字数错误：期望 7 字，实际 5 字"", ""第 4 句字数错误：期望 7 字，实际 5 字""]"
T0441,theme_generation,人生,五言绝句,"请围绕主题“人生”创作一首五言绝句。
要求：只输出诗词正文，不要标题、解释、赏析、序号或任何说明文字。
格式要求：五言绝句为四句、每句五个汉字；七言绝句为四句、每句七个汉字。",人生何所忧，万事不由己。随缘且随分，便是修行地。,True,4,"[5, 5, 5, 5]",[]
T0442,theme_generation,时光,七言绝句,"请围绕主题“时光”创作一首七言绝句。
要求：只输出诗词正文，不要标题、解释、赏析、序号或任何说明文字。
格式要求：五言绝句为四句、每句五个汉字；七言绝句为四句、每句七个汉字。",一瞬光阴逝若梭，白驹过隙等消磨。劝君莫把青春恋，归去来兮奈老何。,True,4,"[7, 7, 7, 7]",[]
T0443,theme_generation,梦想,五言绝句,"请围绕主题“梦想”创作一首五言绝句。
要求：只输出诗词正文，不要标题、解释、赏析、序号或任何说明文字。
格式要求：五言绝句为四句、每句五个汉字；七言绝句为四句、每句七个汉字。",谁家少年子，飞盖入中闺。自嫌青骢马，不能走如飞。,True,4,"[5, 5, 5, 5]",[]
T0444,theme_generation,远方,七言绝句,"请围绕主题“远方”创作一首七言绝句。
要求：只输出诗词正文，不要标题、解释、赏析、序号或任何说明文字。
格式要求：五言绝句为四句、每句五个汉字；七言绝句为四句、每句七个汉字。",青帝无消息，东风懒出门。柳条何不展，留雪过寒温。,False,4,"[5, 5, 5, 5]","[""第 1 句字数错误：期望 7 字，实际 5 字"", ""第 2 句字数错误：期望 7 字，实际 5 字"", ""第 3 句字数错误：期望 7 字，实际 5 字"", ""第 4 句字数错误：期望 7 字，实际 5 字""]"
T0445,theme_generation,归隐,五言绝句,"请围绕主题“归隐”创作一首五言绝句。
要求：只输出诗词正文，不要标题、解释、赏析、序号或任何说明文字。
格式要求：五言绝句为四句、每句五个汉字；七言绝句为四句、每句七个汉字。",一别五十年，相逢忽凄然。如今各头白，此会恐无缘。,True,4,"[5, 5, 5, 5]",[]
T0446,theme_generation,漂泊,七言绝句,"请围绕主题“漂泊”创作一首七言绝句。
要求：只输出诗词正文，不要标题、解释、赏析、序号或任何说明文字。
格式要求：五言绝句为四句、每句五个汉字；七言绝句为四句、每句七个汉字。",老去何曾忆远游，向来漂泊似沙鸥。夜窗寂寂雨声急，一缕寒灯对楚囚。,True,4,"[7, 7, 7, 7]",[]
T0447,theme_generation,壮志,五言绝句,"请围绕主题“壮志”创作一首五言绝句。
要求：只输出诗词正文，不要标题、解释、赏析、序号或任何说明文字。
格式要求：五言绝句为四句、每句五个汉字；七言绝句为四句、每句七个汉字。",壮志犹未展，归田心已安。故园松月下，长忆钓寒澜。,True,4,"[5, 5, 5, 5]",[]
T0448,theme_generation,知己,七言绝句,"请围绕主题“知己”创作一首七言绝句。
要求：只输出诗词正文，不要标题、解释、赏析、序号或任何说明文字。
格式要求：五言绝句为四句、每句五个汉字；七言绝句为四句、每句七个汉字。",月照湘江静，清流碧玉寒。谁云天下士，知己在非烟。,False,4,"[5, 5, 5, 5]","[""第 1 句字数错误：期望 7 字，实际 5 字"", ""第 2 句字数错误：期望 7 字，实际 5 字"", ""第 3 句字数错误：期望 7 字，实际 5 字"", ""第 4 句字数错误：期望 7 字，实际 5 字""]"
T0449,theme_generation,故人,五言绝句,"请围绕主题“故人”创作一首五言绝句。
要求：只输出诗词正文，不要标题、解释、赏析、序号或任何说明文字。
格式要求：五言绝句为四句、每句五个汉字；七言绝句为四句、每句七个汉字。",故人知我心，岁暮肯相过。山火夜深起，野禽春更多。,True,4,"[5, 5, 5, 5]",[]
T0450,theme_generation,岁月,七言绝句,"请围绕主题“岁月”创作一首七言绝句。
要求：只输出诗词正文，不要标题、解释、赏析、序号或任何说明文字。
格式要求：五言绝句为四句、每句五个汉字；七言绝句为四句、每句七个汉字。",老僧无物系年华，日月如奔不停车。莫向此中寻兴替，古来多少少年华。,True,4,"[7, 7, 7, 7]",[]
T0451,theme_generation,边塞,五言绝句,"请围绕主题“边塞”创作一首五言绝句。
要求：只输出诗词正文，不要标题、解释、赏析、序号或任何说明文字。
格式要求：五言绝句为四句、每句五个汉字；七言绝句为四句、每句七个汉字。",天寒雁断行，日暮雪连营。纵有燕支绿，春愁似不醒。,True,4,"[5, 5, 5, 5]",[]
T0452,theme_generation,田园,七言绝句,"请围绕主题“田园”创作一首七言绝句。
要求：只输出诗词正文，不要标题、解释、赏析、序号或任何说明文字。
格式要求：五言绝句为四句、每句五个汉字；七言绝句为四句、每句七个汉字。",野老扶锄出，行歌采蕨归。山童喜相识，相唤入柴扉。,False,4,"[5, 5, 5, 5]","[""第 1 句字数错误：期望 7 字，实际 5 字"", ""第 2 句字数错误：期望 7 字，实际 5 字"", ""第 3 句字数错误：期望 7 字，实际 5 字"", ""第 4 句字数错误：期望 7 字，实际 5 字""]"
T0453,theme_generation,江南,五言绝句,"请围绕主题“江南”创作一首五言绝句。
要求：只输出诗词正文，不要标题、解释、赏析、序号或任何说明文字。
格式要求：五言绝句为四句、每句五个汉字；七言绝句为四句、每句七个汉字。",江上西风急，萧条欲暮天。扁舟如叶小，犹自挂孤烟。,True,4,"[5, 5, 5, 5]",[]
T0454,theme_generation,长安,七言绝句,"请围绕主题“长安”创作一首七言绝句。
要求：只输出诗词正文，不要标题、解释、赏析、序号或任何说明文字。
格式要求：五言绝句为四句、每句五个汉字；七言绝句为四句、每句七个汉字。",万里春愁重，孤舟夜泊时。梦多归未得，先听鹧鸪啼。,False,4,"[5, 5, 5, 5]","[""第 1 句字数错误：期望 7 字，实际 5 字"", ""第 2 句字数错误：期望 7 字，实际 5 字"", ""第 3 句字数错误：期望 7 字，实际 5 字"", ""第 4 句字数错误：期望 7 字，实际 5 字""]"
T0455,theme_generation,古寺,五言绝句,"请围绕主题“古寺”创作一首五言绝句。
要求：只输出诗词正文，不要标题、解释、赏析、序号或任何说明文字。
格式要求：五言绝句为四句、每句五个汉字；七言绝句为四句、每句七个汉字。",古寺无人到，闲庭草色迷。鸟鸣山雨后，花落昼阴西。,True,4,"[5, 5, 5, 5]",[]
T0456,theme_generation,夜雨,七言绝句,"请围绕主题“夜雨”创作一首七言绝句。
要求：只输出诗词正文，不要标题、解释、赏析、序号或任何说明文字。
格式要求：五言绝句为四句、每句五个汉字；七言绝句为四句、每句七个汉字。",万室千村聚，高城独倚空。楼台在何处，夜雨湿云中。。。。。。。,False,4,"[5, 5, 5, 5]","[""第 1 句字数错误：期望 7 字，实际 5 字"", ""第 2 句字数错误：期望 7 字，实际 5 字"", ""第 3 句字数错误：期望 7 字，实际 5 字"", ""第 4 句字数错误：期望 7 字，实际 5 字""]"
T0457,theme_generation,客栈,五言绝句,"请围绕主题“客栈”创作一首五言绝句。
要求：只输出诗词正文，不要标题、解释、赏析、序号或任何说明文字。
格式要求：五言绝句为四句、每句五个汉字；七言绝句为四句、每句七个汉字。",有酒谁伴醉，无人共说诗。客愁终夜少，春梦有时宜。,True,4,"[5, 5, 5, 5]",[]
T0458,theme_generation,渡口,七言绝句,"请围绕主题“渡口”创作一首七言绝句。
要求：只输出诗词正文，不要标题、解释、赏析、序号或任何说明文字。
格式要求：五言绝句为四句、每句五个汉字；七言绝句为四句、每句七个汉字。",独木桥横古渡头，夕阳孤影落汀洲。渔翁把得鱼来卖，笑傲人间万事休。,True,4,"[7, 7, 7, 7]",[]
T0459,theme_generation,山村,五言绝句,"请围绕主题“山村”创作一首五言绝句。
要求：只输出诗词正文，不要标题、解释、赏析、序号或任何说明文字。
格式要求：五言绝句为四句、每句五个汉字；七言绝句为四句、每句七个汉字。",野蔓缘崖长，寒泉映石流。山禽啼不已，终是喜春秋。,True,4,"[5, 5, 5, 5]",[]
T0460,theme_generation,渔家,七言绝句,"请围绕主题“渔家”创作一首七言绝句。
要求：只输出诗词正文，不要标题、解释、赏析、序号或任何说明文字。
格式要求：五言绝句为四句、每句五个汉字；七言绝句为四句、每句七个汉字。",水际人烟少，沙痕日日新。小舟轻似叶，容易值狂飇。,False,4,"[5, 5, 5, 5]","[""第 1 句字数错误：期望 7 字，实际 5 字"", ""第 2 句字数错误：期望 7 字，实际 5 字"", ""第 3 句字数错误：期望 7 字，实际 5 字"", ""第 4 句字数错误：期望 7 字，实际 5 字""]"
T0461,theme_generation,美酒,五言绝句,"请围绕主题“美酒”创作一首五言绝句。
要求：只输出诗词正文，不要标题、解释、赏析、序号或任何说明文字。
格式要求：五言绝句为四句、每句五个汉字；七言绝句为四句、每句七个汉字。",春暖百卉芳，秋来万叶赤。独此松柏青，岁寒心不格。,True,4,"[5, 5, 5, 5]",[]
T0462,theme_generation,琴声,七言绝句,"请围绕主题“琴声”创作一首七言绝句。
要求：只输出诗词正文，不要标题、解释、赏析、序号或任何说明文字。
格式要求：五言绝句为四句、每句五个汉字；七言绝句为四句、每句七个汉字。",春水绿于蓝，春山碧于玉。坐久月到门，夜深人忆君。,False,4,"[5, 5, 5, 5]","[""第 1 句字数错误：期望 7 字，实际 5 字"", ""第 2 句字数错误：期望 7 字，实际 5 字"", ""第 3 句字数错误：期望 7 字，实际 5 字"", ""第 4 句字数错误：期望 7 字，实际 5 字""]"
T0463,theme_generation,书卷,五言绝句,"请围绕主题“书卷”创作一首五言绝句。
要求：只输出诗词正文，不要标题、解释、赏析、序号或任何说明文字。
格式要求：五言绝句为四句、每句五个汉字；七言绝句为四句、每句七个汉字。",一编寒食帖，百衲老僧衣。尽日无人看，春风独自归。,True,4,"[5, 5, 5, 5]",[]
T0464,theme_generation,灯火,七言绝句,"请围绕主题“灯火”创作一首七言绝句。
要求：只输出诗词正文，不要标题、解释、赏析、序号或任何说明文字。
格式要求：五言绝句为四句、每句五个汉字；七言绝句为四句、每句七个汉字。",秋夜多情思，新愁旧恨长。雨声灯影外，月色雁行边。,False,4,"[5, 5, 5, 5]","[""第 1 句字数错误：期望 7 字，实际 5 字"", ""第 2 句字数错误：期望 7 字，实际 5 字"", ""第 3 句字数错误：期望 7 字，实际 5 字"", ""第 4 句字数错误：期望 7 字，实际 5 字""]"
T0465,theme_generation,诗酒,五言绝句,"请围绕主题“诗酒”创作一首五言绝句。
要求：只输出诗词正文，不要标题、解释、赏析、序号或任何说明文字。
格式要求：五言绝句为四句、每句五个汉字；七言绝句为四句、每句七个汉字。",风急摇双桨，天寒缩两衾。自怜孤客意，独听九秋砧。,True,4,"[5, 5, 5, 5]",[]
T0466,theme_generation,征人,七言绝句,"请围绕主题“征人”创作一首七言绝句。
要求：只输出诗词正文，不要标题、解释、赏析、序号或任何说明文字。
格式要求：五言绝句为四句、每句五个汉字；七言绝句为四句、每句七个汉字。",三军尽回首，遥望玉门关。唯余戍边者，金甲暗愁颜。,False,4,"[5, 5, 5, 5]","[""第 1 句字数错误：期望 7 字，实际 5 字"", ""第 2 句字数错误：期望 7 字，实际 5 字"", ""第 3 句字数错误：期望 7 字，实际 5 字"", ""第 4 句字数错误：期望 7 字，实际 5 字""]"
T0467,theme_generation,游子,五言绝句,"请围绕主题“游子”创作一首五言绝句。
要求：只输出诗词正文，不要标题、解释、赏析、序号或任何说明文字。
格式要求：五言绝句为四句、每句五个汉字；七言绝句为四句、每句七个汉字。",寒食东风起，春愁正断魂。遥知双燕语，似向客边言。,True,4,"[5, 5, 5, 5]",[]
T0468,theme_generation,故乡,七言绝句,"请围绕主题“故乡”创作一首七言绝句。
要求：只输出诗词正文，不要标题、解释、赏析、序号或任何说明文字。
格式要求：五言绝句为四句、每句五个汉字；七言绝句为四句、每句七个汉字。",自别乡关近一年，寒衣未寄到江边。无端又渡钱塘水，空忆钱塘酒垆前。,True,4,"[7, 7, 7, 7]",[]
T0469,theme_generation,关山,五言绝句,"请围绕主题“关山”创作一首五言绝句。
要求：只输出诗词正文，不要标题、解释、赏析、序号或任何说明文字。
格式要求：五言绝句为四句、每句五个汉字；七言绝句为四句、每句七个汉字。",陇头无住处，云水去悠悠。别恨不知极，千山复万楼。,True,4,"[5, 5, 5, 5]",[]
T0470,theme_generation,楼台,七言绝句,"请围绕主题“楼台”创作一首七言绝句。
要求：只输出诗词正文，不要标题、解释、赏析、序号或任何说明文字。
格式要求：五言绝句为四句、每句五个汉字；七言绝句为四句、每句七个汉字。",一水抱城流，三山排浪浮。江村多胜景，来者不能休。。)。)。)。),False,8,"[5, 5, 5, 5, 0, 0, 0, 0]","[""明显重复"", ""句数错误：期望 4 句，实际 8 句"", ""第 1 句字数错误：期望 7 字，实际 5 字"", ""第 2 句字数错误：期望 7 字，实际 5 字"", ""第 3 句字数错误：期望 7 字，实际 5 字"", ""第 4 句字数错误：期望 7 字，实际 5 字"", ""第 5 句字数错误：期望 7 字，实际 0 字"", ""第 6 句字数错误：期望 7 字，实际 0 字"", ""第 7 句字数错误：期望 7 字，实际 0 字"", ""第 8 句字数错误：期望 7 字，实际 0 字""]"
T0471,theme_generation,晨景,五言绝句,"请围绕主题“晨景”创作一首五言绝句。
要求：只输出诗词正文，不要标题、解释、赏析、序号或任何说明文字。
格式要求：五言绝句为四句、每句五个汉字；七言绝句为四句、每句七个汉字。",日上扶桑树，霞开散绮罗。烟光随步远，春意逐人多。,True,4,"[5, 5, 5, 5]",[]
T0472,theme_generation,暮景,七言绝句,"请围绕主题“暮景”创作一首七言绝句。
要求：只输出诗词正文，不要标题、解释、赏析、序号或任何说明文字。
格式要求：五言绝句为四句、每句五个汉字；七言绝句为四句、每句七个汉字。",落日下西岑，秋声已入林。故山应更好，愁杀未归心。。。。。,False,4,"[5, 5, 5, 5]","[""第 1 句字数错误：期望 7 字，实际 5 字"", ""第 2 句字数错误：期望 7 字，实际 5 字"", ""第 3 句字数错误：期望 7 字，实际 5 字"", ""第 4 句字数错误：期望 7 字，实际 5 字""]"
T0473,theme_generation,湖上,五言绝句,"请围绕主题“湖上”创作一首五言绝句。
要求：只输出诗词正文，不要标题、解释、赏析、序号或任何说明文字。
格式要求：五言绝句为四句、每句五个汉字；七言绝句为四句、每句七个汉字。",我亦乘湖船，春晴去若飞。柳边风浪急，吹湿钓鱼衣。,True,4,"[5, 5, 5, 5]",[]
T0474,theme_generation,溪边,七言绝句,"请围绕主题“溪边”创作一首七言绝句。
要求：只输出诗词正文，不要标题、解释、赏析、序号或任何说明文字。
格式要求：五言绝句为四句、每句五个汉字；七言绝句为四句、每句七个汉字。",溪边幽石上，落日半斜晖。自去自来人，空随鸥鹭飞。。。。。,False,4,"[5, 5, 5, 5]","[""第 1 句字数错误：期望 7 字，实际 5 字"", ""第 2 句字数错误：期望 7 字，实际 5 字"", ""第 3 句字数错误：期望 7 字，实际 5 字"", ""第 4 句字数错误：期望 7 字，实际 5 字""]"
T0475,theme_generation,山寺,五言绝句,"请围绕主题“山寺”创作一首五言绝句。
要求：只输出诗词正文，不要标题、解释、赏析、序号或任何说明文字。
格式要求：五言绝句为四句、每句五个汉字；七言绝句为四句、每句七个汉字。",高塔出浮云，寒泉泻石根。一篙春水急，不碍月华昏。,True,4,"[5, 5, 5, 5]",[]
T0476,theme_generation,秋夜,七言绝句,"请围绕主题“秋夜”创作一首七言绝句。
要求：只输出诗词正文，不要标题、解释、赏析、序号或任何说明文字。
格式要求：五言绝句为四句、每句五个汉字；七言绝句为四句、每句七个汉字。",万籁俱寂人未寝，秋风卷雨到枕席。梦回寒月挂东轩，起向空中弄飞雪。,True,4,"[7, 7, 7, 7]",[]
T0477,theme_generation,春游,五言绝句,"请围绕主题“春游”创作一首五言绝句。
要求：只输出诗词正文，不要标题、解释、赏析、序号或任何说明文字。
格式要求：五言绝句为四句、每句五个汉字；七言绝句为四句、每句七个汉字。",南国多佳人，窈窕若桃李。春心不可耐，含羞向谁寄。,True,4,"[5, 5, 5, 5]",[]
T0478,theme_generation,送别,七言绝句,"请围绕主题“送别”创作一首七言绝句。
要求：只输出诗词正文，不要标题、解释、赏析、序号或任何说明文字。
格式要求：五言绝句为四句、每句五个汉字；七言绝句为四句、每句七个汉字。",欲别牵郎衣，问郎游何处。不恨归日迟，莫向临邛去。。。。。,False,4,"[5, 5, 5, 5]","[""第 1 句字数错误：期望 7 字，实际 5 字"", ""第 2 句字数错误：期望 7 字，实际 5 字"", ""第 3 句字数错误：期望 7 字，实际 5 字"", ""第 4 句字数错误：期望 7 字，实际 5 字""]"
T0479,theme_generation,登高,五言绝句,"请围绕主题“登高”创作一首五言绝句。
要求：只输出诗词正文，不要标题、解释、赏析、序号或任何说明文字。
格式要求：五言绝句为四句、每句五个汉字；七言绝句为四句、每句七个汉字。",故旧无书疏，相逢即泪流。伤心怀祖逖，一节至今秋。,True,4,"[5, 5, 5, 5]",[]
T0480,theme_generation,望月,七言绝句,"请围绕主题“望月”创作一首七言绝句。
要求：只输出诗词正文，不要标题、解释、赏析、序号或任何说明文字。
格式要求：五言绝句为四句、每句五个汉字；七言绝句为四句、每句七个汉字。",天汉斜平渡，银潢冷浸秋。玉绳低欲下，纤手拨河流。,False,4,"[5, 5, 5, 5]","[""第 1 句字数错误：期望 7 字，实际 5 字"", ""第 2 句字数错误：期望 7 字，实际 5 字"", ""第 3 句字数错误：期望 7 字，实际 5 字"", ""第 4 句字数错误：期望 7 字，实际 5 字""]"
T0481,theme_generation,听雨,五言绝句,"请围绕主题“听雨”创作一首五言绝句。
要求：只输出诗词正文，不要标题、解释、赏析、序号或任何说明文字。
格式要求：五言绝句为四句、每句五个汉字；七言绝句为四句、每句七个汉字。",一窗风淅沥，万壑雨萧瑟。独坐夜何其，空阶滴秋思。,True,4,"[5, 5, 5, 5]",[]
T0482,theme_generation,赏花,七言绝句,"请围绕主题“赏花”创作一首七言绝句。
要求：只输出诗词正文，不要标题、解释、赏析、序号或任何说明文字。
格式要求：五言绝句为四句、每句五个汉字；七言绝句为四句、每句七个汉字。",独酌酒一杯，和花满把挼。天风吹不断，香在玉壶中。,False,4,"[5, 5, 5, 5]","[""第 1 句字数错误：期望 7 字，实际 5 字"", ""第 2 句字数错误：期望 7 字，实际 5 字"", ""第 3 句字数错误：期望 7 字，实际 5 字"", ""第 4 句字数错误：期望 7 字，实际 5 字""]"
T0483,theme_generation,观潮,五言绝句,"请围绕主题“观潮”创作一首五言绝句。
要求：只输出诗词正文，不要标题、解释、赏析、序号或任何说明文字。
格式要求：五言绝句为四句、每句五个汉字；七言绝句为四句、每句七个汉字。",海门开玉镜，天汉挂冰轮。何许扬清响，遥知弄水人。,True,4,"[5, 5, 5, 5]",[]
T0484,theme_generation,塞外,七言绝句,"请围绕主题“塞外”创作一首七言绝句。
要求：只输出诗词正文，不要标题、解释、赏析、序号或任何说明文字。
格式要求：五言绝句为四句、每句五个汉字；七言绝句为四句、每句七个汉字。",胡尘满汉关，征马度阴山。欲逐三秋鴈，先随一劒还。,False,4,"[5, 5, 5, 5]","[""第 1 句字数错误：期望 7 字，实际 5 字"", ""第 2 句字数错误：期望 7 字，实际 5 字"", ""第 3 句字数错误：期望 7 字，实际 5 字"", ""第 4 句字数错误：期望 7 字，实际 5 字""]"
T0485,theme_generation,军旅,五言绝句,"请围绕主题“军旅”创作一首五言绝句。
要求：只输出诗词正文，不要标题、解释、赏析、序号或任何说明文字。
格式要求：五言绝句为四句、每句五个汉字；七言绝句为四句、每句七个汉字。",鼓角悲壮壮，旌旗相蔽亏。胡儿吹短笛，汉月照连樵。,True,4,"[5, 5, 5, 5]",[]
T0486,theme_generation,宫怨,七言绝句,"请围绕主题“宫怨”创作一首七言绝句。
要求：只输出诗词正文，不要标题、解释、赏析、序号或任何说明文字。
格式要求：五言绝句为四句、每句五个汉字；七言绝句为四句、每句七个汉字。",宝瑟空凝思，金尊但贮愁。年年长是醉，不饮到中秋。。。。。,False,4,"[5, 5, 5, 5]","[""第 1 句字数错误：期望 7 字，实际 5 字"", ""第 2 句字数错误：期望 7 字，实际 5 字"", ""第 3 句字数错误：期望 7 字，实际 5 字"", ""第 4 句字数错误：期望 7 字，实际 5 字""]"
T0487,theme_generation,闺思,五言绝句,"请围绕主题“闺思”创作一首五言绝句。
要求：只输出诗词正文，不要标题、解释、赏析、序号或任何说明文字。
格式要求：五言绝句为四句、每句五个汉字；七言绝句为四句、每句七个汉字。",燕语日将夕，莺啼风正寒。独眠春悄悄，花落酒杯干。,True,4,"[5, 5, 5, 5]",[]
T0488,theme_generation,农家,七言绝句,"请围绕主题“农家”创作一首七言绝句。
要求：只输出诗词正文，不要标题、解释、赏析、序号或任何说明文字。
格式要求：五言绝句为四句、每句五个汉字；七言绝句为四句、每句七个汉字。",一雨秋成半，千林叶脱初。谁怜田父老，独有稻苗余。,False,4,"[5, 5, 5, 5]","[""第 1 句字数错误：期望 7 字，实际 5 字"", ""第 2 句字数错误：期望 7 字，实际 5 字"", ""第 3 句字数错误：期望 7 字，实际 5 字"", ""第 4 句字数错误：期望 7 字，实际 5 字""]"
T0489,theme_generation,渔舟,五言绝句,"请围绕主题“渔舟”创作一首五言绝句。
要求：只输出诗词正文，不要标题、解释、赏析、序号或任何说明文字。
格式要求：五言绝句为四句、每句五个汉字；七言绝句为四句、每句七个汉字。",夜雨连明坐，春风吹梦回。觉来知是幻，聊此记船斋。,True,4,"[5, 5, 5, 5]",[]
T0490,theme_generation,山居,七言绝句,"请围绕主题“山居”创作一首七言绝句。
要求：只输出诗词正文，不要标题、解释、赏析、序号或任何说明文字。
格式要求：五言绝句为四句、每句五个汉字；七言绝句为四句、每句七个汉字。",小窗才容膝，一室亦容身。更著何所有，蒲团禅二斤。。。。。,False,4,"[5, 5, 5, 5]","[""第 1 句字数错误：期望 7 字，实际 5 字"", ""第 2 句字数错误：期望 7 字，实际 5 字"", ""第 3 句字数错误：期望 7 字，实际 5 字"", ""第 4 句字数错误：期望 7 字，实际 5 字""]"
T0491,theme_generation,旅夜,五言绝句,"请围绕主题“旅夜”创作一首五言绝句。
要求：只输出诗词正文，不要标题、解释、赏析、序号或任何说明文字。
格式要求：五言绝句为四句、每句五个汉字；七言绝句为四句、每句七个汉字。",露气侵书幌，天风动客衣。平生湖海志，不念雁南飞。,True,4,"[5, 5, 5, 5]",[]
T0492,theme_generation,夏雨,七言绝句,"请围绕主题“夏雨”创作一首七言绝句。
要求：只输出诗词正文，不要标题、解释、赏析、序号或任何说明文字。
格式要求：五言绝句为四句、每句五个汉字；七言绝句为四句、每句七个汉字。",初晴麦陇风，喜气生人穷。谁识先生意，翛然山泽中。。。。。。。,False,4,"[5, 5, 5, 5]","[""第 1 句字数错误：期望 7 字，实际 5 字"", ""第 2 句字数错误：期望 7 字，实际 5 字"", ""第 3 句字数错误：期望 7 字，实际 5 字"", ""第 4 句字数错误：期望 7 字，实际 5 字""]"
T0493,theme_generation,冬夜,五言绝句,"请围绕主题“冬夜”创作一首五言绝句。
要求：只输出诗词正文，不要标题、解释、赏析、序号或任何说明文字。
格式要求：五言绝句为四句、每句五个汉字；七言绝句为四句、每句七个汉字。",天寒雁不到，霜重鴈难栖。谁道鸿毛轻，翻从芦苇飞。,True,4,"[5, 5, 5, 5]",[]
T0494,theme_generation,梅雪,七言绝句,"请围绕主题“梅雪”创作一首七言绝句。
要求：只输出诗词正文，不要标题、解释、赏析、序号或任何说明文字。
格式要求：五言绝句为四句、每句五个汉字；七言绝句为四句、每句七个汉字。",梅花开未歇，飘零半成泥。幽人独有恨，白日向卑栖。,False,4,"[5, 5, 5, 5]","[""第 1 句字数错误：期望 7 字，实际 5 字"", ""第 2 句字数错误：期望 7 字，实际 5 字"", ""第 3 句字数错误：期望 7 字，实际 5 字"", ""第 4 句字数错误：期望 7 字，实际 5 字""]"
T0495,theme_generation,兰亭,五言绝句,"请围绕主题“兰亭”创作一首五言绝句。
要求：只输出诗词正文，不要标题、解释、赏析、序号或任何说明文字。
格式要求：五言绝句为四句、每句五个汉字；七言绝句为四句、每句七个汉字。",此地曾题记，人亡字尚存。空余一溪水，流作九回村。,True,4,"[5, 5, 5, 5]",[]
T0496,theme_generation,边月,七言绝句,"请围绕主题“边月”创作一首七言绝句。
要求：只输出诗词正文，不要标题、解释、赏析、序号或任何说明文字。
格式要求：五言绝句为四句、每句五个汉字；七言绝句为四句、每句七个汉字。",关外行人绝，乡书无处寻。独看边月夜，还忆故园心。,False,4,"[5, 5, 5, 5]","[""第 1 句字数错误：期望 7 字，实际 5 字"", ""第 2 句字数错误：期望 7 字，实际 5 字"", ""第 3 句字数错误：期望 7 字，实际 5 字"", ""第 4 句字数错误：期望 7 字，实际 5 字""]"
T0497,theme_generation,江雪,五言绝句,"请围绕主题“江雪”创作一首五言绝句。
要求：只输出诗词正文，不要标题、解释、赏析、序号或任何说明文字。
格式要求：五言绝句为四句、每句五个汉字；七言绝句为四句、每句七个汉字。",云覆山前路，风生水上波。可怜沙上月，偏照客愁多。,True,4,"[5, 5, 5, 5]",[]
T0498,theme_generation,云梦,七言绝句,"请围绕主题“云梦”创作一首七言绝句。
要求：只输出诗词正文，不要标题、解释、赏析、序号或任何说明文字。
格式要求：五言绝句为四句、每句五个汉字；七言绝句为四句、每句七个汉字。",汉使何时入郢门，南朝遗事水边闻。年年江草随春绿，不为云台旧主分。,True,4,"[7, 7, 7, 7]",[]
T0499,theme_generation,雨巷,五言绝句,"请围绕主题“雨巷”创作一首五言绝句。
要求：只输出诗词正文，不要标题、解释、赏析、序号或任何说明文字。
格式要求：五言绝句为四句、每句五个汉字；七言绝句为四句、每句七个汉字。",春水带烟深，春山叠翠深。凭君住一宿，听雨看花心。,True,4,"[5, 5, 5, 5]",[]
T0500,theme_generation,古道,七言绝句,"请围绕主题“古道”创作一首七言绝句。
要求：只输出诗词正文，不要标题、解释、赏析、序号或任何说明文字。
格式要求：五言绝句为四句、每句五个汉字；七言绝句为四句、每句七个汉字。",古木修篁路，幽禽百啭时。十年三过此，物态几曾衰。。。。,False,4,"[5, 5, 5, 5]","[""第 1 句字数错误：期望 7 字，实际 5 字"", ""第 2 句字数错误：期望 7 字，实际 5 字"", ""第 3 句字数错误：期望 7 字，实际 5 字"", ""第 4 句字数错误：期望 7 字，实际 5 字""]"
T0501,theme_generation,春天,五言绝句,"请围绕主题“春天”创作一首五言绝句。
要求：只输出诗词正文，不要标题、解释、赏析、序号或任何说明文字。
格式要求：五言绝句为四句、每句五个汉字；七言绝句为四句、每句七个汉字。",绿满平芜地，红添远岫山。风光都占断，春色到人间。,True,4,"[5, 5, 5, 5]",[]
T0502,theme_generation,夏日,七言绝句,"请围绕主题“夏日”创作一首七言绝句。
要求：只输出诗词正文，不要标题、解释、赏析、序号或任何说明文字。
格式要求：五言绝句为四句、每句五个汉字；七言绝句为四句、每句七个汉字。",昼日长如岁，闲居兴易阑。却思城外寺，高卧枕江看。,False,4,"[5, 5, 5, 5]","[""第 1 句字数错误：期望 7 字，实际 5 字"", ""第 2 句字数错误：期望 7 字，实际 5 字"", ""第 3 句字数错误：期望 7 字，实际 5 字"", ""第 4 句字数错误：期望 7 字，实际 5 字""]"
T0503,theme_generation,秋思,五言绝句,"请围绕主题“秋思”创作一首五言绝句。
要求：只输出诗词正文，不要标题、解释、赏析、序号或任何说明文字。
格式要求：五言绝句为四句、每句五个汉字；七言绝句为四句、每句七个汉字。",残暑犹未退，秋风已觉寒。西楼聊一望，落日倚栏干。,True,4,"[5, 5, 5, 5]",[]
T0504,theme_generation,冬雪,七言绝句,"请围绕主题“冬雪”创作一首七言绝句。
要求：只输出诗词正文，不要标题、解释、赏析、序号或任何说明文字。
格式要求：五言绝句为四句、每句五个汉字；七言绝句为四句、每句七个汉字。",万里胡天夜，风高汉月孤。应怜抱关者，犹坐守王都。。。。。,False,4,"[5, 5, 5, 5]","[""第 1 句字数错误：期望 7 字，实际 5 字"", ""第 2 句字数错误：期望 7 字，实际 5 字"", ""第 3 句字数错误：期望 7 字，实际 5 字"", ""第 4 句字数错误：期望 7 字，实际 5 字""]"
T0505,theme_generation,春雨,五言绝句,"请围绕主题“春雨”创作一首五言绝句。
要求：只输出诗词正文，不要标题、解释、赏析、序号或任何说明文字。
格式要求：五言绝句为四句、每句五个汉字；七言绝句为四句、每句七个汉字。",一夜春风雨，朝来黄叶村。数声深树鸟，唤起故山魂。,True,4,"[5, 5, 5, 5]",[]
T0506,theme_generation,秋风,七言绝句,"请围绕主题“秋风”创作一首七言绝句。
要求：只输出诗词正文，不要标题、解释、赏析、序号或任何说明文字。
格式要求：五言绝句为四句、每句五个汉字；七言绝句为四句、每句七个汉字。",露叶翻翻雨脚微，稻畦深处有新机。夜凉谁把乌纱濯，来听秋声更欲归。,True,4,"[7, 7, 7, 7]",[]
T0507,theme_generation,寒冬,五言绝句,"请围绕主题“寒冬”创作一首五言绝句。
要求：只输出诗词正文，不要标题、解释、赏析、序号或任何说明文字。
格式要求：五言绝句为四句、每句五个汉字；七言绝句为四句、每句七个汉字。",寒月似无色，雪云如不流。可怜幽独处，夜与古心游。,True,4,"[5, 5, 5, 5]",[]
T0508,theme_generation,新年,七言绝句,"请围绕主题“新年”创作一首七言绝句。
要求：只输出诗词正文，不要标题、解释、赏析、序号或任何说明文字。
格式要求：五言绝句为四句、每句五个汉字；七言绝句为四句、每句七个汉字。",病身如客久，春事已惊心。忽有故人信，能令病骨醒。。。。,False,4,"[5, 5, 5, 5]","[""第 1 句字数错误：期望 7 字，实际 5 字"", ""第 2 句字数错误：期望 7 字，实际 5 字"", ""第 3 句字数错误：期望 7 字，实际 5 字"", ""第 4 句字数错误：期望 7 字，实际 5 字""]"
T0509,theme_generation,清明,五言绝句,"请围绕主题“清明”创作一首五言绝句。
要求：只输出诗词正文，不要标题、解释、赏析、序号或任何说明文字。
格式要求：五言绝句为四句、每句五个汉字；七言绝句为四句、每句七个汉字。",露泣寒花惨，山随暮雪深。百年都几日，半是客中寻。,True,4,"[5, 5, 5, 5]",[]
T0510,theme_generation,中秋,七言绝句,"请围绕主题“中秋”创作一首七言绝句。
要求：只输出诗词正文，不要标题、解释、赏析、序号或任何说明文字。
格式要求：五言绝句为四句、每句五个汉字；七言绝句为四句、每句七个汉字。",八月秋光好，清辉万里同。年年今夜月，长在别离中。,False,4,"[5, 5, 5, 5]","[""第 1 句字数错误：期望 7 字，实际 5 字"", ""第 2 句字数错误：期望 7 字，实际 5 字"", ""第 3 句字数错误：期望 7 字，实际 5 字"", ""第 4 句字数错误：期望 7 字，实际 5 字""]"
T0511,theme_generation,明月,五言绝句,"请围绕主题“明月”创作一首五言绝句。
要求：只输出诗词正文，不要标题、解释、赏析、序号或任何说明文字。
格式要求：五言绝句为四句、每句五个汉字；七言绝句为四句、每句七个汉字。",月色何太白，照我清夜魂。况复林花发，风来时一闻。,True,4,"[5, 5, 5, 5]",[]
T0512,theme_generation,清风,七言绝句,"请围绕主题“清风”创作一首七言绝句。
要求：只输出诗词正文，不要标题、解释、赏析、序号或任何说明文字。
格式要求：五言绝句为四句、每句五个汉字；七言绝句为四句、每句七个汉字。",秋入千林冷，风来十里香。不知谁氏子，吹作紫金章。,False,4,"[5, 5, 5, 5]","[""第 1 句字数错误：期望 7 字，实际 5 字"", ""第 2 句字数错误：期望 7 字，实际 5 字"", ""第 3 句字数错误：期望 7 字，实际 5 字"", ""第 4 句字数错误：期望 7 字，实际 5 字""]"
T0513,theme_generation,山水,五言绝句,"请围绕主题“山水”创作一首五言绝句。
要求：只输出诗词正文，不要标题、解释、赏析、序号或任何说明文字。
格式要求：五言绝句为四句、每句五个汉字；七言绝句为四句、每句七个汉字。",云气起山泽，松风生涧谷。泠泠岁事阑，坐此养真足。,True,4,"[5, 5, 5, 5]",[]
T0514,theme_generation,江河,七言绝句,"请围绕主题“江河”创作一首七言绝句。
要求：只输出诗词正文，不要标题、解释、赏析、序号或任何说明文字。
格式要求：五言绝句为四句、每句五个汉字；七言绝句为四句、每句七个汉字。",海国多风浪，江湖少岸沙。向来江万里，何事一乘槎。,False,4,"[5, 5, 5, 5]","[""第 1 句字数错误：期望 7 字，实际 5 字"", ""第 2 句字数错误：期望 7 字，实际 5 字"", ""第 3 句字数错误：期望 7 字，实际 5 字"", ""第 4 句字数错误：期望 7 字，实际 5 字""]"
T0515,theme_generation,大海,五言绝句,"请围绕主题“大海”创作一首五言绝句。
要求：只输出诗词正文，不要标题、解释、赏析、序号或任何说明文字。
格式要求：五言绝句为四句、每句五个汉字；七言绝句为四句、每句七个汉字。",大哉玄水际，万里无纤尘。何似天上下，分明见日轮。,True,4,"[5, 5, 5, 5]",[]
T0516,theme_generation,白云,七言绝句,"请围绕主题“白云”创作一首七言绝句。
要求：只输出诗词正文，不要标题、解释、赏析、序号或任何说明文字。
格式要求：五言绝句为四句、每句五个汉字；七言绝句为四句、每句七个汉字。",白日下空山，青山半空碧。独坐白云间，心同流水客。,False,4,"[5, 5, 5, 5]","[""第 1 句字数错误：期望 7 字，实际 5 字"", ""第 2 句字数错误：期望 7 字，实际 5 字"", ""第 3 句字数错误：期望 7 字，实际 5 字"", ""第 4 句字数错误：期望 7 字，实际 5 字""]"
T0517,theme_generation,落日,五言绝句,"请围绕主题“落日”创作一首五言绝句。
要求：只输出诗词正文，不要标题、解释、赏析、序号或任何说明文字。
格式要求：五言绝句为四句、每句五个汉字；七言绝句为四句、每句七个汉字。",天欲暮，山更青。孤烟明野水，一鸟度寒汀。,False,4,"[3, 3, 5, 5]","[""第 1 句字数错误：期望 5 字，实际 3 字"", ""第 2 句字数错误：期望 5 字，实际 3 字""]"
T0518,theme_generation,晚霞,七言绝句,"请围绕主题“晚霞”创作一首七言绝句。
要求：只输出诗词正文，不要标题、解释、赏析、序号或任何说明文字。
格式要求：五言绝句为四句、每句五个汉字；七言绝句为四句、每句七个汉字。",天末云犹合，风前鸟未还。何当开霁色，得见夕阴间。,False,4,"[5, 5, 5, 5]","[""第 1 句字数错误：期望 7 字，实际 5 字"", ""第 2 句字数错误：期望 7 字，实际 5 字"", ""第 3 句字数错误：期望 7 字，实际 5 字"", ""第 4 句字数错误：期望 7 字，实际 5 字""]"
T0519,theme_generation,青山,五言绝句,"请围绕主题“青山”创作一首五言绝句。
要求：只输出诗词正文，不要标题、解释、赏析、序号或任何说明文字。
格式要求：五言绝句为四句、每句五个汉字；七言绝句为四句、每句七个汉字。",水远天无际，山深雪有痕。云头高渐白，树底色何昏。,True,4,"[5, 5, 5, 5]",[]
T0520,theme_generation,流水,七言绝句,"请围绕主题“流水”创作一首七言绝句。
要求：只输出诗词正文，不要标题、解释、赏析、序号或任何说明文字。
格式要求：五言绝句为四句、每句五个汉字；七言绝句为四句、每句七个汉字。",清流泻月冷无痕，洗雨敲风远有村。多少古今愁事在，不随流水去销魂。,True,4,"[7, 7, 7, 7]",[]
T0521,theme_generation,花开,五言绝句,"请围绕主题“花开”创作一首五言绝句。
要求：只输出诗词正文，不要标题、解释、赏析、序号或任何说明文字。
格式要求：五言绝句为四句、每句五个汉字；七言绝句为四句、每句七个汉字。",芳草生香径，桃花落红泥。无人不思归，花雨暗莺啼。,True,4,"[5, 5, 5, 5]",[]
T0522,theme_generation,落花,七言绝句,"请围绕主题“落花”创作一首七言绝句。
要求：只输出诗词正文，不要标题、解释、赏析、序号或任何说明文字。
格式要求：五言绝句为四句、每句五个汉字；七言绝句为四句、每句七个汉字。","一从开到落，不省有香来。无复游蜂至，空余野蝶回。""。”。。""。""",False,8,"[5, 5, 5, 5, 0, 0, 0, 0]","[""明显重复"", ""句数错误：期望 4 句，实际 8 句"", ""第 1 句字数错误：期望 7 字，实际 5 字"", ""第 2 句字数错误：期望 7 字，实际 5 字"", ""第 3 句字数错误：期望 7 字，实际 5 字"", ""第 4 句字数错误：期望 7 字，实际 5 字"", ""第 5 句字数错误：期望 7 字，实际 0 字"", ""第 6 句字数错误：期望 7 字，实际 0 字"", ""第 7 句字数错误：期望 7 字，实际 0 字"", ""第 8 句字数错误：期望 7 字，实际 0 字""]"
T0523,theme_generation,杨柳,五言绝句,"请围绕主题“杨柳”创作一首五言绝句。
要求：只输出诗词正文，不要标题、解释、赏析、序号或任何说明文字。
格式要求：五言绝句为四句、每句五个汉字；七言绝句为四句、每句七个汉字。",长条翠丝笼，袅袅复依依。若遇东风暖，千门万户归。,True,4,"[5, 5, 5, 5]",[]
T0524,theme_generation,孤舟,七言绝句,"请围绕主题“孤舟”创作一首七言绝句。
要求：只输出诗词正文，不要标题、解释、赏析、序号或任何说明文字。
格式要求：五言绝句为四句、每句五个汉字；七言绝句为四句、每句七个汉字。",万顷湖光潋滟秋，扁舟聊泊钓鱼洲。明朝又作江湖梦，却忆沧浪是钓钩。,True,4,"[7, 7, 7, 7]",[]
T0525,theme_generation,飞鸟,五言绝句,"请围绕主题“飞鸟”创作一首五言绝句。
要求：只输出诗词正文，不要标题、解释、赏析、序号或任何说明文字。
格式要求：五言绝句为四句、每句五个汉字；七言绝句为四句、每句七个汉字。",白日驰车马，青山隔远天。遥知一鸟度，秋尽不成蝉。,True,4,"[5, 5, 5, 5]",[]
T0526,theme_generation,寒梅,七言绝句,"请围绕主题“寒梅”创作一首七言绝句。
要求：只输出诗词正文，不要标题、解释、赏析、序号或任何说明文字。
格式要求：五言绝句为四句、每句五个汉字；七言绝句为四句、每句七个汉字。",万花零落春将老，唯有寒梅独自妍。莫怪孤芳终见赏，不随桃李谩争妍。,True,4,"[7, 7, 7, 7]",[]
T0527,theme_generation,竹林,五言绝句,"请围绕主题“竹林”创作一首五言绝句。
要求：只输出诗词正文，不要标题、解释、赏析、序号或任何说明文字。
格式要求：五言绝句为四句、每句五个汉字；七言绝句为四句、每句七个汉字。",自入夏来雨，长林鸣处处。野老起开门，云深不见路。,True,4,"[5, 5, 5, 5]",[]
T0528,theme_generation,松柏,七言绝句,"请围绕主题“松柏”创作一首七言绝句。
要求：只输出诗词正文，不要标题、解释、赏析、序号或任何说明文字。
格式要求：五言绝句为四句、每句五个汉字；七言绝句为四句、每句七个汉字。",云岩有老树，岁久化为龙。何须问龙穴，但看满林松。。。。。。。。。,False,4,"[5, 5, 5, 5]","[""第 1 句字数错误：期望 7 字，实际 5 字"", ""第 2 句字数错误：期望 7 字，实际 5 字"", ""第 3 句字数错误：期望 7 字，实际 5 字"", ""第 4 句字数错误：期望 7 字，实际 5 字""]"
T0529,theme_generation,荷花,五言绝句,"请围绕主题“荷花”创作一首五言绝句。
要求：只输出诗词正文，不要标题、解释、赏析、序号或任何说明文字。
格式要求：五言绝句为四句、每句五个汉字；七言绝句为四句、每句七个汉字。",雨打芙蓉院，风飘荷叶桥。小姑年十六，春日采莲消。,True,4,"[5, 5, 5, 5]",[]
T0530,theme_generation,枫叶,七言绝句,"请围绕主题“枫叶”创作一首七言绝句。
要求：只输出诗词正文，不要标题、解释、赏析、序号或任何说明文字。
格式要求：五言绝句为四句、每句五个汉字；七言绝句为四句、每句七个汉字。",秋林红似锦，朝露碧于圭。惟有松间桂，能同雪共飞。,False,4,"[5, 5, 5, 5]","[""第 1 句字数错误：期望 7 字，实际 5 字"", ""第 2 句字数错误：期望 7 字，实际 5 字"", ""第 3 句字数错误：期望 7 字，实际 5 字"", ""第 4 句字数错误：期望 7 字，实际 5 字""]"
T0531,theme_generation,思乡,五言绝句,"请围绕主题“思乡”创作一首五言绝句。
要求：只输出诗词正文，不要标题、解释、赏析、序号或任何说明文字。
格式要求：五言绝句为四句、每句五个汉字；七言绝句为四句、每句七个汉字。",故园归去未，梦寐想岷峨。昨夜三更雨，山南水北多。,True,4,"[5, 5, 5, 5]",[]
T0532,theme_generation,离别,七言绝句,"请围绕主题“离别”创作一首七言绝句。
要求：只输出诗词正文，不要标题、解释、赏析、序号或任何说明文字。
格式要求：五言绝句为四句、每句五个汉字；七言绝句为四句、每句七个汉字。",别恨连芳树，春愁满落晖。风枝摇不定，雪片落还飞。,False,4,"[5, 5, 5, 5]","[""第 1 句字数错误：期望 7 字，实际 5 字"", ""第 2 句字数错误：期望 7 字，实际 5 字"", ""第 3 句字数错误：期望 7 字，实际 5 字"", ""第 4 句字数错误：期望 7 字，实际 5 字""]"
T0533,theme_generation,相思,五言绝句,"请围绕主题“相思”创作一首五言绝句。
要求：只输出诗词正文，不要标题、解释、赏析、序号或任何说明文字。
格式要求：五言绝句为四句、每句五个汉字；七言绝句为四句、每句七个汉字。",秋来种莼鲈，不忆在东鲁。应笑我何为，纷纷走名路。,True,4,"[5, 5, 5, 5]",[]
T0534,theme_generation,孤独,七言绝句,"请围绕主题“孤独”创作一首七言绝句。
要求：只输出诗词正文，不要标题、解释、赏析、序号或任何说明文字。
格式要求：五言绝句为四句、每句五个汉字；七言绝句为四句、每句七个汉字。",山雨黄昏后，江天月色孤。几声渔笛远，惊起落花湖。,False,4,"[5, 5, 5, 5]","[""第 1 句字数错误：期望 7 字，实际 5 字"", ""第 2 句字数错误：期望 7 字，实际 5 字"", ""第 3 句字数错误：期望 7 字，实际 5 字"", ""第 4 句字数错误：期望 7 字，实际 5 字""]"
T0535,theme_generation,怀古,五言绝句,"请围绕主题“怀古”创作一首五言绝句。
要求：只输出诗词正文，不要标题、解释、赏析、序号或任何说明文字。
格式要求：五言绝句为四句、每句五个汉字；七言绝句为四句、每句七个汉字。",江头杨柳枝，春尽青丝垂。那堪系妾恨，更向折时吹。,True,4,"[5, 5, 5, 5]",[]
T0536,theme_generation,忧愁,七言绝句,"请围绕主题“忧愁”创作一首七言绝句。
要求：只输出诗词正文，不要标题、解释、赏析、序号或任何说明文字。
格式要求：五言绝句为四句、每句五个汉字；七言绝句为四句、每句七个汉字。",行年已如此，何用更悲秋。风月无今古，荣华自去留。。。。。,False,4,"[5, 5, 5, 5]","[""第 1 句字数错误：期望 7 字，实际 5 字"", ""第 2 句字数错误：期望 7 字，实际 5 字"", ""第 3 句字数错误：期望 7 字，实际 5 字"", ""第 4 句字数错误：期望 7 字，实际 5 字""]"
T0537,theme_generation,喜悦,五言绝句,"请围绕主题“喜悦”创作一首五言绝句。
要求：只输出诗词正文，不要标题、解释、赏析、序号或任何说明文字。
格式要求：五言绝句为四句、每句五个汉字；七言绝句为四句、每句七个汉字。",有喜心应大，无愁目自开。庭前花烂熳，溪上草崔嵬。,True,4,"[5, 5, 5, 5]",[]
T0538,theme_generation,闲适,七言绝句,"请围绕主题“闲适”创作一首七言绝句。
要求：只输出诗词正文，不要标题、解释、赏析、序号或任何说明文字。
格式要求：五言绝句为四句、每句五个汉字；七言绝句为四句、每句七个汉字。",闲坐虚堂尽日长，小窗风细篆烟香。梅花落尽春归去，犹有残枝带雪黄。,True,4,"[7, 7, 7, 7]",[]
T0539,theme_generation,感怀,五言绝句,"请围绕主题“感怀”创作一首五言绝句。
要求：只输出诗词正文，不要标题、解释、赏析、序号或任何说明文字。
格式要求：五言绝句为四句、每句五个汉字；七言绝句为四句、每句七个汉字。",万里归来好，孤帆何处归？可怜江上望，独送故园飞。,True,4,"[5, 5, 5, 5]",[]
T0540,theme_generation,伤春,七言绝句,"请围绕主题“伤春”创作一首七言绝句。
要求：只输出诗词正文，不要标题、解释、赏析、序号或任何说明文字。
格式要求：五言绝句为四句、每句五个汉字；七言绝句为四句、每句七个汉字。",独倚危栏看落晖，天涯芳草正萋萋。东风无頼仍多事，又送残红入梦思。,True,4,"[7, 7, 7, 7]",[]
T0541,theme_generation,人生,五言绝句,"请围绕主题“人生”创作一首五言绝句。
要求：只输出诗词正文，不要标题、解释、赏析、序号或任何说明文字。
格式要求：五言绝句为四句、每句五个汉字；七言绝句为四句、每句七个汉字。",人生何草草，我老转悠悠。唯有山如此，年年常转头。,True,4,"[5, 5, 5, 5]",[]
T0542,theme_generation,时光,七言绝句,"请围绕主题“时光”创作一首七言绝句。
要求：只输出诗词正文，不要标题、解释、赏析、序号或任何说明文字。
格式要求：五言绝句为四句、每句五个汉字；七言绝句为四句、每句七个汉字。","人生百年身，半在愁苦中。不见古来人，有几个长终。""。"".。"".。",False,7,"[5, 5, 5, 5, 0, 0, 0]","[""明显重复"", ""句数错误：期望 4 句，实际 7 句"", ""第 1 句字数错误：期望 7 字，实际 5 字"", ""第 2 句字数错误：期望 7 字，实际 5 字"", ""第 3 句字数错误：期望 7 字，实际 5 字"", ""第 4 句字数错误：期望 7 字，实际 5 字"", ""第 5 句字数错误：期望 7 字，实际 0 字"", ""第 6 句字数错误：期望 7 字，实际 0 字"", ""第 7 句字数错误：期望 7 字，实际 0 字""]"
T0543,theme_generation,梦想,五言绝句,"请围绕主题“梦想”创作一首五言绝句。
要求：只输出诗词正文，不要标题、解释、赏析、序号或任何说明文字。
格式要求：五言绝句为四句、每句五个汉字；七言绝句为四句、每句七个汉字。",梦觉情何限，秋深夜正长。霜威寒入骨，一缕篆烟香。,True,4,"[5, 5, 5, 5]",[]
T0544,theme_generation,远方,七言绝句,"请围绕主题“远方”创作一首七言绝句。
要求：只输出诗词正文，不要标题、解释、赏析、序号或任何说明文字。
格式要求：五言绝句为四句、每句五个汉字；七言绝句为四句、每句七个汉字。",海国无消息，天涯有故人。相思久不语，一雨又残春。。。。,False,4,"[5, 5, 5, 5]","[""第 1 句字数错误：期望 7 字，实际 5 字"", ""第 2 句字数错误：期望 7 字，实际 5 字"", ""第 3 句字数错误：期望 7 字，实际 5 字"", ""第 4 句字数错误：期望 7 字，实际 5 字""]"
T0545,theme_generation,归隐,五言绝句,"请围绕主题“归隐”创作一首五言绝句。
要求：只输出诗词正文，不要标题、解释、赏析、序号或任何说明文字。
格式要求：五言绝句为四句、每句五个汉字；七言绝句为四句、每句七个汉字。",有酒且自醉，无花可须寻。有时风度水，何处不容针。,True,4,"[5, 5, 5, 5]",[]
T0546,theme_generation,漂泊,七言绝句,"请围绕主题“漂泊”创作一首七言绝句。
要求：只输出诗词正文，不要标题、解释、赏析、序号或任何说明文字。
格式要求：五言绝句为四句、每句五个汉字；七言绝句为四句、每句七个汉字。",飘泊无时了未归，寒灯明灭夜深微。梦魂不到江南岸，风卷芦花月正肥。,True,4,"[7, 7, 7, 7]",[]
T0547,theme_generation,壮志,五言绝句,"请围绕主题“壮志”创作一首五言绝句。
要求：只输出诗词正文，不要标题、解释、赏析、序号或任何说明文字。
格式要求：五言绝句为四句、每句五个汉字；七言绝句为四句、每句七个汉字。",壮志凌云去，功名付古人。可怜无计策，终老著青纶。,True,4,"[5, 5, 5, 5]",[]
T0548,theme_generation,知己,七言绝句,"请围绕主题“知己”创作一首七言绝句。
要求：只输出诗词正文，不要标题、解释、赏析、序号或任何说明文字。
格式要求：五言绝句为四句、每句五个汉字；七言绝句为四句、每句七个汉字。",知己未相逢，知音不复作。千载一存亡，山空月明多。,False,4,"[5, 5, 5, 5]","[""第 1 句字数错误：期望 7 字，实际 5 字"", ""第 2 句字数错误：期望 7 字，实际 5 字"", ""第 3 句字数错误：期望 7 字，实际 5 字"", ""第 4 句字数错误：期望 7 字，实际 5 字""]"
T0549,theme_generation,故人,五言绝句,"请围绕主题“故人”创作一首五言绝句。
要求：只输出诗词正文，不要标题、解释、赏析、序号或任何说明文字。
格式要求：五言绝句为四句、每句五个汉字；七言绝句为四句、每句七个汉字。",忆昔曾从宦，相看意自倾。谁知此沦谢，独有故人情。,True,4,"[5, 5, 5, 5]",[]
T0550,theme_generation,岁月,七言绝句,"请围绕主题“岁月”创作一首七言绝句。
要求：只输出诗词正文，不要标题、解释、赏析、序号或任何说明文字。
格式要求：五言绝句为四句、每句五个汉字；七言绝句为四句、每句七个汉字。",岁月悠悠去若斯，又寻遗事话曾知。几回欲识前朝盛，只有湖光似旧时。,True,4,"[7, 7, 7, 7]",[]
T0551,theme_generation,边塞,五言绝句,"请围绕主题“边塞”创作一首五言绝句。
要求：只输出诗词正文，不要标题、解释、赏析、序号或任何说明文字。
格式要求：五言绝句为四句、每句五个汉字；七言绝句为四句、每句七个汉字。",胡儿吹短笛，走马出中围。满眼皆戎虏，如何不泪垂。,True,4,"[5, 5, 5, 5]",[]
T0552,theme_generation,田园,七言绝句,"请围绕主题“田园”创作一首七言绝句。
要求：只输出诗词正文，不要标题、解释、赏析、序号或任何说明文字。
格式要求：五言绝句为四句、每句五个汉字；七言绝句为四句、每句七个汉字。",古木丛生草树长，鸡鸣犬吠隔溪村。此间自有烟霞趣，谁把功名挂眼根。,True,4,"[7, 7, 7, 7]",[]
T0553,theme_generation,江南,五言绝句,"请围绕主题“江南”创作一首五言绝句。
要求：只输出诗词正文，不要标题、解释、赏析、序号或任何说明文字。
格式要求：五言绝句为四句、每句五个汉字；七言绝句为四句、每句七个汉字。",江阔白波平，洲长绿树轻。渔翁何处在？烟雨一蓑行。,True,4,"[5, 5, 5, 5]",[]
T0554,theme_generation,长安,七言绝句,"请围绕主题“长安”创作一首七言绝句。
要求：只输出诗词正文，不要标题、解释、赏析、序号或任何说明文字。
格式要求：五言绝句为四句、每句五个汉字；七言绝句为四句、每句七个汉字。",汉殿生春早，和风度紫微。日华开霁色，春气著花枝。,False,4,"[5, 5, 5, 5]","[""第 1 句字数错误：期望 7 字，实际 5 字"", ""第 2 句字数错误：期望 7 字，实际 5 字"", ""第 3 句字数错误：期望 7 字，实际 5 字"", ""第 4 句字数错误：期望 7 字，实际 5 字""]"
T0555,theme_generation,古寺,五言绝句,"请围绕主题“古寺”创作一首五言绝句。
要求：只输出诗词正文，不要标题、解释、赏析、序号或任何说明文字。
格式要求：五言绝句为四句、每句五个汉字；七言绝句为四句、每句七个汉字。",古寺连秋水，幽斋出绿荷。平生无此乐，日到晚烟多。,True,4,"[5, 5, 5, 5]",[]
T0556,theme_generation,夜雨,七言绝句,"请围绕主题“夜雨”创作一首七言绝句。
要求：只输出诗词正文，不要标题、解释、赏析、序号或任何说明文字。
格式要求：五言绝句为四句、每句五个汉字；七言绝句为四句、每句七个汉字。",客愁生暮雨，宿鸟恋空林。秋思偏宜夜，寒灯共一衾。。。。。,False,4,"[5, 5, 5, 5]","[""第 1 句字数错误：期望 7 字，实际 5 字"", ""第 2 句字数错误：期望 7 字，实际 5 字"", ""第 3 句字数错误：期望 7 字，实际 5 字"", ""第 4 句字数错误：期望 7 字，实际 5 字""]"
T0557,theme_generation,客栈,五言绝句,"请围绕主题“客栈”创作一首五言绝句。
要求：只输出诗词正文，不要标题、解释、赏析、序号或任何说明文字。
格式要求：五言绝句为四句、每句五个汉字；七言绝句为四句、每句七个汉字。",一径通幽处，柴门对乱山。青灯读残史，古寺夜深关。,True,4,"[5, 5, 5, 5]",[]
T0558,theme_generation,渡口,七言绝句,"请围绕主题“渡口”创作一首七言绝句。
要求：只输出诗词正文，不要标题、解释、赏析、序号或任何说明文字。
格式要求：五言绝句为四句、每句五个汉字；七言绝句为四句、每句七个汉字。",沙岸无人渡古槎，月明千里客思家。潮声一夜西风急，惊起江头宿鹭鸶。,True,4,"[7, 7, 7, 7]",[]
T0559,theme_generation,山村,五言绝句,"请围绕主题“山村”创作一首五言绝句。
要求：只输出诗词正文，不要标题、解释、赏析、序号或任何说明文字。
格式要求：五言绝句为四句、每句五个汉字；七言绝句为四句、每句七个汉字。",石梁跨山腹，下有清浅流。仰看天如盆，更无片云浮。,True,4,"[5, 5, 5, 5]",[]
T0560,theme_generation,渔家,七言绝句,"请围绕主题“渔家”创作一首七言绝句。
要求：只输出诗词正文，不要标题、解释、赏析、序号或任何说明文字。
格式要求：五言绝句为四句、每句五个汉字；七言绝句为四句、每句七个汉字。",鱼贯江村夕照斜，樯乌飞落钓鱼槎。谁家吹笛船中月，一曲芦花风起时。,True,4,"[7, 7, 7, 7]",[]
T0561,theme_generation,美酒,五言绝句,"请围绕主题“美酒”创作一首五言绝句。
要求：只输出诗词正文，不要标题、解释、赏析、序号或任何说明文字。
格式要求：五言绝句为四句、每句五个汉字；七言绝句为四句、每句七个汉字。",金屋无人醉，琼林何处游。春风知别苦，专与水西流。,True,4,"[5, 5, 5, 5]",[]
T0562,theme_generation,琴声,七言绝句,"请围绕主题“琴声”创作一首七言绝句。
要求：只输出诗词正文，不要标题、解释、赏析、序号或任何说明文字。
格式要求：五言绝句为四句、每句五个汉字；七言绝句为四句、每句七个汉字。",一棹清溪夜，千岩万壑秋。水声和雨急，月色带山愁。,False,4,"[5, 5, 5, 5]","[""第 1 句字数错误：期望 7 字，实际 5 字"", ""第 2 句字数错误：期望 7 字，实际 5 字"", ""第 3 句字数错误：期望 7 字，实际 5 字"", ""第 4 句字数错误：期望 7 字，实际 5 字""]"
T0563,theme_generation,书卷,五言绝句,"请围绕主题“书卷”创作一首五言绝句。
要求：只输出诗词正文，不要标题、解释、赏析、序号或任何说明文字。
格式要求：五言绝句为四句、每句五个汉字；七言绝句为四句、每句七个汉字。",白日看云坐，清风对酒吟。何曾嫌简朴，唯恨少知音。,True,4,"[5, 5, 5, 5]",[]
T0564,theme_generation,灯火,七言绝句,"请围绕主题“灯火”创作一首七言绝句。
要求：只输出诗词正文，不要标题、解释、赏析、序号或任何说明文字。
格式要求：五言绝句为四句、每句五个汉字；七言绝句为四句、每句七个汉字。",灯影摇人语，风声碎雨丝。不眠还自起，独步小园西。,False,4,"[5, 5, 5, 5]","[""第 1 句字数错误：期望 7 字，实际 5 字"", ""第 2 句字数错误：期望 7 字，实际 5 字"", ""第 3 句字数错误：期望 7 字，实际 5 字"", ""第 4 句字数错误：期望 7 字，实际 5 字""]"
T0565,theme_generation,诗酒,五言绝句,"请围绕主题“诗酒”创作一首五言绝句。
要求：只输出诗词正文，不要标题、解释、赏析、序号或任何说明文字。
格式要求：五言绝句为四句、每句五个汉字；七言绝句为四句、每句七个汉字。",小醉春愁尽，新吟夜坐成。不辞归计早，肯向此闲行。,True,4,"[5, 5, 5, 5]",[]
T0566,theme_generation,征人,七言绝句,"请围绕主题“征人”创作一首七言绝句。
要求：只输出诗词正文，不要标题、解释、赏析、序号或任何说明文字。
格式要求：五言绝句为四句、每句五个汉字；七言绝句为四句、每句七个汉字。",朔吹何太急，胡尘未肯清。将军莫爱子，万里射雕行。,False,4,"[5, 5, 5, 5]","[""第 1 句字数错误：期望 7 字，实际 5 字"", ""第 2 句字数错误：期望 7 字，实际 5 字"", ""第 3 句字数错误：期望 7 字，实际 5 字"", ""第 4 句字数错误：期望 7 字，实际 5 字""]"
T0567,theme_generation,游子,五言绝句,"请围绕主题“游子”创作一首五言绝句。
要求：只输出诗词正文，不要标题、解释、赏析、序号或任何说明文字。
格式要求：五言绝句为四句、每句五个汉字；七言绝句为四句、每句七个汉字。",游子悲白发，故人零落尽。日月不可停，胡不归故园。,True,4,"[5, 5, 5, 5]",[]
T0568,theme_generation,故乡,七言绝句,"请围绕主题“故乡”创作一首七言绝句。
要求：只输出诗词正文，不要标题、解释、赏析、序号或任何说明文字。
格式要求：五言绝句为四句、每句五个汉字；七言绝句为四句、每句七个汉字。",春尽已无花，归心日夜加。故园渺何处，不似在邻家。,False,4,"[5, 5, 5, 5]","[""第 1 句字数错误：期望 7 字，实际 5 字"", ""第 2 句字数错误：期望 7 字，实际 5 字"", ""第 3 句字数错误：期望 7 字，实际 5 字"", ""第 4 句字数错误：期望 7 字，实际 5 字""]"
T0569,theme_generation,关山,五言绝句,"请围绕主题“关山”创作一首五言绝句。
要求：只输出诗词正文，不要标题、解释、赏析、序号或任何说明文字。
格式要求：五言绝句为四句、每句五个汉字；七言绝句为四句、每句七个汉字。",长亭更短亭，十里一停骖。独树无人别，惟应鸟道衔。,True,4,"[5, 5, 5, 5]",[]
T0570,theme_generation,楼台,七言绝句,"请围绕主题“楼台”创作一首七言绝句。
要求：只输出诗词正文，不要标题、解释、赏析、序号或任何说明文字。
格式要求：五言绝句为四句、每句五个汉字；七言绝句为四句、每句七个汉字。",楼台三百间，缭绕水云间。夜静秋霜重，星河入梦寒。,False,4,"[5, 5, 5, 5]","[""第 1 句字数错误：期望 7 字，实际 5 字"", ""第 2 句字数错误：期望 7 字，实际 5 字"", ""第 3 句字数错误：期望 7 字，实际 5 字"", ""第 4 句字数错误：期望 7 字，实际 5 字""]"
T0571,theme_generation,晨景,五言绝句,"请围绕主题“晨景”创作一首五言绝句。
要求：只输出诗词正文，不要标题、解释、赏析、序号或任何说明文字。
格式要求：五言绝句为四句、每句五个汉字；七言绝句为四句、每句七个汉字。",霁色开寒雾，山容出远村。鸟栖人迹静，春意自黄昏。,True,4,"[5, 5, 5, 5]",[]
T0572,theme_generation,暮景,七言绝句,"请围绕主题“暮景”创作一首七言绝句。
要求：只输出诗词正文，不要标题、解释、赏析、序号或任何说明文字。
格式要求：五言绝句为四句、每句五个汉字；七言绝句为四句、每句七个汉字。",风露吹人冷，星河逼夜深。更看山吐月，分作两重阴。,False,4,"[5, 5, 5, 5]","[""第 1 句字数错误：期望 7 字，实际 5 字"", ""第 2 句字数错误：期望 7 字，实际 5 字"", ""第 3 句字数错误：期望 7 字，实际 5 字"", ""第 4 句字数错误：期望 7 字，实际 5 字""]"
T0573,theme_generation,湖上,五言绝句,"请围绕主题“湖上”创作一首五言绝句。
要求：只输出诗词正文，不要标题、解释、赏析、序号或任何说明文字。
格式要求：五言绝句为四句、每句五个汉字；七言绝句为四句、每句七个汉字。",落日红如锦，高风白似茵。醉乡无远近，步到即仙人。,True,4,"[5, 5, 5, 5]",[]
T0574,theme_generation,溪边,七言绝句,"请围绕主题“溪边”创作一首七言绝句。
要求：只输出诗词正文，不要标题、解释、赏析、序号或任何说明文字。
格式要求：五言绝句为四句、每句五个汉字；七言绝句为四句、每句七个汉字。",日暖碧溪流，春来绿草幽。渔翁醉眠处，和叶卧苹洲。,False,4,"[5, 5, 5, 5]","[""第 1 句字数错误：期望 7 字，实际 5 字"", ""第 2 句字数错误：期望 7 字，实际 5 字"", ""第 3 句字数错误：期望 7 字，实际 5 字"", ""第 4 句字数错误：期望 7 字，实际 5 字""]"
T0575,theme_generation,山寺,五言绝句,"请围绕主题“山寺”创作一首五言绝句。
要求：只输出诗词正文，不要标题、解释、赏析、序号或任何说明文字。
格式要求：五言绝句为四句、每句五个汉字；七言绝句为四句、每句七个汉字。",路转层梯上，人归一径幽。夜深猿共宿，云外鴈和秋。,True,4,"[5, 5, 5, 5]",[]
T0576,theme_generation,秋夜,七言绝句,"请围绕主题“秋夜”创作一首七言绝句。
要求：只输出诗词正文，不要标题、解释、赏析、序号或任何说明文字。
格式要求：五言绝句为四句、每句五个汉字；七言绝句为四句、每句七个汉字。",雨声鸣夜屋，风露滴空庭。独坐无余事，高梧发啸声。,False,4,"[5, 5, 5, 5]","[""第 1 句字数错误：期望 7 字，实际 5 字"", ""第 2 句字数错误：期望 7 字，实际 5 字"", ""第 3 句字数错误：期望 7 字，实际 5 字"", ""第 4 句字数错误：期望 7 字，实际 5 字""]"
T0577,theme_generation,春游,五言绝句,"请围绕主题“春游”创作一首五言绝句。
要求：只输出诗词正文，不要标题、解释、赏析、序号或任何说明文字。
格式要求：五言绝句为四句、每句五个汉字；七言绝句为四句、每句七个汉字。",草色迷春径，烟光湿钓矶。偶无闲岁月，何处问玄机。,True,4,"[5, 5, 5, 5]",[]
T0578,theme_generation,送别,七言绝句,"请围绕主题“送别”创作一首七言绝句。
要求：只输出诗词正文，不要标题、解释、赏析、序号或任何说明文字。
格式要求：五言绝句为四句、每句五个汉字；七言绝句为四句、每句七个汉字。",秋光满柳堤，别恨向人低。日暮行人去，黄花过马齐。,False,4,"[5, 5, 5, 5]","[""第 1 句字数错误：期望 7 字，实际 5 字"", ""第 2 句字数错误：期望 7 字，实际 5 字"", ""第 3 句字数错误：期望 7 字，实际 5 字"", ""第 4 句字数错误：期望 7 字，实际 5 字""]"
T0579,theme_generation,登高,五言绝句,"请围绕主题“登高”创作一首五言绝句。
要求：只输出诗词正文，不要标题、解释、赏析、序号或任何说明文字。
格式要求：五言绝句为四句、每句五个汉字；七言绝句为四句、每句七个汉字。",我欲招魂兮，君当问礼。风凄天泬寥，日薄云阴翳。。,False,4,"[5, 4, 5, 5]","[""第 2 句字数错误：期望 5 字，实际 4 字""]"
T0580,theme_generation,望月,七言绝句,"请围绕主题“望月”创作一首七言绝句。
要求：只输出诗词正文，不要标题、解释、赏析、序号或任何说明文字。
格式要求：五言绝句为四句、每句五个汉字；七言绝句为四句、每句七个汉字。",人境两相忘，空山不记行。忽然敲竹处，身在广寒城。,False,4,"[5, 5, 5, 5]","[""第 1 句字数错误：期望 7 字，实际 5 字"", ""第 2 句字数错误：期望 7 字，实际 5 字"", ""第 3 句字数错误：期望 7 字，实际 5 字"", ""第 4 句字数错误：期望 7 字，实际 5 字""]"
T0581,theme_generation,听雨,五言绝句,"请围绕主题“听雨”创作一首五言绝句。
要求：只输出诗词正文，不要标题、解释、赏析、序号或任何说明文字。
格式要求：五言绝句为四句、每句五个汉字；七言绝句为四句、每句七个汉字。",空阶夜雨寒，不寐百忧端。应是思乡梦，灯前见汝南。,True,4,"[5, 5, 5, 5]",[]
T0582,theme_generation,赏花,七言绝句,"请围绕主题“赏花”创作一首七言绝句。
要求：只输出诗词正文，不要标题、解释、赏析、序号或任何说明文字。
格式要求：五言绝句为四句、每句五个汉字；七言绝句为四句、每句七个汉字。",人日雨新晴，百花如许盛。何须更问春，春在梅花上。,False,4,"[5, 5, 5, 5]","[""第 1 句字数错误：期望 7 字，实际 5 字"", ""第 2 句字数错误：期望 7 字，实际 5 字"", ""第 3 句字数错误：期望 7 字，实际 5 字"", ""第 4 句字数错误：期望 7 字，实际 5 字""]"
T0583,theme_generation,观潮,五言绝句,"请围绕主题“观潮”创作一首五言绝句。
要求：只输出诗词正文，不要标题、解释、赏析、序号或任何说明文字。
格式要求：五言绝句为四句、每句五个汉字；七言绝句为四句、每句七个汉字。",江空涌雪涛，山静卷银波。水伯自雄大，吾生奈若何。,True,4,"[5, 5, 5, 5]",[]
T0584,theme_generation,塞外,七言绝句,"请围绕主题“塞外”创作一首七言绝句。
要求：只输出诗词正文，不要标题、解释、赏析、序号或任何说明文字。
格式要求：五言绝句为四句、每句五个汉字；七言绝句为四句、每句七个汉字。",塞外雪中望，江南春未还。年年经战地，不见有归山。。。。。,False,4,"[5, 5, 5, 5]","[""第 1 句字数错误：期望 7 字，实际 5 字"", ""第 2 句字数错误：期望 7 字，实际 5 字"", ""第 3 句字数错误：期望 7 字，实际 5 字"", ""第 4 句字数错误：期望 7 字，实际 5 字""]"
T0585,theme_generation,军旅,五言绝句,"请围绕主题“军旅”创作一首五言绝句。
要求：只输出诗词正文，不要标题、解释、赏析、序号或任何说明文字。
格式要求：五言绝句为四句、每句五个汉字；七言绝句为四句、每句七个汉字。",战败无归日，临危欲死时。如今头已白，悔不早提师。,True,4,"[5, 5, 5, 5]",[]
T0586,theme_generation,宫怨,七言绝句,"请围绕主题“宫怨”创作一首七言绝句。
要求：只输出诗词正文，不要标题、解释、赏析、序号或任何说明文字。
格式要求：五言绝句为四句、每句五个汉字；七言绝句为四句、每句七个汉字。",翠被金炉暖，红弦玉柱长。春宵度银烛，秋夜入罗裳。。。。。。。,False,4,"[5, 5, 5, 5]","[""第 1 句字数错误：期望 7 字，实际 5 字"", ""第 2 句字数错误：期望 7 字，实际 5 字"", ""第 3 句字数错误：期望 7 字，实际 5 字"", ""第 4 句字数错误：期望 7 字，实际 5 字""]"
T0587,theme_generation,闺思,五言绝句,"请围绕主题“闺思”创作一首五言绝句。
要求：只输出诗词正文，不要标题、解释、赏析、序号或任何说明文字。
格式要求：五言绝句为四句、每句五个汉字；七言绝句为四句、每句七个汉字。",自别同心印，音容入梦频。只愁无路到，不那独伤神。,True,4,"[5, 5, 5, 5]",[]
T0588,theme_generation,农家,七言绝句,"请围绕主题“农家”创作一首七言绝句。
要求：只输出诗词正文，不要标题、解释、赏析、序号或任何说明文字。
格式要求：五言绝句为四句、每句五个汉字；七言绝句为四句、每句七个汉字。",老农锄雨又耘田，一犂耕破几峰前。不道今年新种秫，春来全胜去年年。,True,4,"[7, 7, 7, 7]",[]
T0589,theme_generation,渔舟,五言绝句,"请围绕主题“渔舟”创作一首五言绝句。
要求：只输出诗词正文，不要标题、解释、赏析、序号或任何说明文字。
格式要求：五言绝句为四句、每句五个汉字；七言绝句为四句、每句七个汉字。",风急寒涛起，江空夜月流。不将儿女恨，尽付小孤愁。,True,4,"[5, 5, 5, 5]",[]
T0590,theme_generation,山居,七言绝句,"请围绕主题“山居”创作一首七言绝句。
要求：只输出诗词正文，不要标题、解释、赏析、序号或任何说明文字。
格式要求：五言绝句为四句、每句五个汉字；七言绝句为四句、每句七个汉字。",闲处安身世外情，云深不碍步虚声。何如却向人间住，看尽千峰万壑横。,True,4,"[7, 7, 7, 7]",[]
T0591,theme_generation,旅夜,五言绝句,"请围绕主题“旅夜”创作一首五言绝句。
要求：只输出诗词正文，不要标题、解释、赏析、序号或任何说明文字。
格式要求：五言绝句为四句、每句五个汉字；七言绝句为四句、每句七个汉字。",客枕何须展，乡山不可思。雨声秋半夜，还梦故乡时。,True,4,"[5, 5, 5, 5]",[]
T0592,theme_generation,夏雨,七言绝句,"请围绕主题“夏雨”创作一首七言绝句。
要求：只输出诗词正文，不要标题、解释、赏析、序号或任何说明文字。
格式要求：五言绝句为四句、每句五个汉字；七言绝句为四句、每句七个汉字。",云外山无数，城头日半规。天机何太巧，不贷细丝飞。,False,4,"[5, 5, 5, 5]","[""第 1 句字数错误：期望 7 字，实际 5 字"", ""第 2 句字数错误：期望 7 字，实际 5 字"", ""第 3 句字数错误：期望 7 字，实际 5 字"", ""第 4 句字数错误：期望 7 字，实际 5 字""]"
T0593,theme_generation,冬夜,五言绝句,"请围绕主题“冬夜”创作一首五言绝句。
要求：只输出诗词正文，不要标题、解释、赏析、序号或任何说明文字。
格式要求：五言绝句为四句、每句五个汉字；七言绝句为四句、每句七个汉字。",风雪敲窗急，灯残夜未央。不知身是客，孤坐若为乡。,True,4,"[5, 5, 5, 5]",[]
T0594,theme_generation,梅雪,七言绝句,"请围绕主题“梅雪”创作一首七言绝句。
要求：只输出诗词正文，不要标题、解释、赏析、序号或任何说明文字。
格式要求：五言绝句为四句、每句五个汉字；七言绝句为四句、每句七个汉字。",平生冰雪操，玉树与梅同。莫为东风误，吹成桃李风。。。。。,False,4,"[5, 5, 5, 5]","[""第 1 句字数错误：期望 7 字，实际 5 字"", ""第 2 句字数错误：期望 7 字，实际 5 字"", ""第 3 句字数错误：期望 7 字，实际 5 字"", ""第 4 句字数错误：期望 7 字，实际 5 字""]"
T0595,theme_generation,兰亭,五言绝句,"请围绕主题“兰亭”创作一首五言绝句。
要求：只输出诗词正文，不要标题、解释、赏析、序号或任何说明文字。
格式要求：五言绝句为四句、每句五个汉字；七言绝句为四句、每句七个汉字。",一水清且曲，千峰秀复奇。羲献风流在，春归尚不知。,True,4,"[5, 5, 5, 5]",[]
T0596,theme_generation,边月,七言绝句,"请围绕主题“边月”创作一首七言绝句。
要求：只输出诗词正文，不要标题、解释、赏析、序号或任何说明文字。
格式要求：五言绝句为四句、每句五个汉字；七言绝句为四句、每句七个汉字。",金轮寒不煖，玉树久无春。安得如圆镜，清光彻上人。,False,4,"[5, 5, 5, 5]","[""第 1 句字数错误：期望 7 字，实际 5 字"", ""第 2 句字数错误：期望 7 字，实际 5 字"", ""第 3 句字数错误：期望 7 字，实际 5 字"", ""第 4 句字数错误：期望 7 字，实际 5 字""]"
T0597,theme_generation,江雪,五言绝句,"请围绕主题“江雪”创作一首五言绝句。
要求：只输出诗词正文，不要标题、解释、赏析、序号或任何说明文字。
格式要求：五言绝句为四句、每句五个汉字；七言绝句为四句、每句七个汉字。",江雪片片白，玉鳞吹不飞。平明烟浪暖，忽作鹅毛堆。,True,4,"[5, 5, 5, 5]",[]
T0598,theme_generation,云梦,七言绝句,"请围绕主题“云梦”创作一首七言绝句。
要求：只输出诗词正文，不要标题、解释、赏析、序号或任何说明文字。
格式要求：五言绝句为四句、每句五个汉字；七言绝句为四句、每句七个汉字。",南国烟波天似幕，西风江树叶随城。故园归兴知何限，一水遥连远峤横。,True,4,"[7, 7, 7, 7]",[]
T0599,theme_generation,雨巷,五言绝句,"请围绕主题“雨巷”创作一首五言绝句。
要求：只输出诗词正文，不要标题、解释、赏析、序号或任何说明文字。
格式要求：五言绝句为四句、每句五个汉字；七言绝句为四句、每句七个汉字。",雨巷无人扫，秋风落木初。自携黄叶尽，不费买花钱。,True,4,"[5, 5, 5, 5]",[]
T0600,theme_generation,古道,七言绝句,"请围绕主题“古道”创作一首七言绝句。
要求：只输出诗词正文，不要标题、解释、赏析、序号或任何说明文字。
格式要求：五言绝句为四句、每句五个汉字；七言绝句为四句、每句七个汉字。",古来行客道，万折水西流。尽日不闻语，满川唯见愁。,False,4,"[5, 5, 5, 5]","[""第 1 句字数错误：期望 7 字，实际 5 字"", ""第 2 句字数错误：期望 7 字，实际 5 字"", ""第 3 句字数错误：期望 7 字，实际 5 字"", ""第 4 句字数错误：期望 7 字，实际 5 字""]"
T0601,theme_generation,春天,五言绝句,"请围绕主题“春天”创作一首五言绝句。
要求：只输出诗词正文，不要标题、解释、赏析、序号或任何说明文字。
格式要求：五言绝句为四句、每句五个汉字；七言绝句为四句、每句七个汉字。",春从何处来，我亦不能知。但见窗间竹，萧然如素姿。,True,4,"[5, 5, 5, 5]",[]
T0602,theme_generation,夏日,七言绝句,"请围绕主题“夏日”创作一首七言绝句。
要求：只输出诗词正文，不要标题、解释、赏析、序号或任何说明文字。
格式要求：五言绝句为四句、每句五个汉字；七言绝句为四句、每句七个汉字。",暑气正炎蒸，清风何处寻。惟应山竹上，凉叶解鸣琴。。。。。,False,4,"[5, 5, 5, 5]","[""第 1 句字数错误：期望 7 字，实际 5 字"", ""第 2 句字数错误：期望 7 字，实际 5 字"", ""第 3 句字数错误：期望 7 字，实际 5 字"", ""第 4 句字数错误：期望 7 字，实际 5 字""]"
T0603,theme_generation,秋思,五言绝句,"请围绕主题“秋思”创作一首五言绝句。
要求：只输出诗词正文，不要标题、解释、赏析、序号或任何说明文字。
格式要求：五言绝句为四句、每句五个汉字；七言绝句为四句、每句七个汉字。",寒云卷秋色，落日堕溪流。独鹤知何事，相随万里游。,True,4,"[5, 5, 5, 5]",[]
T0604,theme_generation,冬雪,七言绝句,"请围绕主题“冬雪”创作一首七言绝句。
要求：只输出诗词正文，不要标题、解释、赏析、序号或任何说明文字。
格式要求：五言绝句为四句、每句五个汉字；七言绝句为四句、每句七个汉字。",腊雪如花舞，春禽似语娇。小窗无一事，袖手听风摇。,False,4,"[5, 5, 5, 5]","[""第 1 句字数错误：期望 7 字，实际 5 字"", ""第 2 句字数错误：期望 7 字，实际 5 字"", ""第 3 句字数错误：期望 7 字，实际 5 字"", ""第 4 句字数错误：期望 7 字，实际 5 字""]"
T0605,theme_generation,春雨,五言绝句,"请围绕主题“春雨”创作一首五言绝句。
要求：只输出诗词正文，不要标题、解释、赏析、序号或任何说明文字。
格式要求：五言绝句为四句、每句五个汉字；七言绝句为四句、每句七个汉字。",云雾长空里，孤舟何渺然。水乡春落后，不见有归年。,True,4,"[5, 5, 5, 5]",[]
T0606,theme_generation,秋风,七言绝句,"请围绕主题“秋风”创作一首七言绝句。
要求：只输出诗词正文，不要标题、解释、赏析、序号或任何说明文字。
格式要求：五言绝句为四句、每句五个汉字；七言绝句为四句、每句七个汉字。",山边雨过寒，叶上秋风吹。日暮行人散，水亭人影随。,False,4,"[5, 5, 5, 5]","[""第 1 句字数错误：期望 7 字，实际 5 字"", ""第 2 句字数错误：期望 7 字，实际 5 字"", ""第 3 句字数错误：期望 7 字，实际 5 字"", ""第 4 句字数错误：期望 7 字，实际 5 字""]"
T0607,theme_generation,寒冬,五言绝句,"请围绕主题“寒冬”创作一首五言绝句。
要求：只输出诗词正文，不要标题、解释、赏析、序号或任何说明文字。
格式要求：五言绝句为四句、每句五个汉字；七言绝句为四句、每句七个汉字。",寂历寒亭小，寥寥夜榻空。月移花影转，春在蝶梦中。,True,4,"[5, 5, 5, 5]",[]
T0608,theme_generation,新年,七言绝句,"请围绕主题“新年”创作一首七言绝句。
要求：只输出诗词正文，不要标题、解释、赏析、序号或任何说明文字。
格式要求：五言绝句为四句、每句五个汉字；七言绝句为四句、每句七个汉字。",山城小市开，野老相呼卖。春水照人寒，东风吹面来。,False,4,"[5, 5, 5, 5]","[""第 1 句字数错误：期望 7 字，实际 5 字"", ""第 2 句字数错误：期望 7 字，实际 5 字"", ""第 3 句字数错误：期望 7 字，实际 5 字"", ""第 4 句字数错误：期望 7 字，实际 5 字""]"
T0609,theme_generation,清明,五言绝句,"请围绕主题“清明”创作一首五言绝句。
要求：只输出诗词正文，不要标题、解释、赏析、序号或任何说明文字。
格式要求：五言绝句为四句、每句五个汉字；七言绝句为四句、每句七个汉字。",杏花初发处，相国旧居邻。欲识当时意，寻芳不避贫。,True,4,"[5, 5, 5, 5]",[]
T0610,theme_generation,中秋,七言绝句,"请围绕主题“中秋”创作一首七言绝句。
要求：只输出诗词正文，不要标题、解释、赏析、序号或任何说明文字。
格式要求：五言绝句为四句、每句五个汉字；七言绝句为四句、每句七个汉字。",玉斧裁成月，金波漾处天。嫦娥应更惜，不肯下婵娟。。。。。,False,4,"[5, 5, 5, 5]","[""第 1 句字数错误：期望 7 字，实际 5 字"", ""第 2 句字数错误：期望 7 字，实际 5 字"", ""第 3 句字数错误：期望 7 字，实际 5 字"", ""第 4 句字数错误：期望 7 字，实际 5 字""]"
T0611,theme_generation,明月,五言绝句,"请围绕主题“明月”创作一首五言绝句。
要求：只输出诗词正文，不要标题、解释、赏析、序号或任何说明文字。
格式要求：五言绝句为四句、每句五个汉字；七言绝句为四句、每句七个汉字。",月色与花光，浑如洗玉香。风来翻翠袖，吹上紫罗裳。,True,4,"[5, 5, 5, 5]",[]
T0612,theme_generation,清风,七言绝句,"请围绕主题“清风”创作一首七言绝句。
要求：只输出诗词正文，不要标题、解释、赏析、序号或任何说明文字。
格式要求：五言绝句为四句、每句五个汉字；七言绝句为四句、每句七个汉字。",谁人种此柳，青眼已如云。但得长依旧，何须苦问君。,False,4,"[5, 5, 5, 5]","[""第 1 句字数错误：期望 7 字，实际 5 字"", ""第 2 句字数错误：期望 7 字，实际 5 字"", ""第 3 句字数错误：期望 7 字，实际 5 字"", ""第 4 句字数错误：期望 7 字，实际 5 字""]"
T0613,theme_generation,山水,五言绝句,"请围绕主题“山水”创作一首五言绝句。
要求：只输出诗词正文，不要标题、解释、赏析、序号或任何说明文字。
格式要求：五言绝句为四句、每句五个汉字；七言绝句为四句、每句七个汉字。",云气暮难收，峰峦影沈沈。不雨溪亦断，寒泉何处深。,True,4,"[5, 5, 5, 5]",[]
T0614,theme_generation,江河,七言绝句,"请围绕主题“江河”创作一首七言绝句。
要求：只输出诗词正文，不要标题、解释、赏析、序号或任何说明文字。
格式要求：五言绝句为四句、每句五个汉字；七言绝句为四句、每句七个汉字。",南国长江阔，东流会大川。欲知云梦泽，清浅是西川。。。。,False,4,"[5, 5, 5, 5]","[""第 1 句字数错误：期望 7 字，实际 5 字"", ""第 2 句字数错误：期望 7 字，实际 5 字"", ""第 3 句字数错误：期望 7 字，实际 5 字"", ""第 4 句字数错误：期望 7 字，实际 5 字""]"
T0615,theme_generation,大海,五言绝句,"请围绕主题“大海”创作一首五言绝句。
要求：只输出诗词正文，不要标题、解释、赏析、序号或任何说明文字。
格式要求：五言绝句为四句、每句五个汉字；七言绝句为四句、每句七个汉字。",海若非因雨，潮来底事回。人间应不识，何者是琼台。,True,4,"[5, 5, 5, 5]",[]
T0616,theme_generation,白云,七言绝句,"请围绕主题“白云”创作一首七言绝句。
要求：只输出诗词正文，不要标题、解释、赏析、序号或任何说明文字。
格式要求：五言绝句为四句、每句五个汉字；七言绝句为四句、每句七个汉字。",晓色开晴嶂，秋光映碧云。欲随双鹤去，先看白玉文。,False,4,"[5, 5, 5, 5]","[""第 1 句字数错误：期望 7 字，实际 5 字"", ""第 2 句字数错误：期望 7 字，实际 5 字"", ""第 3 句字数错误：期望 7 字，实际 5 字"", ""第 4 句字数错误：期望 7 字，实际 5 字""]"
T0617,theme_generation,落日,五言绝句,"请围绕主题“落日”创作一首五言绝句。
要求：只输出诗词正文，不要标题、解释、赏析、序号或任何说明文字。
格式要求：五言绝句为四句、每句五个汉字；七言绝句为四句、每句七个汉字。",落日山前树，斜阳浦上村。小风吹浅浪，残月在平园。,True,4,"[5, 5, 5, 5]",[]
T0618,theme_generation,晚霞,七言绝句,"请围绕主题“晚霞”创作一首七言绝句。
要求：只输出诗词正文，不要标题、解释、赏析、序号或任何说明文字。
格式要求：五言绝句为四句、每句五个汉字；七言绝句为四句、每句七个汉字。",落日下孤村，昏鸦噪空碧。归来掩柴扉，更入无何境。,False,4,"[5, 5, 5, 5]","[""第 1 句字数错误：期望 7 字，实际 5 字"", ""第 2 句字数错误：期望 7 字，实际 5 字"", ""第 3 句字数错误：期望 7 字，实际 5 字"", ""第 4 句字数错误：期望 7 字，实际 5 字""]"
T0619,theme_generation,青山,五言绝句,"请围绕主题“青山”创作一首五言绝句。
要求：只输出诗词正文，不要标题、解释、赏析、序号或任何说明文字。
格式要求：五言绝句为四句、每句五个汉字；七言绝句为四句、每句七个汉字。",不嫌贫而学，惟忧老已衰。因师证多智，犹恐堕邪思。,True,4,"[5, 5, 5, 5]",[]
T0620,theme_generation,流水,七言绝句,"请围绕主题“流水”创作一首七言绝句。
要求：只输出诗词正文，不要标题、解释、赏析、序号或任何说明文字。
格式要求：五言绝句为四句、每句五个汉字；七言绝句为四句、每句七个汉字。",流水非声不待招，断来长绕洞前桥。分明似有知音者，为奏清商彻碧霄。,True,4,"[7, 7, 7, 7]",[]
T0621,theme_generation,花开,五言绝句,"请围绕主题“花开”创作一首五言绝句。
要求：只输出诗词正文，不要标题、解释、赏析、序号或任何说明文字。
格式要求：五言绝句为四句、每句五个汉字；七言绝句为四句、每句七个汉字。",玉蕊春来早，香清自可珍。惜花常恐尽，频为折残人。,True,4,"[5, 5, 5, 5]",[]
T0622,theme_generation,落花,七言绝句,"请围绕主题“落花”创作一首七言绝句。
要求：只输出诗词正文，不要标题、解释、赏析、序号或任何说明文字。
格式要求：五言绝句为四句、每句五个汉字；七言绝句为四句、每句七个汉字。",山色翠相重，溪流浅更清。东风不留意，吹作满山声。,False,4,"[5, 5, 5, 5]","[""第 1 句字数错误：期望 7 字，实际 5 字"", ""第 2 句字数错误：期望 7 字，实际 5 字"", ""第 3 句字数错误：期望 7 字，实际 5 字"", ""第 4 句字数错误：期望 7 字，实际 5 字""]"
T0623,theme_generation,杨柳,五言绝句,"请围绕主题“杨柳”创作一首五言绝句。
要求：只输出诗词正文，不要标题、解释、赏析、序号或任何说明文字。
格式要求：五言绝句为四句、每句五个汉字；七言绝句为四句、每句七个汉字。",莫道春风能断送，无端更欲绊行春。不随桃李回新艳，,False,3,"[7, 7, 7]","[""句数错误：期望 4 句，实际 3 句"", ""第 1 句字数错误：期望 5 字，实际 7 字"", ""第 2 句字数错误：期望 5 字，实际 7 字"", ""第 3 句字数错误：期望 5 字，实际 7 字""]"
T0624,theme_generation,孤舟,七言绝句,"请围绕主题“孤舟”创作一首七言绝句。
要求：只输出诗词正文，不要标题、解释、赏析、序号或任何说明文字。
格式要求：五言绝句为四句、每句五个汉字；七言绝句为四句、每句七个汉字。",一叶寄浮沈，烟江澹复深。何人同此兴，鸥鸟亦知心。。。。。,False,4,"[5, 5, 5, 5]","[""第 1 句字数错误：期望 7 字，实际 5 字"", ""第 2 句字数错误：期望 7 字，实际 5 字"", ""第 3 句字数错误：期望 7 字，实际 5 字"", ""第 4 句字数错误：期望 7 字，实际 5 字""]"
T0625,theme_generation,飞鸟,五言绝句,"请围绕主题“飞鸟”创作一首五言绝句。
要求：只输出诗词正文，不要标题、解释、赏析、序号或任何说明文字。
格式要求：五言绝句为四句、每句五个汉字；七言绝句为四句、每句七个汉字。",飞鸟没无踪，孤云无可凭。如何失群后，万里独伤情。,True,4,"[5, 5, 5, 5]",[]
T0626,theme_generation,寒梅,七言绝句,"请围绕主题“寒梅”创作一首七言绝句。
要求：只输出诗词正文，不要标题、解释、赏析、序号或任何说明文字。
格式要求：五言绝句为四句、每句五个汉字；七言绝句为四句、每句七个汉字。",花似江梅白，香如玉蘂温。岁华端自永，未用怨黄昏。,False,4,"[5, 5, 5, 5]","[""第 1 句字数错误：期望 7 字，实际 5 字"", ""第 2 句字数错误：期望 7 字，实际 5 字"", ""第 3 句字数错误：期望 7 字，实际 5 字"", ""第 4 句字数错误：期望 7 字，实际 5 字""]"
T0627,theme_generation,竹林,五言绝句,"请围绕主题“竹林”创作一首五言绝句。
要求：只输出诗词正文，不要标题、解释、赏析、序号或任何说明文字。
格式要求：五言绝句为四句、每句五个汉字；七言绝句为四句、每句七个汉字。",亭子林间起，风烟竹里来。山禽飞不去，花影坐多开。,True,4,"[5, 5, 5, 5]",[]
T0628,theme_generation,松柏,七言绝句,"请围绕主题“松柏”创作一首七言绝句。
要求：只输出诗词正文，不要标题、解释、赏析、序号或任何说明文字。
格式要求：五言绝句为四句、每句五个汉字；七言绝句为四句、每句七个汉字。",苍髯倚云生，劲节凌霜立。岁晚独不凋，人间春未归。,False,4,"[5, 5, 5, 5]","[""第 1 句字数错误：期望 7 字，实际 5 字"", ""第 2 句字数错误：期望 7 字，实际 5 字"", ""第 3 句字数错误：期望 7 字，实际 5 字"", ""第 4 句字数错误：期望 7 字，实际 5 字""]"
T0629,theme_generation,荷花,五言绝句,"请围绕主题“荷花”创作一首五言绝句。
要求：只输出诗词正文，不要标题、解释、赏析、序号或任何说明文字。
格式要求：五言绝句为四句、每句五个汉字；七言绝句为四句、每句七个汉字。",折得花时雨，荷塘风定后。翠叶拥红房，不语愁风雨。,True,4,"[5, 5, 5, 5]",[]
T0630,theme_generation,枫叶,七言绝句,"请围绕主题“枫叶”创作一首七言绝句。
要求：只输出诗词正文，不要标题、解释、赏析、序号或任何说明文字。
格式要求：五言绝句为四句、每句五个汉字；七言绝句为四句、每句七个汉字。",枫树丹堪染，江边醉复醒。何人能写取，秋影蘸吴汀。,False,4,"[5, 5, 5, 5]","[""第 1 句字数错误：期望 7 字，实际 5 字"", ""第 2 句字数错误：期望 7 字，实际 5 字"", ""第 3 句字数错误：期望 7 字，实际 5 字"", ""第 4 句字数错误：期望 7 字，实际 5 字""]"
T0631,theme_generation,思乡,五言绝句,"请围绕主题“思乡”创作一首五言绝句。
要求：只输出诗词正文，不要标题、解释、赏析、序号或任何说明文字。
格式要求：五言绝句为四句、每句五个汉字；七言绝句为四句、每句七个汉字。",秋来更远客，天际望归舟。不似巴江雨，春时亦少留。,True,4,"[5, 5, 5, 5]",[]
T0632,theme_generation,离别,七言绝句,"请围绕主题“离别”创作一首七言绝句。
要求：只输出诗词正文，不要标题、解释、赏析、序号或任何说明文字。
格式要求：五言绝句为四句、每句五个汉字；七言绝句为四句、每句七个汉字。",别路分携处，回车独上坡。春风满城树，终有落花多。,False,4,"[5, 5, 5, 5]","[""第 1 句字数错误：期望 7 字，实际 5 字"", ""第 2 句字数错误：期望 7 字，实际 5 字"", ""第 3 句字数错误：期望 7 字，实际 5 字"", ""第 4 句字数错误：期望 7 字，实际 5 字""]"
T0633,theme_generation,相思,五言绝句,"请围绕主题“相思”创作一首五言绝句。
要求：只输出诗词正文，不要标题、解释、赏析、序号或任何说明文字。
格式要求：五言绝句为四句、每句五个汉字；七言绝句为四句、每句七个汉字。",欲识我心苦，君看地步窄。若论世间情，有底无休歇。,True,4,"[5, 5, 5, 5]",[]
T0634,theme_generation,孤独,七言绝句,"请围绕主题“孤独”创作一首七言绝句。
要求：只输出诗词正文，不要标题、解释、赏析、序号或任何说明文字。
格式要求：五言绝句为四句、每句五个汉字；七言绝句为四句、每句七个汉字。",空房孤枕泪，落日故山心。明月梅花苦，黄昏枫树林。,False,4,"[5, 5, 5, 5]","[""第 1 句字数错误：期望 7 字，实际 5 字"", ""第 2 句字数错误：期望 7 字，实际 5 字"", ""第 3 句字数错误：期望 7 字，实际 5 字"", ""第 4 句字数错误：期望 7 字，实际 5 字""]"
T0635,theme_generation,怀古,五言绝句,"请围绕主题“怀古”创作一首五言绝句。
要求：只输出诗词正文，不要标题、解释、赏析、序号或任何说明文字。
格式要求：五言绝句为四句、每句五个汉字；七言绝句为四句、每句七个汉字。",昔叹子牟小，今怜叔度愚。百年俱草草，万古一蟏蛸。,True,4,"[5, 5, 5, 5]",[]
T0636,theme_generation,忧愁,七言绝句,"请围绕主题“忧愁”创作一首七言绝句。
要求：只输出诗词正文，不要标题、解释、赏析、序号或任何说明文字。
格式要求：五言绝句为四句、每句五个汉字；七言绝句为四句、每句七个汉字。",忧愁不奈春，撩乱芳树风。花落花开处，年年长病翁。。。。,False,4,"[5, 5, 5, 5]","[""第 1 句字数错误：期望 7 字，实际 5 字"", ""第 2 句字数错误：期望 7 字，实际 5 字"", ""第 3 句字数错误：期望 7 字，实际 5 字"", ""第 4 句字数错误：期望 7 字，实际 5 字""]"
T0637,theme_generation,喜悦,五言绝句,"请围绕主题“喜悦”创作一首五言绝句。
要求：只输出诗词正文，不要标题、解释、赏析、序号或任何说明文字。
格式要求：五言绝句为四句、每句五个汉字；七言绝句为四句、每句七个汉字。",一喜一愁间，能延百二秋。纵无黄鹤饮，不欠白猿求。,True,4,"[5, 5, 5, 5]",[]
T0638,theme_generation,闲适,七言绝句,"请围绕主题“闲适”创作一首七言绝句。
要求：只输出诗词正文，不要标题、解释、赏析、序号或任何说明文字。
格式要求：五言绝句为四句、每句五个汉字；七言绝句为四句、每句七个汉字。",小阁临风独坐时，满庭红叶正离披。萧然此兴无人会，时与寒鸦共语飞。,True,4,"[7, 7, 7, 7]",[]
T0639,theme_generation,感怀,五言绝句,"请围绕主题“感怀”创作一首五言绝句。
要求：只输出诗词正文，不要标题、解释、赏析、序号或任何说明文字。
格式要求：五言绝句为四句、每句五个汉字；七言绝句为四句、每句七个汉字。",青衫衣上泪，不为别离情。唯有春风恨，年年长到城。,True,4,"[5, 5, 5, 5]",[]
T0640,theme_generation,伤春,七言绝句,"请围绕主题“伤春”创作一首七言绝句。
要求：只输出诗词正文，不要标题、解释、赏析、序号或任何说明文字。
格式要求：五言绝句为四句、每句五个汉字；七言绝句为四句、每句七个汉字。",百忧何事集眉峰，尽日恻恻自长颦。纵有阳和与柳絮，无由著子入愁人。,True,4,"[7, 7, 7, 7]",[]
T0641,theme_generation,人生,五言绝句,"请围绕主题“人生”创作一首五言绝句。
要求：只输出诗词正文，不要标题、解释、赏析、序号或任何说明文字。
格式要求：五言绝句为四句、每句五个汉字；七言绝句为四句、每句七个汉字。",人生七十古，过八稀如星。吾年已八十，更作少年人。,True,4,"[5, 5, 5, 5]",[]
T0642,theme_generation,时光,七言绝句,"请围绕主题“时光”创作一首七言绝句。
要求：只输出诗词正文，不要标题、解释、赏析、序号或任何说明文字。
格式要求：五言绝句为四句、每句五个汉字；七言绝句为四句、每句七个汉字。",岁月不知天有意，此生何苦更营营。等闲掷却光阴去，回首人间万事成。,True,4,"[7, 7, 7, 7]",[]
T0643,theme_generation,梦想,五言绝句,"请围绕主题“梦想”创作一首五言绝句。
要求：只输出诗词正文，不要标题、解释、赏析、序号或任何说明文字。
格式要求：五言绝句为四句、每句五个汉字；七言绝句为四句、每句七个汉字。",飞盖动朝云，朱栏枕曲池。谁能梦蝴蝶，独往看鸱夷。,True,4,"[5, 5, 5, 5]",[]
T0644,theme_generation,远方,七言绝句,"请围绕主题“远方”创作一首七言绝句。
要求：只输出诗词正文，不要标题、解释、赏析、序号或任何说明文字。
格式要求：五言绝句为四句、每句五个汉字；七言绝句为四句、每句七个汉字。",远望孤城郭，登临古戍楼。烟尘飞塞日，沙陇暗边秋。,False,4,"[5, 5, 5, 5]","[""第 1 句字数错误：期望 7 字，实际 5 字"", ""第 2 句字数错误：期望 7 字，实际 5 字"", ""第 3 句字数错误：期望 7 字，实际 5 字"", ""第 4 句字数错误：期望 7 字，实际 5 字""]"
T0645,theme_generation,归隐,五言绝句,"请围绕主题“归隐”创作一首五言绝句。
要求：只输出诗词正文，不要标题、解释、赏析、序号或任何说明文字。
格式要求：五言绝句为四句、每句五个汉字；七言绝句为四句、每句七个汉字。",不把黄金买，谁人肯自修。须知天上曲，声与世长留。,True,4,"[5, 5, 5, 5]",[]
T0646,theme_generation,漂泊,七言绝句,"请围绕主题“漂泊”创作一首七言绝句。
要求：只输出诗词正文，不要标题、解释、赏析、序号或任何说明文字。
格式要求：五言绝句为四句、每句五个汉字；七言绝句为四句、每句七个汉字。",孤舟东下急，暮雨落纷纷。身逐孤云远，家从落叶闻。。。。,False,4,"[5, 5, 5, 5]","[""第 1 句字数错误：期望 7 字，实际 5 字"", ""第 2 句字数错误：期望 7 字，实际 5 字"", ""第 3 句字数错误：期望 7 字，实际 5 字"", ""第 4 句字数错误：期望 7 字，实际 5 字""]"
T0647,theme_generation,壮志,五言绝句,"请围绕主题“壮志”创作一首五言绝句。
要求：只输出诗词正文，不要标题、解释、赏析、序号或任何说明文字。
格式要求：五言绝句为四句、每句五个汉字；七言绝句为四句、每句七个汉字。",壮志凌云气，愁怀若个深。春风吹不尽，依旧入春心。,True,4,"[5, 5, 5, 5]",[]
T0648,theme_generation,知己,七言绝句,"请围绕主题“知己”创作一首七言绝句。
要求：只输出诗词正文，不要标题、解释、赏析、序号或任何说明文字。
格式要求：五言绝句为四句、每句五个汉字；七言绝句为四句、每句七个汉字。",莫道无心出岫云，无心无迹尚纷纷。若将天下为棋局，未必全输是散人。,True,4,"[7, 7, 7, 7]",[]
T0649,theme_generation,故人,五言绝句,"请围绕主题“故人”创作一首五言绝句。
要求：只输出诗词正文，不要标题、解释、赏析、序号或任何说明文字。
格式要求：五言绝句为四句、每句五个汉字；七言绝句为四句、每句七个汉字。",相逢难屡合，一别又经年。唯有梅花月，年年客子前。,True,4,"[5, 5, 5, 5]",[]
T0650,theme_generation,岁月,七言绝句,"请围绕主题“岁月”创作一首七言绝句。
要求：只输出诗词正文，不要标题、解释、赏析、序号或任何说明文字。
格式要求：五言绝句为四句、每句五个汉字；七言绝句为四句、每句七个汉字。",雪白头如雪，霜坚齿若霜。何妨更饮酒，岁月不须忙。,False,4,"[5, 5, 5, 5]","[""第 1 句字数错误：期望 7 字，实际 5 字"", ""第 2 句字数错误：期望 7 字，实际 5 字"", ""第 3 句字数错误：期望 7 字，实际 5 字"", ""第 4 句字数错误：期望 7 字，实际 5 字""]"
T0651,theme_generation,边塞,五言绝句,"请围绕主题“边塞”创作一首五言绝句。
要求：只输出诗词正文，不要标题、解释、赏析、序号或任何说明文字。
格式要求：五言绝句为四句、每句五个汉字；七言绝句为四句、每句七个汉字。",胡骑侵河内，韩兵下太行。由来非利钝，今日事商量。,True,4,"[5, 5, 5, 5]",[]
T0652,theme_generation,田园,七言绝句,"请围绕主题“田园”创作一首七言绝句。
要求：只输出诗词正文，不要标题、解释、赏析、序号或任何说明文字。
格式要求：五言绝句为四句、每句五个汉字；七言绝句为四句、每句七个汉字。",野火烧枯草，白日闭山扉。醉眠芳树下，惊起鸟还飞。。)。)。)。),False,8,"[5, 5, 5, 5, 0, 0, 0, 0]","[""明显重复"", ""句数错误：期望 4 句，实际 8 句"", ""第 1 句字数错误：期望 7 字，实际 5 字"", ""第 2 句字数错误：期望 7 字，实际 5 字"", ""第 3 句字数错误：期望 7 字，实际 5 字"", ""第 4 句字数错误：期望 7 字，实际 5 字"", ""第 5 句字数错误：期望 7 字，实际 0 字"", ""第 6 句字数错误：期望 7 字，实际 0 字"", ""第 7 句字数错误：期望 7 字，实际 0 字"", ""第 8 句字数错误：期望 7 字，实际 0 字""]"
T0653,theme_generation,江南,五言绝句,"请围绕主题“江南”创作一首五言绝句。
要求：只输出诗词正文，不要标题、解释、赏析、序号或任何说明文字。
格式要求：五言绝句为四句、每句五个汉字；七言绝句为四句、每句七个汉字。",江南烟水阔，望极欲消魂。谁道吾归去，江头空送君。,True,4,"[5, 5, 5, 5]",[]
T0654,theme_generation,长安,七言绝句,"请围绕主题“长安”创作一首七言绝句。
要求：只输出诗词正文，不要标题、解释、赏析、序号或任何说明文字。
格式要求：五言绝句为四句、每句五个汉字；七言绝句为四句、每句七个汉字。",忆昔东归日，江头醉浣纱。如今春色好，风物属谁家。。。。。,False,4,"[5, 5, 5, 5]","[""第 1 句字数错误：期望 7 字，实际 5 字"", ""第 2 句字数错误：期望 7 字，实际 5 字"", ""第 3 句字数错误：期望 7 字，实际 5 字"", ""第 4 句字数错误：期望 7 字，实际 5 字""]"
T0655,theme_generation,古寺,五言绝句,"请围绕主题“古寺”创作一首五言绝句。
要求：只输出诗词正文，不要标题、解释、赏析、序号或任何说明文字。
格式要求：五言绝句为四句、每句五个汉字；七言绝句为四句、每句七个汉字。",楼台依曲径，风雨暗苍苔。僧老无余事，题诗带月回。,True,4,"[5, 5, 5, 5]",[]
T0656,theme_generation,夜雨,七言绝句,"请围绕主题“夜雨”创作一首七言绝句。
要求：只输出诗词正文，不要标题、解释、赏析、序号或任何说明文字。
格式要求：五言绝句为四句、每句五个汉字；七言绝句为四句、每句七个汉字。",老僧眠月观，独卧寒磵曲。一雨到庭前，青苔生石竹。,False,4,"[5, 5, 5, 5]","[""第 1 句字数错误：期望 7 字，实际 5 字"", ""第 2 句字数错误：期望 7 字，实际 5 字"", ""第 3 句字数错误：期望 7 字，实际 5 字"", ""第 4 句字数错误：期望 7 字，实际 5 字""]"
T0657,theme_generation,客栈,五言绝句,"请围绕主题“客栈”创作一首五言绝句。
要求：只输出诗词正文，不要标题、解释、赏析、序号或任何说明文字。
格式要求：五言绝句为四句、每句五个汉字；七言绝句为四句、每句七个汉字。",客从何处来，客向何方去。不问客东西，且饮杯中醑。,True,4,"[5, 5, 5, 5]",[]
T0658,theme_generation,渡口,七言绝句,"请围绕主题“渡口”创作一首七言绝句。
要求：只输出诗词正文，不要标题、解释、赏析、序号或任何说明文字。
格式要求：五言绝句为四句、每句五个汉字；七言绝句为四句、每句七个汉字。",小渡横斜独木桥，短蓬欹侧晚风高。溪山似识归心速，尽卷疏帘放水涛。,True,4,"[7, 7, 7, 7]",[]
T0659,theme_generation,山村,五言绝句,"请围绕主题“山村”创作一首五言绝句。
要求：只输出诗词正文，不要标题、解释、赏析、序号或任何说明文字。
格式要求：五言绝句为四句、每句五个汉字；七言绝句为四句、每句七个汉字。",一水长流白，千林尽染青。溪山如旧识，迎客又还屏。,True,4,"[5, 5, 5, 5]",[]
T0660,theme_generation,渔家,七言绝句,"请围绕主题“渔家”创作一首七言绝句。
要求：只输出诗词正文，不要标题、解释、赏析、序号或任何说明文字。
格式要求：五言绝句为四句、每句五个汉字；七言绝句为四句、每句七个汉字。",一叶随流水，千帆落照中。汀洲鸥自浴，烟雨鹭双笼。。。。。,False,4,"[5, 5, 5, 5]","[""第 1 句字数错误：期望 7 字，实际 5 字"", ""第 2 句字数错误：期望 7 字，实际 5 字"", ""第 3 句字数错误：期望 7 字，实际 5 字"", ""第 4 句字数错误：期望 7 字，实际 5 字""]"
T0661,theme_generation,美酒,五言绝句,"请围绕主题“美酒”创作一首五言绝句。
要求：只输出诗词正文，不要标题、解释、赏析、序号或任何说明文字。
格式要求：五言绝句为四句、每句五个汉字；七言绝句为四句、每句七个汉字。",醉歌花满溪，醉舞风前月。醉中更醉倒，卧到天明阙。,True,4,"[5, 5, 5, 5]",[]
T0662,theme_generation,琴声,七言绝句,"请围绕主题“琴声”创作一首七言绝句。
要求：只输出诗词正文，不要标题、解释、赏析、序号或任何说明文字。
格式要求：五言绝句为四句、每句五个汉字；七言绝句为四句、每句七个汉字。",一洗尘埃耳目醒，满林风露晚泠泠。坐来忘却身何处，身在庐山最高层。,True,4,"[7, 7, 7, 7]",[]
T0663,theme_generation,书卷,五言绝句,"请围绕主题“书卷”创作一首五言绝句。
要求：只输出诗词正文，不要标题、解释、赏析、序号或任何说明文字。
格式要求：五言绝句为四句、每句五个汉字；七言绝句为四句、每句七个汉字。",一编经几载，寸许老龙鳞。底事生光彩，天机开六尘。,True,4,"[5, 5, 5, 5]",[]
T0664,theme_generation,灯火,七言绝句,"请围绕主题“灯火”创作一首七言绝句。
要求：只输出诗词正文，不要标题、解释、赏析、序号或任何说明文字。
格式要求：五言绝句为四句、每句五个汉字；七言绝句为四句、每句七个汉字。",残雪明窗月，孤灯小室风。自怜吟夜永，无奈客愁空。。。。,False,4,"[5, 5, 5, 5]","[""第 1 句字数错误：期望 7 字，实际 5 字"", ""第 2 句字数错误：期望 7 字，实际 5 字"", ""第 3 句字数错误：期望 7 字，实际 5 字"", ""第 4 句字数错误：期望 7 字，实际 5 字""]"
T0665,theme_generation,诗酒,五言绝句,"请围绕主题“诗酒”创作一首五言绝句。
要求：只输出诗词正文，不要标题、解释、赏析、序号或任何说明文字。
格式要求：五言绝句为四句、每句五个汉字；七言绝句为四句、每句七个汉字。",行乐无时节，逍遥一草亭。杯盘随分有，不必问丹青。,True,4,"[5, 5, 5, 5]",[]
T0666,theme_generation,征人,七言绝句,"请围绕主题“征人”创作一首七言绝句。
要求：只输出诗词正文，不要标题、解释、赏析、序号或任何说明文字。
格式要求：五言绝句为四句、每句五个汉字；七言绝句为四句、每句七个汉字。",路遥关树深，边事暗难量。何日征人至，烟尘又渺茫。,False,4,"[5, 5, 5, 5]","[""第 1 句字数错误：期望 7 字，实际 5 字"", ""第 2 句字数错误：期望 7 字，实际 5 字"", ""第 3 句字数错误：期望 7 字，实际 5 字"", ""第 4 句字数错误：期望 7 字，实际 5 字""]"
T0667,theme_generation,游子,五言绝句,"请围绕主题“游子”创作一首五言绝句。
要求：只输出诗词正文，不要标题、解释、赏析、序号或任何说明文字。
格式要求：五言绝句为四句、每句五个汉字；七言绝句为四句、每句七个汉字。",游子方远征，愁思自难任。谁怜北归雁，一一到南金。,True,4,"[5, 5, 5, 5]",[]
T0668,theme_generation,故乡,七言绝句,"请围绕主题“故乡”创作一首七言绝句。
要求：只输出诗词正文，不要标题、解释、赏析、序号或任何说明文字。
格式要求：五言绝句为四句、每句五个汉字；七言绝句为四句、每句七个汉字。",一别十年久，相逢秋水边。旧交元自在，老病又经年。。。。,False,4,"[5, 5, 5, 5]","[""第 1 句字数错误：期望 7 字，实际 5 字"", ""第 2 句字数错误：期望 7 字，实际 5 字"", ""第 3 句字数错误：期望 7 字，实际 5 字"", ""第 4 句字数错误：期望 7 字，实际 5 字""]"
T0669,theme_generation,关山,五言绝句,"请围绕主题“关山”创作一首五言绝句。
要求：只输出诗词正文，不要标题、解释、赏析、序号或任何说明文字。
格式要求：五言绝句为四句、每句五个汉字；七言绝句为四句、每句七个汉字。",秦川何悄悄，陇树多秋色。征人去不还，陇头愁更极。,True,4,"[5, 5, 5, 5]",[]
T0670,theme_generation,楼台,七言绝句,"请围绕主题“楼台”创作一首七言绝句。
要求：只输出诗词正文，不要标题、解释、赏析、序号或任何说明文字。
格式要求：五言绝句为四句、每句五个汉字；七言绝句为四句、每句七个汉字。",落日千峰远，寒沙百顷平。楼台何处是，烟水两无情。。。。,False,4,"[5, 5, 5, 5]","[""第 1 句字数错误：期望 7 字，实际 5 字"", ""第 2 句字数错误：期望 7 字，实际 5 字"", ""第 3 句字数错误：期望 7 字，实际 5 字"", ""第 4 句字数错误：期望 7 字，实际 5 字""]"
T0671,theme_generation,晨景,五言绝句,"请围绕主题“晨景”创作一首五言绝句。
要求：只输出诗词正文，不要标题、解释、赏析、序号或任何说明文字。
格式要求：五言绝句为四句、每句五个汉字；七言绝句为四句、每句七个汉字。",露重梨花夜，风高梧叶秋。更怜江际日，红上钓鱼舟。,True,4,"[5, 5, 5, 5]",[]
T0672,theme_generation,暮景,七言绝句,"请围绕主题“暮景”创作一首七言绝句。
要求：只输出诗词正文，不要标题、解释、赏析、序号或任何说明文字。
格式要求：五言绝句为四句、每句五个汉字；七言绝句为四句、每句七个汉字。",残霞落日明，孤鸟远山横。一局未终胜，清风三四声。。。。。,False,4,"[5, 5, 5, 5]","[""第 1 句字数错误：期望 7 字，实际 5 字"", ""第 2 句字数错误：期望 7 字，实际 5 字"", ""第 3 句字数错误：期望 7 字，实际 5 字"", ""第 4 句字数错误：期望 7 字，实际 5 字""]"
T0673,theme_generation,湖上,五言绝句,"请围绕主题“湖上”创作一首五言绝句。
要求：只输出诗词正文，不要标题、解释、赏析、序号或任何说明文字。
格式要求：五言绝句为四句、每句五个汉字；七言绝句为四句、每句七个汉字。",湖水拍天阔，鱼龙战浪翻。乾坤入胸次，归卧碧云村。,True,4,"[5, 5, 5, 5]",[]
T0674,theme_generation,溪边,七言绝句,"请围绕主题“溪边”创作一首七言绝句。
要求：只输出诗词正文，不要标题、解释、赏析、序号或任何说明文字。
格式要求：五言绝句为四句、每句五个汉字；七言绝句为四句、每句七个汉字。",一湾寒碧水，数树老苍藤。谁谓吾州小，溪边景不憎。,False,4,"[5, 5, 5, 5]","[""第 1 句字数错误：期望 7 字，实际 5 字"", ""第 2 句字数错误：期望 7 字，实际 5 字"", ""第 3 句字数错误：期望 7 字，实际 5 字"", ""第 4 句字数错误：期望 7 字，实际 5 字""]"
T0675,theme_generation,山寺,五言绝句,"请围绕主题“山寺”创作一首五言绝句。
要求：只输出诗词正文，不要标题、解释、赏析、序号或任何说明文字。
格式要求：五言绝句为四句、每句五个汉字；七言绝句为四句、每句七个汉字。",云外古招提，深藏万仞壁。中有寂照人，无心对寒碧。,True,4,"[5, 5, 5, 5]",[]
T0676,theme_generation,秋夜,七言绝句,"请围绕主题“秋夜”创作一首七言绝句。
要求：只输出诗词正文，不要标题、解释、赏析、序号或任何说明文字。
格式要求：五言绝句为四句、每句五个汉字；七言绝句为四句、每句七个汉字。",今夕当何夕，西风又自吹。云高雁行灭，月出鹊声迟。,False,4,"[5, 5, 5, 5]","[""第 1 句字数错误：期望 7 字，实际 5 字"", ""第 2 句字数错误：期望 7 字，实际 5 字"", ""第 3 句字数错误：期望 7 字，实际 5 字"", ""第 4 句字数错误：期望 7 字，实际 5 字""]"
T0677,theme_generation,春游,五言绝句,"请围绕主题“春游”创作一首五言绝句。
要求：只输出诗词正文，不要标题、解释、赏析、序号或任何说明文字。
格式要求：五言绝句为四句、每句五个汉字；七言绝句为四句、每句七个汉字。",欲尽山前路，行行却复回。日斜人影散，归鸟自飞来。,True,4,"[5, 5, 5, 5]",[]
T0678,theme_generation,送别,七言绝句,"请围绕主题“送别”创作一首七言绝句。
要求：只输出诗词正文，不要标题、解释、赏析、序号或任何说明文字。
格式要求：五言绝句为四句、每句五个汉字；七言绝句为四句、每句七个汉字。",江边柳色青，相映花成行。自愧无好语，临流送子行。,False,4,"[5, 5, 5, 5]","[""第 1 句字数错误：期望 7 字，实际 5 字"", ""第 2 句字数错误：期望 7 字，实际 5 字"", ""第 3 句字数错误：期望 7 字，实际 5 字"", ""第 4 句字数错误：期望 7 字，实际 5 字""]"
T0679,theme_generation,登高,五言绝句,"请围绕主题“登高”创作一首五言绝句。
要求：只输出诗词正文，不要标题、解释、赏析、序号或任何说明文字。
格式要求：五言绝句为四句、每句五个汉字；七言绝句为四句、每句七个汉字。",此日登临处，江山亦自奇。南朝多少寺，不见杜牧碑。,True,4,"[5, 5, 5, 5]",[]
T0680,theme_generation,望月,七言绝句,"请围绕主题“望月”创作一首七言绝句。
要求：只输出诗词正文，不要标题、解释、赏析、序号或任何说明文字。
格式要求：五言绝句为四句、每句五个汉字；七言绝句为四句、每句七个汉字。",露湿苍苔地，风翻黄叶林。谁家捣衣砧，杵响寒江深。,False,4,"[5, 5, 5, 5]","[""第 1 句字数错误：期望 7 字，实际 5 字"", ""第 2 句字数错误：期望 7 字，实际 5 字"", ""第 3 句字数错误：期望 7 字，实际 5 字"", ""第 4 句字数错误：期望 7 字，实际 5 字""]"
T0681,theme_generation,听雨,五言绝句,"请围绕主题“听雨”创作一首五言绝句。
要求：只输出诗词正文，不要标题、解释、赏析、序号或任何说明文字。
格式要求：五言绝句为四句、每句五个汉字；七言绝句为四句、每句七个汉字。",春梦去茫茫，新愁入鬓香。却忆东邻女，曾歌杨柳章。,True,4,"[5, 5, 5, 5]",[]
T0682,theme_generation,赏花,七言绝句,"请围绕主题“赏花”创作一首七言绝句。
要求：只输出诗词正文，不要标题、解释、赏析、序号或任何说明文字。
格式要求：五言绝句为四句、每句五个汉字；七言绝句为四句、每句七个汉字。",一雨催春色，东皇亦自忙。绿杨浑未变，已有卖花郎。,False,4,"[5, 5, 5, 5]","[""第 1 句字数错误：期望 7 字，实际 5 字"", ""第 2 句字数错误：期望 7 字，实际 5 字"", ""第 3 句字数错误：期望 7 字，实际 5 字"", ""第 4 句字数错误：期望 7 字，实际 5 字""]"
T0683,theme_generation,观潮,五言绝句,"请围绕主题“观潮”创作一首五言绝句。
要求：只输出诗词正文，不要标题、解释、赏析、序号或任何说明文字。
格式要求：五言绝句为四句、每句五个汉字；七言绝句为四句、每句七个汉字。",波涛初未起，楼阁已先知。自是君王圣，潮生似有期。,True,4,"[5, 5, 5, 5]",[]
T0684,theme_generation,塞外,七言绝句,"请围绕主题“塞外”创作一首七言绝句。
要求：只输出诗词正文，不要标题、解释、赏析、序号或任何说明文字。
格式要求：五言绝句为四句、每句五个汉字；七言绝句为四句、每句七个汉字。",莫问燕山高几重，白云常在洛阳东。若教鸿鹄能飞过，未必飞鸿不避弓。,True,4,"[7, 7, 7, 7]",[]
T0685,theme_generation,军旅,五言绝句,"请围绕主题“军旅”创作一首五言绝句。
要求：只输出诗词正文，不要标题、解释、赏析、序号或任何说明文字。
格式要求：五言绝句为四句、每句五个汉字；七言绝句为四句、每句七个汉字。",羽猎何当止，天骄久未平。愿君开白羽，一箭下青冥。,True,4,"[5, 5, 5, 5]",[]
T0686,theme_generation,宫怨,七言绝句,"请围绕主题“宫怨”创作一首七言绝句。
要求：只输出诗词正文，不要标题、解释、赏析、序号或任何说明文字。
格式要求：五言绝句为四句、每句五个汉字；七言绝句为四句、每句七个汉字。",宝镜空垂地，金阶静倚风。唯余花落树，别有叶摇桐。春色何关汝，,False,5,"[5, 5, 5, 5, 5]","[""句数错误：期望 4 句，实际 5 句"", ""第 1 句字数错误：期望 7 字，实际 5 字"", ""第 2 句字数错误：期望 7 字，实际 5 字"", ""第 3 句字数错误：期望 7 字，实际 5 字"", ""第 4 句字数错误：期望 7 字，实际 5 字"", ""第 5 句字数错误：期望 7 字，实际 5 字""]"
T0687,theme_generation,闺思,五言绝句,"请围绕主题“闺思”创作一首五言绝句。
要求：只输出诗词正文，不要标题、解释、赏析、序号或任何说明文字。
格式要求：五言绝句为四句、每句五个汉字；七言绝句为四句、每句七个汉字。",春至梦难成，春风吹鬓生。隔纱看烛泪，疑近绣床行。,True,4,"[5, 5, 5, 5]",[]
T0688,theme_generation,农家,七言绝句,"请围绕主题“农家”创作一首七言绝句。
要求：只输出诗词正文，不要标题、解释、赏析、序号或任何说明文字。
格式要求：五言绝句为四句、每句五个汉字；七言绝句为四句、每句七个汉字。",农桑力尽耕犹浅，鱼蟹肥时钓未休。但得有儿堪种秫，不辞终岁向汀洲。,True,4,"[7, 7, 7, 7]",[]
T0689,theme_generation,渔舟,五言绝句,"请围绕主题“渔舟”创作一首五言绝句。
要求：只输出诗词正文，不要标题、解释、赏析、序号或任何说明文字。
格式要求：五言绝句为四句、每句五个汉字；七言绝句为四句、每句七个汉字。",晚雨轻烟外，春江半落鸥。却愁今夜宿，吹作打篷风。,True,4,"[5, 5, 5, 5]",[]
T0690,theme_generation,山居,七言绝句,"请围绕主题“山居”创作一首七言绝句。
要求：只输出诗词正文，不要标题、解释、赏析、序号或任何说明文字。
格式要求：五言绝句为四句、每句五个汉字；七言绝句为四句、每句七个汉字。",云间开石室，岩畔引泉源。自种松犹小，无人借得看。。。。。,False,4,"[5, 5, 5, 5]","[""第 1 句字数错误：期望 7 字，实际 5 字"", ""第 2 句字数错误：期望 7 字，实际 5 字"", ""第 3 句字数错误：期望 7 字，实际 5 字"", ""第 4 句字数错误：期望 7 字，实际 5 字""]"
T0691,theme_generation,旅夜,五言绝句,"请围绕主题“旅夜”创作一首五言绝句。
要求：只输出诗词正文，不要标题、解释、赏析、序号或任何说明文字。
格式要求：五言绝句为四句、每句五个汉字；七言绝句为四句、每句七个汉字。",客意愁看剑，秋声动角砧。不堪闻水宿，寂寂更愁心。,True,4,"[5, 5, 5, 5]",[]
T0692,theme_generation,夏雨,七言绝句,"请围绕主题“夏雨”创作一首七言绝句。
要求：只输出诗词正文，不要标题、解释、赏析、序号或任何说明文字。
格式要求：五言绝句为四句、每句五个汉字；七言绝句为四句、每句七个汉字。",夏雨虽多能涤暑，秋风虽落不成霜。一年春色归人老，千古愁怀付酒觞。,True,4,"[7, 7, 7, 7]",[]
T0693,theme_generation,冬夜,五言绝句,"请围绕主题“冬夜”创作一首五言绝句。
要求：只输出诗词正文，不要标题、解释、赏析、序号或任何说明文字。
格式要求：五言绝句为四句、每句五个汉字；七言绝句为四句、每句七个汉字。",客怀谁与话，把酒独伤神。雨湿昏灯暗，风开落烬频。,True,4,"[5, 5, 5, 5]",[]
T0694,theme_generation,梅雪,七言绝句,"请围绕主题“梅雪”创作一首七言绝句。
要求：只输出诗词正文，不要标题、解释、赏析、序号或任何说明文字。
格式要求：五言绝句为四句、每句五个汉字；七言绝句为四句、每句七个汉字。",玉笛吹寒入夜深，梅花吹落满衣襟。幽香十里无人见，一夜东风不暂停。,True,4,"[7, 7, 7, 7]",[]
T0695,theme_generation,兰亭,五言绝句,"请围绕主题“兰亭”创作一首五言绝句。
要求：只输出诗词正文，不要标题、解释、赏析、序号或任何说明文字。
格式要求：五言绝句为四句、每句五个汉字；七言绝句为四句、每句七个汉字。",曲水修禊饮，临池俯清波。君家何处在，空想右军过。,True,4,"[5, 5, 5, 5]",[]
T0696,theme_generation,边月,七言绝句,"请围绕主题“边月”创作一首七言绝句。
要求：只输出诗词正文，不要标题、解释、赏析、序号或任何说明文字。
格式要求：五言绝句为四句、每句五个汉字；七言绝句为四句、每句七个汉字。",清冷无俗情，娟好生太古。夜久风露寒，更向月中舞。,False,4,"[5, 5, 5, 5]","[""第 1 句字数错误：期望 7 字，实际 5 字"", ""第 2 句字数错误：期望 7 字，实际 5 字"", ""第 3 句字数错误：期望 7 字，实际 5 字"", ""第 4 句字数错误：期望 7 字，实际 5 字""]"
T0697,theme_generation,江雪,五言绝句,"请围绕主题“江雪”创作一首五言绝句。
要求：只输出诗词正文，不要标题、解释、赏析、序号或任何说明文字。
格式要求：五言绝句为四句、每句五个汉字；七言绝句为四句、每句七个汉字。",万里潇湘雪，三更月正圆。谁人裁玉片，飞入倚阑边。,True,4,"[5, 5, 5, 5]",[]
T0698,theme_generation,云梦,七言绝句,"请围绕主题“云梦”创作一首七言绝句。
要求：只输出诗词正文，不要标题、解释、赏析、序号或任何说明文字。
格式要求：五言绝句为四句、每句五个汉字；七言绝句为四句、每句七个汉字。",一川烟雨暗，千里暮潮平。水远不知极，山多却有情。湘江隔巫峡，,False,5,"[5, 5, 5, 5, 5]","[""句数错误：期望 4 句，实际 5 句"", ""第 1 句字数错误：期望 7 字，实际 5 字"", ""第 2 句字数错误：期望 7 字，实际 5 字"", ""第 3 句字数错误：期望 7 字，实际 5 字"", ""第 4 句字数错误：期望 7 字，实际 5 字"", ""第 5 句字数错误：期望 7 字，实际 5 字""]"
T0699,theme_generation,雨巷,五言绝句,"请围绕主题“雨巷”创作一首五言绝句。
要求：只输出诗词正文，不要标题、解释、赏析、序号或任何说明文字。
格式要求：五言绝句为四句、每句五个汉字；七言绝句为四句、每句七个汉字。",细草穿梅吐，疎花落砌流。偶因题竹杖，无意出山游。,True,4,"[5, 5, 5, 5]",[]
T0700,theme_generation,古道,七言绝句,"请围绕主题“古道”创作一首七言绝句。
要求：只输出诗词正文，不要标题、解释、赏析、序号或任何说明文字。
格式要求：五言绝句为四句、每句五个汉字；七言绝句为四句、每句七个汉字。",古道何人扫，春风百草生。雨多泥亦滑，不奈马蹄轻。,False,4,"[5, 5, 5, 5]","[""第 1 句字数错误：期望 7 字，实际 5 字"", ""第 2 句字数错误：期望 7 字，实际 5 字"", ""第 3 句字数错误：期望 7 字，实际 5 字"", ""第 4 句字数错误：期望 7 字，实际 5 字""]"
T0701,theme_generation,春天,五言绝句,"请围绕主题“春天”创作一首五言绝句。
要求：只输出诗词正文，不要标题、解释、赏析、序号或任何说明文字。
格式要求：五言绝句为四句、每句五个汉字；七言绝句为四句、每句七个汉字。",春去也，春去也，何事太匆匆。可惜杨花好景致，,False,4,"[3, 3, 5, 7]","[""明显重复"", ""第 1 句字数错误：期望 5 字，实际 3 字"", ""第 2 句字数错误：期望 5 字，实际 3 字"", ""第 4 句字数错误：期望 5 字，实际 7 字""]"
T0702,theme_generation,夏日,七言绝句,"请围绕主题“夏日”创作一首七言绝句。
要求：只输出诗词正文，不要标题、解释、赏析、序号或任何说明文字。
格式要求：五言绝句为四句、每句五个汉字；七言绝句为四句、每句七个汉字。",野竹夹寒溪，日斜啼鸟稀。隔林闻犬吠，知近钓鱼矶。,False,4,"[5, 5, 5, 5]","[""第 1 句字数错误：期望 7 字，实际 5 字"", ""第 2 句字数错误：期望 7 字，实际 5 字"", ""第 3 句字数错误：期望 7 字，实际 5 字"", ""第 4 句字数错误：期望 7 字，实际 5 字""]"
T0703,theme_generation,秋思,五言绝句,"请围绕主题“秋思”创作一首五言绝句。
要求：只输出诗词正文，不要标题、解释、赏析、序号或任何说明文字。
格式要求：五言绝句为四句、每句五个汉字；七言绝句为四句、每句七个汉字。",江流无极处，山色有穷时。独向高楼望，令人欲别离。,True,4,"[5, 5, 5, 5]",[]
T0704,theme_generation,冬雪,七言绝句,"请围绕主题“冬雪”创作一首七言绝句。
要求：只输出诗词正文，不要标题、解释、赏析、序号或任何说明文字。
格式要求：五言绝句为四句、每句五个汉字；七言绝句为四句、每句七个汉字。",江淮千里外，草木不鸣秋。唯有寒梅白，依然映小楼。,False,4,"[5, 5, 5, 5]","[""第 1 句字数错误：期望 7 字，实际 5 字"", ""第 2 句字数错误：期望 7 字，实际 5 字"", ""第 3 句字数错误：期望 7 字，实际 5 字"", ""第 4 句字数错误：期望 7 字，实际 5 字""]"
T0705,theme_generation,春雨,五言绝句,"请围绕主题“春雨”创作一首五言绝句。
要求：只输出诗词正文，不要标题、解释、赏析、序号或任何说明文字。
格式要求：五言绝句为四句、每句五个汉字；七言绝句为四句、每句七个汉字。",春雨满池塘，宿眠惊起早。晓窗风淅沥，万竹声萧飒。,True,4,"[5, 5, 5, 5]",[]
T0706,theme_generation,秋风,七言绝句,"请围绕主题“秋风”创作一首七言绝句。
要求：只输出诗词正文，不要标题、解释、赏析、序号或任何说明文字。
格式要求：五言绝句为四句、每句五个汉字；七言绝句为四句、每句七个汉字。",秋风今夜到，又过别来家。想见东篱下，黄花压帽斜。。。。,False,4,"[5, 5, 5, 5]","[""第 1 句字数错误：期望 7 字，实际 5 字"", ""第 2 句字数错误：期望 7 字，实际 5 字"", ""第 3 句字数错误：期望 7 字，实际 5 字"", ""第 4 句字数错误：期望 7 字，实际 5 字""]"
T0707,theme_generation,寒冬,五言绝句,"请围绕主题“寒冬”创作一首五言绝句。
要求：只输出诗词正文，不要标题、解释、赏析、序号或任何说明文字。
格式要求：五言绝句为四句、每句五个汉字；七言绝句为四句、每句七个汉字。",寒月明前浦，朔风悲后庭。谁怜独坐客，寂寞夜沈吟。,True,4,"[5, 5, 5, 5]",[]
T0708,theme_generation,新年,七言绝句,"请围绕主题“新年”创作一首七言绝句。
要求：只输出诗词正文，不要标题、解释、赏析、序号或任何说明文字。
格式要求：五言绝句为四句、每句五个汉字；七言绝句为四句、每句七个汉字。",腊尽冰销雪初融，江梅先发玉精神。梅花已见春多少，更向春风醉几巡。,True,4,"[7, 7, 7, 7]",[]
T0709,theme_generation,清明,五言绝句,"请围绕主题“清明”创作一首五言绝句。
要求：只输出诗词正文，不要标题、解释、赏析、序号或任何说明文字。
格式要求：五言绝句为四句、每句五个汉字；七言绝句为四句、每句七个汉字。",雨湿垂杨岸，风生细麦畴。燕飞花外乱，莺语柳梢头。,True,4,"[5, 5, 5, 5]",[]
T0710,theme_generation,中秋,七言绝句,"请围绕主题“中秋”创作一首七言绝句。
要求：只输出诗词正文，不要标题、解释、赏析、序号或任何说明文字。
格式要求：五言绝句为四句、每句五个汉字；七言绝句为四句、每句七个汉字。",独坐秋深夜，愁多泪满巾。何时明月夜，重上木兰频。,False,4,"[5, 5, 5, 5]","[""第 1 句字数错误：期望 7 字，实际 5 字"", ""第 2 句字数错误：期望 7 字，实际 5 字"", ""第 3 句字数错误：期望 7 字，实际 5 字"", ""第 4 句字数错误：期望 7 字，实际 5 字""]"
T0711,theme_generation,明月,五言绝句,"请围绕主题“明月”创作一首五言绝句。
要求：只输出诗词正文，不要标题、解释、赏析、序号或任何说明文字。
格式要求：五言绝句为四句、每句五个汉字；七言绝句为四句、每句七个汉字。",皓皓空中月，悠悠天际人。唯余孤影在，常作百年身。,True,4,"[5, 5, 5, 5]",[]
T0712,theme_generation,清风,七言绝句,"请围绕主题“清风”创作一首七言绝句。
要求：只输出诗词正文，不要标题、解释、赏析、序号或任何说明文字。
格式要求：五言绝句为四句、每句五个汉字；七言绝句为四句、每句七个汉字。",不有清风扫万埃，那知天上玉楼台。人间百舌春归去，却向空门送夕阳。,True,4,"[7, 7, 7, 7]",[]
T0713,theme_generation,山水,五言绝句,"请围绕主题“山水”创作一首五言绝句。
要求：只输出诗词正文，不要标题、解释、赏析、序号或任何说明文字。
格式要求：五言绝句为四句、每句五个汉字；七言绝句为四句、每句七个汉字。",山行步步稳，水坐片帆轻。回首故乡远，秋风江月明。,True,4,"[5, 5, 5, 5]",[]
T0714,theme_generation,江河,七言绝句,"请围绕主题“江河”创作一首七言绝句。
要求：只输出诗词正文，不要标题、解释、赏析、序号或任何说明文字。
格式要求：五言绝句为四句、每句五个汉字；七言绝句为四句、每句七个汉字。",东汇千川合，西来万派通。烟波浩无际，一叶与轻风。长江水接天，,False,5,"[5, 5, 5, 5, 5]","[""句数错误：期望 4 句，实际 5 句"", ""第 1 句字数错误：期望 7 字，实际 5 字"", ""第 2 句字数错误：期望 7 字，实际 5 字"", ""第 3 句字数错误：期望 7 字，实际 5 字"", ""第 4 句字数错误：期望 7 字，实际 5 字"", ""第 5 句字数错误：期望 7 字，实际 5 字""]"
T0715,theme_generation,大海,五言绝句,"请围绕主题“大海”创作一首五言绝句。
要求：只输出诗词正文，不要标题、解释、赏析、序号或任何说明文字。
格式要求：五言绝句为四句、每句五个汉字；七言绝句为四句、每句七个汉字。",有海皆波涛，无风亦波浪。安知人无心，非复因波浪。,True,4,"[5, 5, 5, 5]",[]
T0716,theme_generation,白云,七言绝句,"请围绕主题“白云”创作一首七言绝句。
要求：只输出诗词正文，不要标题、解释、赏析、序号或任何说明文字。
格式要求：五言绝句为四句、每句五个汉字；七言绝句为四句、每句七个汉字。",长年忆往昔，自是倚松萝。闻说山中路，云深处更多。,False,4,"[5, 5, 5, 5]","[""第 1 句字数错误：期望 7 字，实际 5 字"", ""第 2 句字数错误：期望 7 字，实际 5 字"", ""第 3 句字数错误：期望 7 字，实际 5 字"", ""第 4 句字数错误：期望 7 字，实际 5 字""]"
T0717,theme_generation,落日,五言绝句,"请围绕主题“落日”创作一首五言绝句。
要求：只输出诗词正文，不要标题、解释、赏析、序号或任何说明文字。
格式要求：五言绝句为四句、每句五个汉字；七言绝句为四句、每句七个汉字。",落日孤云外，遥山隔雾中。不须看历日，已是菊花风。,True,4,"[5, 5, 5, 5]",[]
T0718,theme_generation,晚霞,七言绝句,"请围绕主题“晚霞”创作一首七言绝句。
要求：只输出诗词正文，不要标题、解释、赏析、序号或任何说明文字。
格式要求：五言绝句为四句、每句五个汉字；七言绝句为四句、每句七个汉字。",残霞照远林，山色深如染。坐久晚云收，苍茫一川迥。,False,4,"[5, 5, 5, 5]","[""第 1 句字数错误：期望 7 字，实际 5 字"", ""第 2 句字数错误：期望 7 字，实际 5 字"", ""第 3 句字数错误：期望 7 字，实际 5 字"", ""第 4 句字数错误：期望 7 字，实际 5 字""]"
T0719,theme_generation,青山,五言绝句,"请围绕主题“青山”创作一首五言绝句。
要求：只输出诗词正文，不要标题、解释、赏析、序号或任何说明文字。
格式要求：五言绝句为四句、每句五个汉字；七言绝句为四句、每句七个汉字。",高岸一回顾，长川更自横。遥知此望极，不独泪沾缨。,True,4,"[5, 5, 5, 5]",[]
T0720,theme_generation,流水,七言绝句,"请围绕主题“流水”创作一首七言绝句。
要求：只输出诗词正文，不要标题、解释、赏析、序号或任何说明文字。
格式要求：五言绝句为四句、每句五个汉字；七言绝句为四句、每句七个汉字。",江头一雨洗尘埃，尽遣吴中物色来。水是越溪明月影，山如天姥翠云堆。,True,4,"[7, 7, 7, 7]",[]
T0721,theme_generation,花开,五言绝句,"请围绕主题“花开”创作一首五言绝句。
要求：只输出诗词正文，不要标题、解释、赏析、序号或任何说明文字。
格式要求：五言绝句为四句、每句五个汉字；七言绝句为四句、每句七个汉字。",南枝向暖开，北岭因寒落。芳意日依依，春风日寥廓。,True,4,"[5, 5, 5, 5]",[]
T0722,theme_generation,落花,七言绝句,"请围绕主题“落花”创作一首七言绝句。
要求：只输出诗词正文，不要标题、解释、赏析、序号或任何说明文字。
格式要求：五言绝句为四句、每句五个汉字；七言绝句为四句、每句七个汉字。",玉蘂堕林梢，金英点池面。欲赋无和者，美人渺天半。,False,4,"[5, 5, 5, 5]","[""第 1 句字数错误：期望 7 字，实际 5 字"", ""第 2 句字数错误：期望 7 字，实际 5 字"", ""第 3 句字数错误：期望 7 字，实际 5 字"", ""第 4 句字数错误：期望 7 字，实际 5 字""]"
T0723,theme_generation,杨柳,五言绝句,"请围绕主题“杨柳”创作一首五言绝句。
要求：只输出诗词正文，不要标题、解释、赏析、序号或任何说明文字。
格式要求：五言绝句为四句、每句五个汉字；七言绝句为四句、每句七个汉字。",绿暗千丝合，春深万缕长。临风无好语，聊复倚斜阳。,True,4,"[5, 5, 5, 5]",[]
T0724,theme_generation,孤舟,七言绝句,"请围绕主题“孤舟”创作一首七言绝句。
要求：只输出诗词正文，不要标题、解释、赏析、序号或任何说明文字。
格式要求：五言绝句为四句、每句五个汉字；七言绝句为四句、每句七个汉字。",孤舟渺何许，江空雁落霜。平生多少事，分付短灯觞。,False,4,"[5, 5, 5, 5]","[""第 1 句字数错误：期望 7 字，实际 5 字"", ""第 2 句字数错误：期望 7 字，实际 5 字"", ""第 3 句字数错误：期望 7 字，实际 5 字"", ""第 4 句字数错误：期望 7 字，实际 5 字""]"
T0725,theme_generation,飞鸟,五言绝句,"请围绕主题“飞鸟”创作一首五言绝句。
要求：只输出诗词正文，不要标题、解释、赏析、序号或任何说明文字。
格式要求：五言绝句为四句、每句五个汉字；七言绝句为四句、每句七个汉字。",平生飞鸟意，何处是归程。愁见南飞雁，连声入塞情。,True,4,"[5, 5, 5, 5]",[]
T0726,theme_generation,寒梅,七言绝句,"请围绕主题“寒梅”创作一首七言绝句。
要求：只输出诗词正文，不要标题、解释、赏析、序号或任何说明文字。
格式要求：五言绝句为四句、每句五个汉字；七言绝句为四句、每句七个汉字。",水边临岸雪初开，想见清芬逐马来。莫使俗人知去处，恐妨流水去还来。,True,4,"[7, 7, 7, 7]",[]
T0727,theme_generation,竹林,五言绝句,"请围绕主题“竹林”创作一首五言绝句。
要求：只输出诗词正文，不要标题、解释、赏析、序号或任何说明文字。
格式要求：五言绝句为四句、每句五个汉字；七言绝句为四句、每句七个汉字。",修竹覆青琅，繁枝弱箨长。不知金谷种，何事爱苍苍。,True,4,"[5, 5, 5, 5]",[]
T0728,theme_generation,松柏,七言绝句,"请围绕主题“松柏”创作一首七言绝句。
要求：只输出诗词正文，不要标题、解释、赏析、序号或任何说明文字。
格式要求：五言绝句为四句、每句五个汉字；七言绝句为四句、每句七个汉字。",苍髯森戟戟，绿鬓雪毵毵。岁晚知谁伴，霜清气独严。,False,4,"[5, 5, 5, 5]","[""第 1 句字数错误：期望 7 字，实际 5 字"", ""第 2 句字数错误：期望 7 字，实际 5 字"", ""第 3 句字数错误：期望 7 字，实际 5 字"", ""第 4 句字数错误：期望 7 字，实际 5 字""]"
T0729,theme_generation,荷花,五言绝句,"请围绕主题“荷花”创作一首五言绝句。
要求：只输出诗词正文，不要标题、解释、赏析、序号或任何说明文字。
格式要求：五言绝句为四句、每句五个汉字；七言绝句为四句、每句七个汉字。",露洗芙蓉面，风吹芍药衣。春光将欲尽，犹有未开枝。,True,4,"[5, 5, 5, 5]",[]
T0730,theme_generation,枫叶,七言绝句,"请围绕主题“枫叶”创作一首七言绝句。
要求：只输出诗词正文，不要标题、解释、赏析、序号或任何说明文字。
格式要求：五言绝句为四句、每句五个汉字；七言绝句为四句、每句七个汉字。",莫是青枫老，红颜已自衰。秋声犹未用，那更起寒漪。,False,4,"[5, 5, 5, 5]","[""第 1 句字数错误：期望 7 字，实际 5 字"", ""第 2 句字数错误：期望 7 字，实际 5 字"", ""第 3 句字数错误：期望 7 字，实际 5 字"", ""第 4 句字数错误：期望 7 字，实际 5 字""]"
T0731,theme_generation,思乡,五言绝句,"请围绕主题“思乡”创作一首五言绝句。
要求：只输出诗词正文，不要标题、解释、赏析、序号或任何说明文字。
格式要求：五言绝句为四句、每句五个汉字；七言绝句为四句、每句七个汉字。",久客知归日，中情似乱丝。夜窗风露冷，愁坐不成寐。,True,4,"[5, 5, 5, 5]",[]
T0732,theme_generation,离别,七言绝句,"请围绕主题“离别”创作一首七言绝句。
要求：只输出诗词正文，不要标题、解释、赏析、序号或任何说明文字。
格式要求：五言绝句为四句、每句五个汉字；七言绝句为四句、每句七个汉字。",莫道秋来鬓未新，白头相见亦难陈。别离苦事谁能免，况是相逢又送人。,True,4,"[7, 7, 7, 7]",[]
T0733,theme_generation,相思,五言绝句,"请围绕主题“相思”创作一首五言绝句。
要求：只输出诗词正文，不要标题、解释、赏析、序号或任何说明文字。
格式要求：五言绝句为四句、每句五个汉字；七言绝句为四句、每句七个汉字。",忆得同眠夜，何曾觉晓分。起来俱不著，争忍等闲分。,True,4,"[5, 5, 5, 5]",[]
T0734,theme_generation,孤独,七言绝句,"请围绕主题“孤独”创作一首七言绝句。
要求：只输出诗词正文，不要标题、解释、赏析、序号或任何说明文字。
格式要求：五言绝句为四句、每句五个汉字；七言绝句为四句、每句七个汉字。",病卧伤情久，行吟取次无。春光与秋色，闲杀太仓书。。。。。,False,4,"[5, 5, 5, 5]","[""第 1 句字数错误：期望 7 字，实际 5 字"", ""第 2 句字数错误：期望 7 字，实际 5 字"", ""第 3 句字数错误：期望 7 字，实际 5 字"", ""第 4 句字数错误：期望 7 字，实际 5 字""]"
T0735,theme_generation,怀古,五言绝句,"请围绕主题“怀古”创作一首五言绝句。
要求：只输出诗词正文，不要标题、解释、赏析、序号或任何说明文字。
格式要求：五言绝句为四句、每句五个汉字；七言绝句为四句、每句七个汉字。",秦王初得志，吞并尽英豪。不待诛项羽，始知无楚骚。,True,4,"[5, 5, 5, 5]",[]
T0736,theme_generation,忧愁,七言绝句,"请围绕主题“忧愁”创作一首七言绝句。
要求：只输出诗词正文，不要标题、解释、赏析、序号或任何说明文字。
格式要求：五言绝句为四句、每句五个汉字；七言绝句为四句、每句七个汉字。",客路三千里，长亭复短亭。那堪此夜月，照我故乡星。,False,4,"[5, 5, 5, 5]","[""第 1 句字数错误：期望 7 字，实际 5 字"", ""第 2 句字数错误：期望 7 字，实际 5 字"", ""第 3 句字数错误：期望 7 字，实际 5 字"", ""第 4 句字数错误：期望 7 字，实际 5 字""]"
T0737,theme_generation,喜悦,五言绝句,"请围绕主题“喜悦”创作一首五言绝句。
要求：只输出诗词正文，不要标题、解释、赏析、序号或任何说明文字。
格式要求：五言绝句为四句、每句五个汉字；七言绝句为四句、每句七个汉字。",喜笑欲开颜，愁吟难解闷。虽居瘴疠乡，身似神仙分。,True,4,"[5, 5, 5, 5]",[]
T0738,theme_generation,闲适,七言绝句,"请围绕主题“闲适”创作一首七言绝句。
要求：只输出诗词正文，不要标题、解释、赏析、序号或任何说明文字。
格式要求：五言绝句为四句、每句五个汉字；七言绝句为四句、每句七个汉字。",江头云似脚，山曲水如环。一雨三更睡，孤舟万事闲。。。。,False,4,"[5, 5, 5, 5]","[""第 1 句字数错误：期望 7 字，实际 5 字"", ""第 2 句字数错误：期望 7 字，实际 5 字"", ""第 3 句字数错误：期望 7 字，实际 5 字"", ""第 4 句字数错误：期望 7 字，实际 5 字""]"
T0739,theme_generation,感怀,五言绝句,"请围绕主题“感怀”创作一首五言绝句。
要求：只输出诗词正文，不要标题、解释、赏析、序号或任何说明文字。
格式要求：五言绝句为四句、每句五个汉字；七言绝句为四句、每句七个汉字。",白日何太短，清霜忽已繁。吾将卧燕榻，听尔语更阑。,True,4,"[5, 5, 5, 5]",[]
T0740,theme_generation,伤春,七言绝句,"请围绕主题“伤春”创作一首七言绝句。
要求：只输出诗词正文，不要标题、解释、赏析、序号或任何说明文字。
格式要求：五言绝句为四句、每句五个汉字；七言绝句为四句、每句七个汉字。",残花一树绿，春色十分休。自是东风恶，无因更上楼。。。。。,False,4,"[5, 5, 5, 5]","[""第 1 句字数错误：期望 7 字，实际 5 字"", ""第 2 句字数错误：期望 7 字，实际 5 字"", ""第 3 句字数错误：期望 7 字，实际 5 字"", ""第 4 句字数错误：期望 7 字，实际 5 字""]"
T0741,theme_generation,人生,五言绝句,"请围绕主题“人生”创作一首五言绝句。
要求：只输出诗词正文，不要标题、解释、赏析、序号或任何说明文字。
格式要求：五言绝句为四句、每句五个汉字；七言绝句为四句、每句七个汉字。",人生会聚难，岁月易推迁。珍重东林老，相迎意已便。,True,4,"[5, 5, 5, 5]",[]
T0742,theme_generation,时光,七言绝句,"请围绕主题“时光”创作一首七言绝句。
要求：只输出诗词正文，不要标题、解释、赏析、序号或任何说明文字。
格式要求：五言绝句为四句、每句五个汉字；七言绝句为四句、每句七个汉字。",光景悠悠去，人生若朝露。须臾满手间，又复向何处。？,False,4,"[5, 5, 5, 5]","[""第 1 句字数错误：期望 7 字，实际 5 字"", ""第 2 句字数错误：期望 7 字，实际 5 字"", ""第 3 句字数错误：期望 7 字，实际 5 字"", ""第 4 句字数错误：期望 7 字，实际 5 字""]"
T0743,theme_generation,梦想,五言绝句,"请围绕主题“梦想”创作一首五言绝句。
要求：只输出诗词正文，不要标题、解释、赏析、序号或任何说明文字。
格式要求：五言绝句为四句、每句五个汉字；七言绝句为四句、每句七个汉字。",身闲方自得，梦短亦何忧。不用频求梦，无妨日养沤。,True,4,"[5, 5, 5, 5]",[]
T0744,theme_generation,远方,七言绝句,"请围绕主题“远方”创作一首七言绝句。
要求：只输出诗词正文，不要标题、解释、赏析、序号或任何说明文字。
格式要求：五言绝句为四句、每句五个汉字；七言绝句为四句、每句七个汉字。",月皎霜风下，烟昏烟火生。可怜寒夜远，相对是孤城。,False,4,"[5, 5, 5, 5]","[""第 1 句字数错误：期望 7 字，实际 5 字"", ""第 2 句字数错误：期望 7 字，实际 5 字"", ""第 3 句字数错误：期望 7 字，实际 5 字"", ""第 4 句字数错误：期望 7 字，实际 5 字""]"
T0745,theme_generation,归隐,五言绝句,"请围绕主题“归隐”创作一首五言绝句。
要求：只输出诗词正文，不要标题、解释、赏析、序号或任何说明文字。
格式要求：五言绝句为四句、每句五个汉字；七言绝句为四句、每句七个汉字。",世累何劳问，身闲即有道。春来洞庭湖，吟得碧云老。,True,4,"[5, 5, 5, 5]",[]
T0746,theme_generation,漂泊,七言绝句,"请围绕主题“漂泊”创作一首七言绝句。
要求：只输出诗词正文，不要标题、解释、赏析、序号或任何说明文字。
格式要求：五言绝句为四句、每句五个汉字；七言绝句为四句、每句七个汉字。",飘零万里身，寂寞十年客。今朝一相逢，如梦复如月。,False,4,"[5, 5, 5, 5]","[""第 1 句字数错误：期望 7 字，实际 5 字"", ""第 2 句字数错误：期望 7 字，实际 5 字"", ""第 3 句字数错误：期望 7 字，实际 5 字"", ""第 4 句字数错误：期望 7 字，实际 5 字""]"
T0747,theme_generation,壮志,五言绝句,"请围绕主题“壮志”创作一首五言绝句。
要求：只输出诗词正文，不要标题、解释、赏析、序号或任何说明文字。
格式要求：五言绝句为四句、每句五个汉字；七言绝句为四句、每句七个汉字。",壮志欲吞海，穷愁先到心。更须悲往事，老眼看如今。,True,4,"[5, 5, 5, 5]",[]
T0748,theme_generation,知己,七言绝句,"请围绕主题“知己”创作一首七言绝句。
要求：只输出诗词正文，不要标题、解释、赏析、序号或任何说明文字。
格式要求：五言绝句为四句、每句五个汉字；七言绝句为四句、每句七个汉字。",君心吾岂昧，天理本无偏。但得人常恕，何忧祸患煎。,False,4,"[5, 5, 5, 5]","[""第 1 句字数错误：期望 7 字，实际 5 字"", ""第 2 句字数错误：期望 7 字，实际 5 字"", ""第 3 句字数错误：期望 7 字，实际 5 字"", ""第 4 句字数错误：期望 7 字，实际 5 字""]"
T0749,theme_generation,故人,五言绝句,"请围绕主题“故人”创作一首五言绝句。
要求：只输出诗词正文，不要标题、解释、赏析、序号或任何说明文字。
格式要求：五言绝句为四句、每句五个汉字；七言绝句为四句、每句七个汉字。",故人不相见，书札何由通。日夕登临望，烟波在眼中。,True,4,"[5, 5, 5, 5]",[]
T0750,theme_generation,岁月,七言绝句,"请围绕主题“岁月”创作一首七言绝句。
要求：只输出诗词正文，不要标题、解释、赏析、序号或任何说明文字。
格式要求：五言绝句为四句、每句五个汉字；七言绝句为四句、每句七个汉字。",一别经年不见君，白头相见两情分。人生离合何须问，且醉杯中绿醑醺。,True,4,"[7, 7, 7, 7]",[]
T0751,theme_generation,边塞,五言绝句,"请围绕主题“边塞”创作一首五言绝句。
要求：只输出诗词正文，不要标题、解释、赏析、序号或任何说明文字。
格式要求：五言绝句为四句、每句五个汉字；七言绝句为四句、每句七个汉字。",行尽黄茅岭，飞鸣白帝城。如何三峡水，不送剑南声。,True,4,"[5, 5, 5, 5]",[]
T0752,theme_generation,田园,七言绝句,"请围绕主题“田园”创作一首七言绝句。
要求：只输出诗词正文，不要标题、解释、赏析、序号或任何说明文字。
格式要求：五言绝句为四句、每句五个汉字；七言绝句为四句、每句七个汉字。",田家农圃事犁锄，雨足禾苗喜气苏。莫道君王忘在野，诏书时有诏书符。,True,4,"[7, 7, 7, 7]",[]
T0753,theme_generation,江南,五言绝句,"请围绕主题“江南”创作一首五言绝句。
要求：只输出诗词正文，不要标题、解释、赏析、序号或任何说明文字。
格式要求：五言绝句为四句、每句五个汉字；七言绝句为四句、每句七个汉字。",江南烟雨昏，楼上起望处。长亭短亭间，客散空肠断。,True,4,"[5, 5, 5, 5]",[]
T0754,theme_generation,长安,七言绝句,"请围绕主题“长安”创作一首七言绝句。
要求：只输出诗词正文，不要标题、解释、赏析、序号或任何说明文字。
格式要求：五言绝句为四句、每句五个汉字；七言绝句为四句、每句七个汉字。",秦川斜日上，旌斾出城门。马上长安道，秋风匹马尘。,False,4,"[5, 5, 5, 5]","[""第 1 句字数错误：期望 7 字，实际 5 字"", ""第 2 句字数错误：期望 7 字，实际 5 字"", ""第 3 句字数错误：期望 7 字，实际 5 字"", ""第 4 句字数错误：期望 7 字，实际 5 字""]"
T0755,theme_generation,古寺,五言绝句,"请围绕主题“古寺”创作一首五言绝句。
要求：只输出诗词正文，不要标题、解释、赏析、序号或任何说明文字。
格式要求：五言绝句为四句、每句五个汉字；七言绝句为四句、每句七个汉字。",古殿无人入，春深百草生。落花随水去，一片逐流声。,True,4,"[5, 5, 5, 5]",[]
T0756,theme_generation,夜雨,七言绝句,"请围绕主题“夜雨”创作一首七言绝句。
要求：只输出诗词正文，不要标题、解释、赏析、序号或任何说明文字。
格式要求：五言绝句为四句、每句五个汉字；七言绝句为四句、每句七个汉字。",夜雨闭窗幽，萧然无俗求。寒虫自相吊，更漏和蛩秋。。。。。,False,4,"[5, 5, 5, 5]","[""第 1 句字数错误：期望 7 字，实际 5 字"", ""第 2 句字数错误：期望 7 字，实际 5 字"", ""第 3 句字数错误：期望 7 字，实际 5 字"", ""第 4 句字数错误：期望 7 字，实际 5 字""]"
T0757,theme_generation,客栈,五言绝句,"请围绕主题“客栈”创作一首五言绝句。
要求：只输出诗词正文，不要标题、解释、赏析、序号或任何说明文字。
格式要求：五言绝句为四句、每句五个汉字；七言绝句为四句、每句七个汉字。",道在无前路，心空不著忙。此中饶有味，那许俗人尝。,True,4,"[5, 5, 5, 5]",[]
T0758,theme_generation,渡口,七言绝句,"请围绕主题“渡口”创作一首七言绝句。
要求：只输出诗词正文，不要标题、解释、赏析、序号或任何说明文字。
格式要求：五言绝句为四句、每句五个汉字；七言绝句为四句、每句七个汉字。",寒食无烟火，春阴湿昼风。渡头人已散，杨柳自摇空。,False,4,"[5, 5, 5, 5]","[""第 1 句字数错误：期望 7 字，实际 5 字"", ""第 2 句字数错误：期望 7 字，实际 5 字"", ""第 3 句字数错误：期望 7 字，实际 5 字"", ""第 4 句字数错误：期望 7 字，实际 5 字""]"
T0759,theme_generation,山村,五言绝句,"请围绕主题“山村”创作一首五言绝句。
要求：只输出诗词正文，不要标题、解释、赏析、序号或任何说明文字。
格式要求：五言绝句为四句、每句五个汉字；七言绝句为四句、每句七个汉字。",山路随山转，寒云逐叶飞。不知花落后，先有雁南归。,True,4,"[5, 5, 5, 5]",[]
T0760,theme_generation,渔家,七言绝句,"请围绕主题“渔家”创作一首七言绝句。
要求：只输出诗词正文，不要标题、解释、赏析、序号或任何说明文字。
格式要求：五言绝句为四句、每句五个汉字；七言绝句为四句、每句七个汉字。",渔舟系缆青溪岸，小立茅簷待月来。潮水不随春色减，涨江犹有浅深回。,True,4,"[7, 7, 7, 7]",[]
T0761,theme_generation,美酒,五言绝句,"请围绕主题“美酒”创作一首五言绝句。
要求：只输出诗词正文，不要标题、解释、赏析、序号或任何说明文字。
格式要求：五言绝句为四句、每句五个汉字；七言绝句为四句、每句七个汉字。",千日醉乡路，无人造酒方。我今真个去，先试酿泉香。,True,4,"[5, 5, 5, 5]",[]
T0762,theme_generation,琴声,七言绝句,"请围绕主题“琴声”创作一首七言绝句。
要求：只输出诗词正文，不要标题、解释、赏析、序号或任何说明文字。
格式要求：五言绝句为四句、每句五个汉字；七言绝句为四句、每句七个汉字。",坐久人声寂，风前自泠然。山空云不动，飞下碧溪泉。。。。。。。。,False,4,"[5, 5, 5, 5]","[""第 1 句字数错误：期望 7 字，实际 5 字"", ""第 2 句字数错误：期望 7 字，实际 5 字"", ""第 3 句字数错误：期望 7 字，实际 5 字"", ""第 4 句字数错误：期望 7 字，实际 5 字""]"
T0763,theme_generation,书卷,五言绝句,"请围绕主题“书卷”创作一首五言绝句。
要求：只输出诗词正文，不要标题、解释、赏析、序号或任何说明文字。
格式要求：五言绝句为四句、每句五个汉字；七言绝句为四句、每句七个汉字。",一室贮图书，平生无嗜欲。日晏人未归，鸟雀噪庭户。,True,4,"[5, 5, 5, 5]",[]
T0764,theme_generation,灯火,七言绝句,"请围绕主题“灯火”创作一首七言绝句。
要求：只输出诗词正文，不要标题、解释、赏析、序号或任何说明文字。
格式要求：五言绝句为四句、每句五个汉字；七言绝句为四句、每句七个汉字。",万室千家聚，城门禁夜开。纷纷人似蚁，归舍竞衔杯。元宵三五夜，,False,5,"[5, 5, 5, 5, 5]","[""句数错误：期望 4 句，实际 5 句"", ""第 1 句字数错误：期望 7 字，实际 5 字"", ""第 2 句字数错误：期望 7 字，实际 5 字"", ""第 3 句字数错误：期望 7 字，实际 5 字"", ""第 4 句字数错误：期望 7 字，实际 5 字"", ""第 5 句字数错误：期望 7 字，实际 5 字""]"
T0765,theme_generation,诗酒,五言绝句,"请围绕主题“诗酒”创作一首五言绝句。
要求：只输出诗词正文，不要标题、解释、赏析、序号或任何说明文字。
格式要求：五言绝句为四句、每句五个汉字；七言绝句为四句、每句七个汉字。",花似刘郎面，山如宋玉肠。更须添白发，方始是重阳。,True,4,"[5, 5, 5, 5]",[]
T0766,theme_generation,征人,七言绝句,"请围绕主题“征人”创作一首七言绝句。
要求：只输出诗词正文，不要标题、解释、赏析、序号或任何说明文字。
格式要求：五言绝句为四句、每句五个汉字；七言绝句为四句、每句七个汉字。",塞北梅花引，江南柳絮飞。年年长信女，吹笛在谁家。,False,4,"[5, 5, 5, 5]","[""第 1 句字数错误：期望 7 字，实际 5 字"", ""第 2 句字数错误：期望 7 字，实际 5 字"", ""第 3 句字数错误：期望 7 字，实际 5 字"", ""第 4 句字数错误：期望 7 字，实际 5 字""]"
T0767,theme_generation,游子,五言绝句,"请围绕主题“游子”创作一首五言绝句。
要求：只输出诗词正文，不要标题、解释、赏析、序号或任何说明文字。
格式要求：五言绝句为四句、每句五个汉字；七言绝句为四句、每句七个汉字。",忆著归耕处，山遥水复深。晓猿啼不断，夜鹤唳空林。,True,4,"[5, 5, 5, 5]",[]
T0768,theme_generation,故乡,七言绝句,"请围绕主题“故乡”创作一首七言绝句。
要求：只输出诗词正文，不要标题、解释、赏析、序号或任何说明文字。
格式要求：五言绝句为四句、每句五个汉字；七言绝句为四句、每句七个汉字。",白发愁看镜，青山厌见归。如今身不老，还得到乡稀。,False,4,"[5, 5, 5, 5]","[""第 1 句字数错误：期望 7 字，实际 5 字"", ""第 2 句字数错误：期望 7 字，实际 5 字"", ""第 3 句字数错误：期望 7 字，实际 5 字"", ""第 4 句字数错误：期望 7 字，实际 5 字""]"
T0769,theme_generation,关山,五言绝句,"请围绕主题“关山”创作一首五言绝句。
要求：只输出诗词正文，不要标题、解释、赏析、序号或任何说明文字。
格式要求：五言绝句为四句、每句五个汉字；七言绝句为四句、每句七个汉字。",莫爱关山好，关山可奈何。征夫不解怨，只是怨姮娥。,True,4,"[5, 5, 5, 5]",[]
T0770,theme_generation,楼台,七言绝句,"请围绕主题“楼台”创作一首七言绝句。
要求：只输出诗词正文，不要标题、解释、赏析、序号或任何说明文字。
格式要求：五言绝句为四句、每句五个汉字；七言绝句为四句、每句七个汉字。",天女散花处，金轮坐佛归。不知楼上客，曾见几人飞。,False,4,"[5, 5, 5, 5]","[""第 1 句字数错误：期望 7 字，实际 5 字"", ""第 2 句字数错误：期望 7 字，实际 5 字"", ""第 3 句字数错误：期望 7 字，实际 5 字"", ""第 4 句字数错误：期望 7 字，实际 5 字""]"
T0771,theme_generation,晨景,五言绝句,"请围绕主题“晨景”创作一首五言绝句。
要求：只输出诗词正文，不要标题、解释、赏析、序号或任何说明文字。
格式要求：五言绝句为四句、每句五个汉字；七言绝句为四句、每句七个汉字。",清霜点枫林，残阳映疏柳。天末一雁飞，秋空生远秀。,True,4,"[5, 5, 5, 5]",[]
T0772,theme_generation,暮景,七言绝句,"请围绕主题“暮景”创作一首七言绝句。
要求：只输出诗词正文，不要标题、解释、赏析、序号或任何说明文字。
格式要求：五言绝句为四句、每句五个汉字；七言绝句为四句、每句七个汉字。",林花一夜风，吹落南阶月。却忆在山时，清吟独自发。,False,4,"[5, 5, 5, 5]","[""第 1 句字数错误：期望 7 字，实际 5 字"", ""第 2 句字数错误：期望 7 字，实际 5 字"", ""第 3 句字数错误：期望 7 字，实际 5 字"", ""第 4 句字数错误：期望 7 字，实际 5 字""]"
T0773,theme_generation,湖上,五言绝句,"请围绕主题“湖上”创作一首五言绝句。
要求：只输出诗词正文，不要标题、解释、赏析、序号或任何说明文字。
格式要求：五言绝句为四句、每句五个汉字；七言绝句为四句、每句七个汉字。",小艇何方远，扁舟何处停？夜深烟雨急，明月一川星。,True,4,"[5, 5, 5, 5]",[]
T0774,theme_generation,溪边,七言绝句,"请围绕主题“溪边”创作一首七言绝句。
要求：只输出诗词正文，不要标题、解释、赏析、序号或任何说明文字。
格式要求：五言绝句为四句、每句五个汉字；七言绝句为四句、每句七个汉字。",溪边杨柳树，尽解舞东风。日暮未归客，垂鞭攀绿丛。,False,4,"[5, 5, 5, 5]","[""第 1 句字数错误：期望 7 字，实际 5 字"", ""第 2 句字数错误：期望 7 字，实际 5 字"", ""第 3 句字数错误：期望 7 字，实际 5 字"", ""第 4 句字数错误：期望 7 字，实际 5 字""]"
T0775,theme_generation,山寺,五言绝句,"请围绕主题“山寺”创作一首五言绝句。
要求：只输出诗词正文，不要标题、解释、赏析、序号或任何说明文字。
格式要求：五言绝句为四句、每句五个汉字；七言绝句为四句、每句七个汉字。",石磴通深坞，阴崖挂断虹。游人应尽少，猿鸟日相从。,True,4,"[5, 5, 5, 5]",[]
T0776,theme_generation,秋夜,七言绝句,"请围绕主题“秋夜”创作一首七言绝句。
要求：只输出诗词正文，不要标题、解释、赏析、序号或任何说明文字。
格式要求：五言绝句为四句、每句五个汉字；七言绝句为四句、每句七个汉字。",月入清宵小，霜添冷露新。寒林无叶下，独有影相亲。,False,4,"[5, 5, 5, 5]","[""第 1 句字数错误：期望 7 字，实际 5 字"", ""第 2 句字数错误：期望 7 字，实际 5 字"", ""第 3 句字数错误：期望 7 字，实际 5 字"", ""第 4 句字数错误：期望 7 字，实际 5 字""]"
T0777,theme_generation,春游,五言绝句,"请围绕主题“春游”创作一首五言绝句。
要求：只输出诗词正文，不要标题、解释、赏析、序号或任何说明文字。
格式要求：五言绝句为四句、每句五个汉字；七言绝句为四句、每句七个汉字。",南陌与东阡，风光次第还。不知何处笛，引得杏花残。,True,4,"[5, 5, 5, 5]",[]
T0778,theme_generation,送别,七言绝句,"请围绕主题“送别”创作一首七言绝句。
要求：只输出诗词正文，不要标题、解释、赏析、序号或任何说明文字。
格式要求：五言绝句为四句、每句五个汉字；七言绝句为四句、每句七个汉字。",古木无多叶，秋来少有蝉。故园归梦断，飞尽晚晴天。,False,4,"[5, 5, 5, 5]","[""第 1 句字数错误：期望 7 字，实际 5 字"", ""第 2 句字数错误：期望 7 字，实际 5 字"", ""第 3 句字数错误：期望 7 字，实际 5 字"", ""第 4 句字数错误：期望 7 字，实际 5 字""]"
T0779,theme_generation,登高,五言绝句,"请围绕主题“登高”创作一首五言绝句。
要求：只输出诗词正文，不要标题、解释、赏析、序号或任何说明文字。
格式要求：五言绝句为四句、每句五个汉字；七言绝句为四句、每句七个汉字。",九月九日暮，青枫叶上霜。不知来送酒，何物是重阳。,True,4,"[5, 5, 5, 5]",[]
T0780,theme_generation,望月,七言绝句,"请围绕主题“望月”创作一首七言绝句。
要求：只输出诗词正文，不要标题、解释、赏析、序号或任何说明文字。
格式要求：五言绝句为四句、每句五个汉字；七言绝句为四句、每句七个汉字。",玉钩秋夜挂，金盆素魄临。何人倚楼看，双泪堕瑶琴。,False,4,"[5, 5, 5, 5]","[""第 1 句字数错误：期望 7 字，实际 5 字"", ""第 2 句字数错误：期望 7 字，实际 5 字"", ""第 3 句字数错误：期望 7 字，实际 5 字"", ""第 4 句字数错误：期望 7 字，实际 5 字""]"
T0781,theme_generation,听雨,五言绝句,"请围绕主题“听雨”创作一首五言绝句。
要求：只输出诗词正文，不要标题、解释、赏析、序号或任何说明文字。
格式要求：五言绝句为四句、每句五个汉字；七言绝句为四句、每句七个汉字。",孤馆经旬坐，寒更欲尽时。不知谁共语，空有夜虫悲。,True,4,"[5, 5, 5, 5]",[]
T0782,theme_generation,赏花,七言绝句,"请围绕主题“赏花”创作一首七言绝句。
要求：只输出诗词正文，不要标题、解释、赏析、序号或任何说明文字。
格式要求：五言绝句为四句、每句五个汉字；七言绝句为四句、每句七个汉字。",小园春色老来稀，梅谢桃稀燕子归。剩有蔷薇堪结子，晚风晴日好裁衣。,True,4,"[7, 7, 7, 7]",[]
T0783,theme_generation,观潮,五言绝句,"请围绕主题“观潮”创作一首五言绝句。
要求：只输出诗词正文，不要标题、解释、赏析、序号或任何说明文字。
格式要求：五言绝句为四句、每句五个汉字；七言绝句为四句、每句七个汉字。",天际云头出，江心波底来。两山相向立，一水自横回。,True,4,"[5, 5, 5, 5]",[]
T0784,theme_generation,塞外,七言绝句,"请围绕主题“塞外”创作一首七言绝句。
要求：只输出诗词正文，不要标题、解释、赏析、序号或任何说明文字。
格式要求：五言绝句为四句、每句五个汉字；七言绝句为四句、每句七个汉字。",莫言塞北无梅蕊，六月飞花雪满枝。何事南人不识此，漫传岭上有横枝。,True,4,"[7, 7, 7, 7]",[]
T0785,theme_generation,军旅,五言绝句,"请围绕主题“军旅”创作一首五言绝句。
要求：只输出诗词正文，不要标题、解释、赏析、序号或任何说明文字。
格式要求：五言绝句为四句、每句五个汉字；七言绝句为四句、每句七个汉字。",秋声卷地来，胡马寒相映。飞将渡河时，单于夜吹影。,True,4,"[5, 5, 5, 5]",[]
T0786,theme_generation,宫怨,七言绝句,"请围绕主题“宫怨”创作一首七言绝句。
要求：只输出诗词正文，不要标题、解释、赏析、序号或任何说明文字。
格式要求：五言绝句为四句、每句五个汉字；七言绝句为四句、每句七个汉字。",月落巫山暮，寒江照白苹。美人何处在？空复旧时云。。。。,False,4,"[5, 5, 5, 5]","[""第 1 句字数错误：期望 7 字，实际 5 字"", ""第 2 句字数错误：期望 7 字，实际 5 字"", ""第 3 句字数错误：期望 7 字，实际 5 字"", ""第 4 句字数错误：期望 7 字，实际 5 字""]"
T0787,theme_generation,闺思,五言绝句,"请围绕主题“闺思”创作一首五言绝句。
要求：只输出诗词正文，不要标题、解释、赏析、序号或任何说明文字。
格式要求：五言绝句为四句、每句五个汉字；七言绝句为四句、每句七个汉字。",妾自怜香玉，君教作粉飞。若将颜氏比，颜色不如谁。,True,4,"[5, 5, 5, 5]",[]
T0788,theme_generation,农家,七言绝句,"请围绕主题“农家”创作一首七言绝句。
要求：只输出诗词正文，不要标题、解释、赏析、序号或任何说明文字。
格式要求：五言绝句为四句、每句五个汉字；七言绝句为四句、每句七个汉字。",锄耰处处鸣，春雨作丰年。野老扶头出，迎人喜见天。,False,4,"[5, 5, 5, 5]","[""第 1 句字数错误：期望 7 字，实际 5 字"", ""第 2 句字数错误：期望 7 字，实际 5 字"", ""第 3 句字数错误：期望 7 字，实际 5 字"", ""第 4 句字数错误：期望 7 字，实际 5 字""]"
T0789,theme_generation,渔舟,五言绝句,"请围绕主题“渔舟”创作一首五言绝句。
要求：只输出诗词正文，不要标题、解释、赏析、序号或任何说明文字。
格式要求：五言绝句为四句、每句五个汉字；七言绝句为四句、每句七个汉字。",雨脚云头断，烟村一抹横。小桥通水落，山色暝来青。,True,4,"[5, 5, 5, 5]",[]
T0790,theme_generation,山居,七言绝句,"请围绕主题“山居”创作一首七言绝句。
要求：只输出诗词正文，不要标题、解释、赏析、序号或任何说明文字。
格式要求：五言绝句为四句、每句五个汉字；七言绝句为四句、每句七个汉字。",松间坐久寂无声，但见诸峰四面横。莫怪相看无一语，白云飞去又飞生。,True,4,"[7, 7, 7, 7]",[]
T0791,theme_generation,旅夜,五言绝句,"请围绕主题“旅夜”创作一首五言绝句。
要求：只输出诗词正文，不要标题、解释、赏析、序号或任何说明文字。
格式要求：五言绝句为四句、每句五个汉字；七言绝句为四句、每句七个汉字。",落花风外尽，啼鸟雨中闻。客子归心切，如何却望君。,True,4,"[5, 5, 5, 5]",[]
T0792,theme_generation,夏雨,七言绝句,"请围绕主题“夏雨”创作一首七言绝句。
要求：只输出诗词正文，不要标题、解释、赏析、序号或任何说明文字。
格式要求：五言绝句为四句、每句五个汉字；七言绝句为四句、每句七个汉字。",夏雨忽从龙，清甘涤烦暑。更待月出云，光华遍天地。,False,4,"[5, 5, 5, 5]","[""第 1 句字数错误：期望 7 字，实际 5 字"", ""第 2 句字数错误：期望 7 字，实际 5 字"", ""第 3 句字数错误：期望 7 字，实际 5 字"", ""第 4 句字数错误：期望 7 字，实际 5 字""]"
T0793,theme_generation,冬夜,五言绝句,"请围绕主题“冬夜”创作一首五言绝句。
要求：只输出诗词正文，不要标题、解释、赏析、序号或任何说明文字。
格式要求：五言绝句为四句、每句五个汉字；七言绝句为四句、每句七个汉字。",高风急飞雪，白日变寒暄。不道山川险，胡为至此门。,True,4,"[5, 5, 5, 5]",[]
T0794,theme_generation,梅雪,七言绝句,"请围绕主题“梅雪”创作一首七言绝句。
要求：只输出诗词正文，不要标题、解释、赏析、序号或任何说明文字。
格式要求：五言绝句为四句、每句五个汉字；七言绝句为四句、每句七个汉字。",玉英飞又落，寒色转更深。一夜春风起，吹来满树心。,False,4,"[5, 5, 5, 5]","[""第 1 句字数错误：期望 7 字，实际 5 字"", ""第 2 句字数错误：期望 7 字，实际 5 字"", ""第 3 句字数错误：期望 7 字，实际 5 字"", ""第 4 句字数错误：期望 7 字，实际 5 字""]"
T0795,theme_generation,兰亭,五言绝句,"请围绕主题“兰亭”创作一首五言绝句。
要求：只输出诗词正文，不要标题、解释、赏析、序号或任何说明文字。
格式要求：五言绝句为四句、每句五个汉字；七言绝句为四句、每句七个汉字。",羲献风流在，山林尚寂寥。不因修禊事，争得此中朝。,True,4,"[5, 5, 5, 5]",[]
T0796,theme_generation,边月,七言绝句,"请围绕主题“边月”创作一首七言绝句。
要求：只输出诗词正文，不要标题、解释、赏析、序号或任何说明文字。
格式要求：五言绝句为四句、每句五个汉字；七言绝句为四句、每句七个汉字。",夜夜飞空作解飞，岂能飞到海西归。人间今古谁能记，却似嫦娥照落晖。,True,4,"[7, 7, 7, 7]",[]
T0797,theme_generation,江雪,五言绝句,"请围绕主题“江雪”创作一首五言绝句。
要求：只输出诗词正文，不要标题、解释、赏析、序号或任何说明文字。
格式要求：五言绝句为四句、每句五个汉字；七言绝句为四句、每句七个汉字。",平楚孤帆远，沧波落日低。愁来吟不就，江畔立多时。,True,4,"[5, 5, 5, 5]",[]
T0798,theme_generation,云梦,七言绝句,"请围绕主题“云梦”创作一首七言绝句。
要求：只输出诗词正文，不要标题、解释、赏析、序号或任何说明文字。
格式要求：五言绝句为四句、每句五个汉字；七言绝句为四句、每句七个汉字。",平湖秋色晓犹迷，忽见鱼龙欲化时。一觉醒来人已老，桃花风暖日迟迟。,True,4,"[7, 7, 7, 7]",[]
T0799,theme_generation,雨巷,五言绝句,"请围绕主题“雨巷”创作一首五言绝句。
要求：只输出诗词正文，不要标题、解释、赏析、序号或任何说明文字。
格式要求：五言绝句为四句、每句五个汉字；七言绝句为四句、每句七个汉字。",寂寞花间路，春风吹不开。行人莫回首，斜日过山来。,True,4,"[5, 5, 5, 5]",[]
T0800,theme_generation,古道,七言绝句,"请围绕主题“古道”创作一首七言绝句。
要求：只输出诗词正文，不要标题、解释、赏析、序号或任何说明文字。
格式要求：五言绝句为四句、每句五个汉字；七言绝句为四句、每句七个汉字。",石马卧斜阳，残魂谁复觧。有时灵气生，冉冉来云端。,False,4,"[5, 5, 5, 5]","[""第 1 句字数错误：期望 7 字，实际 5 字"", ""第 2 句字数错误：期望 7 字，实际 5 字"", ""第 3 句字数错误：期望 7 字，实际 5 字"", ""第 4 句字数错误：期望 7 字，实际 5 字""]"
T0801,theme_generation,春天,五言绝句,"请围绕主题“春天”创作一首五言绝句。
要求：只输出诗词正文，不要标题、解释、赏析、序号或任何说明文字。
格式要求：五言绝句为四句、每句五个汉字；七言绝句为四句、每句七个汉字。",东风吹酒面，春色上花枝。不似常时节，芳心亦自奇。,True,4,"[5, 5, 5, 5]",[]
T0802,theme_generation,夏日,七言绝句,"请围绕主题“夏日”创作一首七言绝句。
要求：只输出诗词正文，不要标题、解释、赏析、序号或任何说明文字。
格式要求：五言绝句为四句、每句五个汉字；七言绝句为四句、每句七个汉字。",日色明帘幕，风声满竹房。更无花柳影，只有燕飞忙。,False,4,"[5, 5, 5, 5]","[""第 1 句字数错误：期望 7 字，实际 5 字"", ""第 2 句字数错误：期望 7 字，实际 5 字"", ""第 3 句字数错误：期望 7 字，实际 5 字"", ""第 4 句字数错误：期望 7 字，实际 5 字""]"
T0803,theme_generation,秋思,五言绝句,"请围绕主题“秋思”创作一首五言绝句。
要求：只输出诗词正文，不要标题、解释、赏析、序号或任何说明文字。
格式要求：五言绝句为四句、每句五个汉字；七言绝句为四句、每句七个汉字。",雨滴梧桐叶，愁人枕上闻。起劳无限事，不似雁南云。,True,4,"[5, 5, 5, 5]",[]
T0804,theme_generation,冬雪,七言绝句,"请围绕主题“冬雪”创作一首七言绝句。
要求：只输出诗词正文，不要标题、解释、赏析、序号或任何说明文字。
格式要求：五言绝句为四句、每句五个汉字；七言绝句为四句、每句七个汉字。",平生惯见雪，此去路岐长。莫作江南看，前山已暗藏。,False,4,"[5, 5, 5, 5]","[""第 1 句字数错误：期望 7 字，实际 5 字"", ""第 2 句字数错误：期望 7 字，实际 5 字"", ""第 3 句字数错误：期望 7 字，实际 5 字"", ""第 4 句字数错误：期望 7 字，实际 5 字""]"
T0805,theme_generation,春雨,五言绝句,"请围绕主题“春雨”创作一首五言绝句。
要求：只输出诗词正文，不要标题、解释、赏析、序号或任何说明文字。
格式要求：五言绝句为四句、每句五个汉字；七言绝句为四句、每句七个汉字。",雨意浓于酒，春风醉似人。不知窗外事，柳絮落纷纷。,True,4,"[5, 5, 5, 5]",[]
T0806,theme_generation,秋风,七言绝句,"请围绕主题“秋风”创作一首七言绝句。
要求：只输出诗词正文，不要标题、解释、赏析、序号或任何说明文字。
格式要求：五言绝句为四句、每句五个汉字；七言绝句为四句、每句七个汉字。",秋风送落叶，黄叶满前墀。一夜相思梦，飞来池上枝。,False,4,"[5, 5, 5, 5]","[""第 1 句字数错误：期望 7 字，实际 5 字"", ""第 2 句字数错误：期望 7 字，实际 5 字"", ""第 3 句字数错误：期望 7 字，实际 5 字"", ""第 4 句字数错误：期望 7 字，实际 5 字""]"
T0807,theme_generation,寒冬,五言绝句,"请围绕主题“寒冬”创作一首五言绝句。
要求：只输出诗词正文，不要标题、解释、赏析、序号或任何说明文字。
格式要求：五言绝句为四句、每句五个汉字；七言绝句为四句、每句七个汉字。",冬月何曾夜夜寒，梅花雪下玉栏干。莫教一夜春风过，,False,3,"[7, 7, 7]","[""句数错误：期望 4 句，实际 3 句"", ""第 1 句字数错误：期望 5 字，实际 7 字"", ""第 2 句字数错误：期望 5 字，实际 7 字"", ""第 3 句字数错误：期望 5 字，实际 7 字""]"
T0808,theme_generation,新年,七言绝句,"请围绕主题“新年”创作一首七言绝句。
要求：只输出诗词正文，不要标题、解释、赏析、序号或任何说明文字。
格式要求：五言绝句为四句、每句五个汉字；七言绝句为四句、每句七个汉字。",自得安期术，常逢长命年。若教方朔见，应笑老陈抟。,False,4,"[5, 5, 5, 5]","[""第 1 句字数错误：期望 7 字，实际 5 字"", ""第 2 句字数错误：期望 7 字，实际 5 字"", ""第 3 句字数错误：期望 7 字，实际 5 字"", ""第 4 句字数错误：期望 7 字，实际 5 字""]"
T0809,theme_generation,清明,五言绝句,"请围绕主题“清明”创作一首五言绝句。
要求：只输出诗词正文，不要标题、解释、赏析、序号或任何说明文字。
格式要求：五言绝句为四句、每句五个汉字；七言绝句为四句、每句七个汉字。",寒食轻烟雨，平芜绿草齐。柳花飞万点，燕子正双栖。,True,4,"[5, 5, 5, 5]",[]
T0810,theme_generation,中秋,七言绝句,"请围绕主题“中秋”创作一首七言绝句。
要求：只输出诗词正文，不要标题、解释、赏析、序号或任何说明文字。
格式要求：五言绝句为四句、每句五个汉字；七言绝句为四句、每句七个汉字。",小酌邀明月，同谁共此杯。不知云雨梦，何似合欢来。。。。。,False,4,"[5, 5, 5, 5]","[""第 1 句字数错误：期望 7 字，实际 5 字"", ""第 2 句字数错误：期望 7 字，实际 5 字"", ""第 3 句字数错误：期望 7 字，实际 5 字"", ""第 4 句字数错误：期望 7 字，实际 5 字""]"
T0811,theme_generation,明月,五言绝句,"请围绕主题“明月”创作一首五言绝句。
要求：只输出诗词正文，不要标题、解释、赏析、序号或任何说明文字。
格式要求：五言绝句为四句、每句五个汉字；七言绝句为四句、每句七个汉字。",秋水明人鉴，清风写我襟。夜阑无一事，枕上听松吟。,True,4,"[5, 5, 5, 5]",[]
T0812,theme_generation,清风,七言绝句,"请围绕主题“清风”创作一首七言绝句。
要求：只输出诗词正文，不要标题、解释、赏析、序号或任何说明文字。
格式要求：五言绝句为四句、每句五个汉字；七言绝句为四句、每句七个汉字。",江汉波心白，潇湘云脚青。清风明月夜，独棹小舟听。,False,4,"[5, 5, 5, 5]","[""第 1 句字数错误：期望 7 字，实际 5 字"", ""第 2 句字数错误：期望 7 字，实际 5 字"", ""第 3 句字数错误：期望 7 字，实际 5 字"", ""第 4 句字数错误：期望 7 字，实际 5 字""]"
T0813,theme_generation,山水,五言绝句,"请围绕主题“山水”创作一首五言绝句。
要求：只输出诗词正文，不要标题、解释、赏析、序号或任何说明文字。
格式要求：五言绝句为四句、每句五个汉字；七言绝句为四句、每句七个汉字。",春山多秀色，水曲更清幽。烟雨蒙蒙里，人家夜不收。,True,4,"[5, 5, 5, 5]",[]
T0814,theme_generation,江河,七言绝句,"请围绕主题“江河”创作一首七言绝句。
要求：只输出诗词正文，不要标题、解释、赏析、序号或任何说明文字。
格式要求：五言绝句为四句、每句五个汉字；七言绝句为四句、每句七个汉字。",南河与北河，日夜向东流。东海变西海，西山却下水。。。。。,False,4,"[5, 5, 5, 5]","[""第 1 句字数错误：期望 7 字，实际 5 字"", ""第 2 句字数错误：期望 7 字，实际 5 字"", ""第 3 句字数错误：期望 7 字，实际 5 字"", ""第 4 句字数错误：期望 7 字，实际 5 字""]"
T0815,theme_generation,大海,五言绝句,"请围绕主题“大海”创作一首五言绝句。
要求：只输出诗词正文，不要标题、解释、赏析、序号或任何说明文字。
格式要求：五言绝句为四句、每句五个汉字；七言绝句为四句、每句七个汉字。",海面云千顷，渔舟一叶浮。秋风忽卷去，孤雁自南流。,True,4,"[5, 5, 5, 5]",[]
T0816,theme_generation,白云,七言绝句,"请围绕主题“白云”创作一首七言绝句。
要求：只输出诗词正文，不要标题、解释、赏析、序号或任何说明文字。
格式要求：五言绝句为四句、每句五个汉字；七言绝句为四句、每句七个汉字。",白云如舞衣，飞动秋汉风。我行在山底，玉色寒蒙蒙。。。。。,False,4,"[5, 5, 5, 5]","[""第 1 句字数错误：期望 7 字，实际 5 字"", ""第 2 句字数错误：期望 7 字，实际 5 字"", ""第 3 句字数错误：期望 7 字，实际 5 字"", ""第 4 句字数错误：期望 7 字，实际 5 字""]"
T0817,theme_generation,落日,五言绝句,"请围绕主题“落日”创作一首五言绝句。
要求：只输出诗词正文，不要标题、解释、赏析、序号或任何说明文字。
格式要求：五言绝句为四句、每句五个汉字；七言绝句为四句、每句七个汉字。",海日低残照，江风劲欲吹。归鸿知社近，争向白云飞。,True,4,"[5, 5, 5, 5]",[]
T0818,theme_generation,晚霞,七言绝句,"请围绕主题“晚霞”创作一首七言绝句。
要求：只输出诗词正文，不要标题、解释、赏析、序号或任何说明文字。
格式要求：五言绝句为四句、每句五个汉字；七言绝句为四句、每句七个汉字。",夕阳收尽碧天云，数点残红尚在林。更待日斜烟雨后，西山青出半峰金。,True,4,"[7, 7, 7, 7]",[]
T0819,theme_generation,青山,五言绝句,"请围绕主题“青山”创作一首五言绝句。
要求：只输出诗词正文，不要标题、解释、赏析、序号或任何说明文字。
格式要求：五言绝句为四句、每句五个汉字；七言绝句为四句、每句七个汉字。",我见青山山尽香，山头梅似白玉粧。竹君不语天风细，,False,3,"[7, 7, 7]","[""句数错误：期望 4 句，实际 3 句"", ""第 1 句字数错误：期望 5 字，实际 7 字"", ""第 2 句字数错误：期望 5 字，实际 7 字"", ""第 3 句字数错误：期望 5 字，实际 7 字""]"
T0820,theme_generation,流水,七言绝句,"请围绕主题“流水”创作一首七言绝句。
要求：只输出诗词正文，不要标题、解释、赏析、序号或任何说明文字。
格式要求：五言绝句为四句、每句五个汉字；七言绝句为四句、每句七个汉字。",古井水空冷，沙痕似有苔。此中无复事，犹自遶亭来。。。。。,False,4,"[5, 5, 5, 5]","[""第 1 句字数错误：期望 7 字，实际 5 字"", ""第 2 句字数错误：期望 7 字，实际 5 字"", ""第 3 句字数错误：期望 7 字，实际 5 字"", ""第 4 句字数错误：期望 7 字，实际 5 字""]"
T0821,theme_generation,花开,五言绝句,"请围绕主题“花开”创作一首五言绝句。
要求：只输出诗词正文，不要标题、解释、赏析、序号或任何说明文字。
格式要求：五言绝句为四句、每句五个汉字；七言绝句为四句、每句七个汉字。",莫嗟芳草暮，且对菊花开。醉里乾坤大，愁中岁月催。,True,4,"[5, 5, 5, 5]",[]
T0822,theme_generation,落花,七言绝句,"请围绕主题“落花”创作一首七言绝句。
要求：只输出诗词正文，不要标题、解释、赏析、序号或任何说明文字。
格式要求：五言绝句为四句、每句五个汉字；七言绝句为四句、每句七个汉字。",飞絮成泥雨后风，一帘春色又匆匆。杜鹃啼到黄昏月，犹在枝头叫落红。,True,4,"[7, 7, 7, 7]",[]
T0823,theme_generation,杨柳,五言绝句,"请围绕主题“杨柳”创作一首五言绝句。
要求：只输出诗词正文，不要标题、解释、赏析、序号或任何说明文字。
格式要求：五言绝句为四句、每句五个汉字；七言绝句为四句、每句七个汉字。",垂杨生弱绿，散乱随黄鹂。日暮天无云，谁怜独语时。,True,4,"[5, 5, 5, 5]",[]
T0824,theme_generation,孤舟,七言绝句,"请围绕主题“孤舟”创作一首七言绝句。
要求：只输出诗词正文，不要标题、解释、赏析、序号或任何说明文字。
格式要求：五言绝句为四句、每句五个汉字；七言绝句为四句、每句七个汉字。",行尽西江路，归心似乱云。乡关何处在，望外是南熏。,False,4,"[5, 5, 5, 5]","[""第 1 句字数错误：期望 7 字，实际 5 字"", ""第 2 句字数错误：期望 7 字，实际 5 字"", ""第 3 句字数错误：期望 7 字，实际 5 字"", ""第 4 句字数错误：期望 7 字，实际 5 字""]"
T0825,theme_generation,飞鸟,五言绝句,"请围绕主题“飞鸟”创作一首五言绝句。
要求：只输出诗词正文，不要标题、解释、赏析、序号或任何说明文字。
格式要求：五言绝句为四句、每句五个汉字；七言绝句为四句、每句七个汉字。",孤鸿出白水，宿雨洗青冥。长风卷晴云，吹落江汉声。,True,4,"[5, 5, 5, 5]",[]
T0826,theme_generation,寒梅,七言绝句,"请围绕主题“寒梅”创作一首七言绝句。
要求：只输出诗词正文，不要标题、解释、赏析、序号或任何说明文字。
格式要求：五言绝句为四句、每句五个汉字；七言绝句为四句、每句七个汉字。",疏影暗香里，一枝横竹边。不须夸铁石，端合傲霜雪。,False,4,"[5, 5, 5, 5]","[""第 1 句字数错误：期望 7 字，实际 5 字"", ""第 2 句字数错误：期望 7 字，实际 5 字"", ""第 3 句字数错误：期望 7 字，实际 5 字"", ""第 4 句字数错误：期望 7 字，实际 5 字""]"
T0827,theme_generation,竹林,五言绝句,"请围绕主题“竹林”创作一首五言绝句。
要求：只输出诗词正文，不要标题、解释、赏析、序号或任何说明文字。
格式要求：五言绝句为四句、每句五个汉字；七言绝句为四句、每句七个汉字。",何许是龙宫，亭前古木风。石坛空寂寞，犹有茯苓红。,True,4,"[5, 5, 5, 5]",[]
T0828,theme_generation,松柏,七言绝句,"请围绕主题“松柏”创作一首七言绝句。
要求：只输出诗词正文，不要标题、解释、赏析、序号或任何说明文字。
格式要求：五言绝句为四句、每句五个汉字；七言绝句为四句、每句七个汉字。",千岁尚堪封，千秋终不恸。独有老苍龙，枝头泪犹重。。。。。。。。。,False,4,"[5, 5, 5, 5]","[""第 1 句字数错误：期望 7 字，实际 5 字"", ""第 2 句字数错误：期望 7 字，实际 5 字"", ""第 3 句字数错误：期望 7 字，实际 5 字"", ""第 4 句字数错误：期望 7 字，实际 5 字""]"
T0829,theme_generation,荷花,五言绝句,"请围绕主题“荷花”创作一首五言绝句。
要求：只输出诗词正文，不要标题、解释、赏析、序号或任何说明文字。
格式要求：五言绝句为四句、每句五个汉字；七言绝句为四句、每句七个汉字。",万朵擎红出，双鸳踏翠浪。风来波面香，散作真珠网。,True,4,"[5, 5, 5, 5]",[]
T0830,theme_generation,枫叶,七言绝句,"请围绕主题“枫叶”创作一首七言绝句。
要求：只输出诗词正文，不要标题、解释、赏析、序号或任何说明文字。
格式要求：五言绝句为四句、每句五个汉字；七言绝句为四句、每句七个汉字。",山脚一重云，江头十顷田。秋风吹不尽，霜落又凄然。,False,4,"[5, 5, 5, 5]","[""第 1 句字数错误：期望 7 字，实际 5 字"", ""第 2 句字数错误：期望 7 字，实际 5 字"", ""第 3 句字数错误：期望 7 字，实际 5 字"", ""第 4 句字数错误：期望 7 字，实际 5 字""]"
T0831,theme_generation,思乡,五言绝句,"请围绕主题“思乡”创作一首五言绝句。
要求：只输出诗词正文，不要标题、解释、赏析、序号或任何说明文字。
格式要求：五言绝句为四句、每句五个汉字；七言绝句为四句、每句七个汉字。",独上西楼望，愁心百结成。斜阳人不见，空复立长亭。,True,4,"[5, 5, 5, 5]",[]
T0832,theme_generation,离别,七言绝句,"请围绕主题“离别”创作一首七言绝句。
要求：只输出诗词正文，不要标题、解释、赏析、序号或任何说明文字。
格式要求：五言绝句为四句、每句五个汉字；七言绝句为四句、每句七个汉字。",风急云不雨，日落月未升。欲往从之者，但觉无行能。,False,4,"[5, 5, 5, 5]","[""第 1 句字数错误：期望 7 字，实际 5 字"", ""第 2 句字数错误：期望 7 字，实际 5 字"", ""第 3 句字数错误：期望 7 字，实际 5 字"", ""第 4 句字数错误：期望 7 字，实际 5 字""]"
T0833,theme_generation,相思,五言绝句,"请围绕主题“相思”创作一首五言绝句。
要求：只输出诗词正文，不要标题、解释、赏析、序号或任何说明文字。
格式要求：五言绝句为四句、每句五个汉字；七言绝句为四句、每句七个汉字。",月澹寒江雪，春生紫禁香。无心恋幽谷，有梦到池塘。,True,4,"[5, 5, 5, 5]",[]
T0834,theme_generation,孤独,七言绝句,"请围绕主题“孤独”创作一首七言绝句。
要求：只输出诗词正文，不要标题、解释、赏析、序号或任何说明文字。
格式要求：五言绝句为四句、每句五个汉字；七言绝句为四句、每句七个汉字。",不识天伦义，争知父子亲。欲求生死处，尽在一生新。。。,False,4,"[5, 5, 5, 5]","[""第 1 句字数错误：期望 7 字，实际 5 字"", ""第 2 句字数错误：期望 7 字，实际 5 字"", ""第 3 句字数错误：期望 7 字，实际 5 字"", ""第 4 句字数错误：期望 7 字，实际 5 字""]"
T0835,theme_generation,怀古,五言绝句,"请围绕主题“怀古”创作一首五言绝句。
要求：只输出诗词正文，不要标题、解释、赏析、序号或任何说明文字。
格式要求：五言绝句为四句、每句五个汉字；七言绝句为四句、每句七个汉字。",平生豪横气，不吐直语了。醉里作歌呼，声动神禹庙。,True,4,"[5, 5, 5, 5]",[]
T0836,theme_generation,忧愁,七言绝句,"请围绕主题“忧愁”创作一首七言绝句。
要求：只输出诗词正文，不要标题、解释、赏析、序号或任何说明文字。
格式要求：五言绝句为四句、每句五个汉字；七言绝句为四句、每句七个汉字。",愁绪本无根，风来百种生。不因逢酒客，那得似渊明。,False,4,"[5, 5, 5, 5]","[""第 1 句字数错误：期望 7 字，实际 5 字"", ""第 2 句字数错误：期望 7 字，实际 5 字"", ""第 3 句字数错误：期望 7 字，实际 5 字"", ""第 4 句字数错误：期望 7 字，实际 5 字""]"
T0837,theme_generation,喜悦,五言绝句,"请围绕主题“喜悦”创作一首五言绝句。
要求：只输出诗词正文，不要标题、解释、赏析、序号或任何说明文字。
格式要求：五言绝句为四句、每句五个汉字；七言绝句为四句、每句七个汉字。",得道人欢喜，何劳更觅医。欲知真解语，试向此翁前。,True,4,"[5, 5, 5, 5]",[]
T0838,theme_generation,闲适,七言绝句,"请围绕主题“闲适”创作一首七言绝句。
要求：只输出诗词正文，不要标题、解释、赏析、序号或任何说明文字。
格式要求：五言绝句为四句、每句五个汉字；七言绝句为四句、每句七个汉字。",小轩临水一披襟，山色池光共浅深。更著芭蕉筛月影，清风时到夜沉沉。,True,4,"[7, 7, 7, 7]",[]
T0839,theme_generation,感怀,五言绝句,"请围绕主题“感怀”创作一首五言绝句。
要求：只输出诗词正文，不要标题、解释、赏析、序号或任何说明文字。
格式要求：五言绝句为四句、每句五个汉字；七言绝句为四句、每句七个汉字。",欲结茅堂近水边，野人何处不相怜。近来渐觉渔舟少，,False,3,"[7, 7, 7]","[""句数错误：期望 4 句，实际 3 句"", ""第 1 句字数错误：期望 5 字，实际 7 字"", ""第 2 句字数错误：期望 5 字，实际 7 字"", ""第 3 句字数错误：期望 5 字，实际 7 字""]"
T0840,theme_generation,伤春,七言绝句,"请围绕主题“伤春”创作一首七言绝句。
要求：只输出诗词正文，不要标题、解释、赏析、序号或任何说明文字。
格式要求：五言绝句为四句、每句五个汉字；七言绝句为四句、每句七个汉字。",燕子欲归人未归，杜鹃啼得眼垂垂。不知楼上人肠断，多少春风杨柳枝。,True,4,"[7, 7, 7, 7]",[]
T0841,theme_generation,人生,五言绝句,"请围绕主题“人生”创作一首五言绝句。
要求：只输出诗词正文，不要标题、解释、赏析、序号或任何说明文字。
格式要求：五言绝句为四句、每句五个汉字；七言绝句为四句、每句七个汉字。",人生各有业，各业要无亏。但取身心了，何须论苦悲。,True,4,"[5, 5, 5, 5]",[]
T0842,theme_generation,时光,七言绝句,"请围绕主题“时光”创作一首七言绝句。
要求：只输出诗词正文，不要标题、解释、赏析、序号或任何说明文字。
格式要求：五言绝句为四句、每句五个汉字；七言绝句为四句、每句七个汉字。",百年能几许，弹指一过如。莫问华亭鹤，空悲短髪疎。。。。。,False,4,"[5, 5, 5, 5]","[""第 1 句字数错误：期望 7 字，实际 5 字"", ""第 2 句字数错误：期望 7 字，实际 5 字"", ""第 3 句字数错误：期望 7 字，实际 5 字"", ""第 4 句字数错误：期望 7 字，实际 5 字""]"
T0843,theme_generation,梦想,五言绝句,"请围绕主题“梦想”创作一首五言绝句。
要求：只输出诗词正文，不要标题、解释、赏析、序号或任何说明文字。
格式要求：五言绝句为四句、每句五个汉字；七言绝句为四句、每句七个汉字。",旧梦今犹在，新愁已不生。山川如未改，心与白鸥轻。,True,4,"[5, 5, 5, 5]",[]
T0844,theme_generation,远方,七言绝句,"请围绕主题“远方”创作一首七言绝句。
要求：只输出诗词正文，不要标题、解释、赏析、序号或任何说明文字。
格式要求：五言绝句为四句、每句五个汉字；七言绝句为四句、每句七个汉字。",水阔天疑地，风高日似年。不知何岁月，东去又西还。,False,4,"[5, 5, 5, 5]","[""第 1 句字数错误：期望 7 字，实际 5 字"", ""第 2 句字数错误：期望 7 字，实际 5 字"", ""第 3 句字数错误：期望 7 字，实际 5 字"", ""第 4 句字数错误：期望 7 字，实际 5 字""]"
T0845,theme_generation,归隐,五言绝句,"请围绕主题“归隐”创作一首五言绝句。
要求：只输出诗词正文，不要标题、解释、赏析、序号或任何说明文字。
格式要求：五言绝句为四句、每句五个汉字；七言绝句为四句、每句七个汉字。",终日思归去，非关厌暑华。秋风未摇落，先有桂花华。,True,4,"[5, 5, 5, 5]",[]
T0846,theme_generation,漂泊,七言绝句,"请围绕主题“漂泊”创作一首七言绝句。
要求：只输出诗词正文，不要标题、解释、赏析、序号或任何说明文字。
格式要求：五言绝句为四句、每句五个汉字；七言绝句为四句、每句七个汉字。",漂泊无归计，蹉跎又一年。自怜犹有在，髀肉已生膻。,False,4,"[5, 5, 5, 5]","[""第 1 句字数错误：期望 7 字，实际 5 字"", ""第 2 句字数错误：期望 7 字，实际 5 字"", ""第 3 句字数错误：期望 7 字，实际 5 字"", ""第 4 句字数错误：期望 7 字，实际 5 字""]"
T0847,theme_generation,壮志,五言绝句,"请围绕主题“壮志”创作一首五言绝句。
要求：只输出诗词正文，不要标题、解释、赏析、序号或任何说明文字。
格式要求：五言绝句为四句、每句五个汉字；七言绝句为四句、每句七个汉字。",壮志空怀久，新秋更怆神。雨催黄落叶，风报早寒砧。,True,4,"[5, 5, 5, 5]",[]
T0848,theme_generation,知己,七言绝句,"请围绕主题“知己”创作一首七言绝句。
要求：只输出诗词正文，不要标题、解释、赏析、序号或任何说明文字。
格式要求：五言绝句为四句、每句五个汉字；七言绝句为四句、每句七个汉字。",相知无外故人里，所贵在心不在耳。谁云世路险于山，青山不隔古来意。,True,4,"[7, 7, 7, 7]",[]
T0849,theme_generation,故人,五言绝句,"请围绕主题“故人”创作一首五言绝句。
要求：只输出诗词正文，不要标题、解释、赏析、序号或任何说明文字。
格式要求：五言绝句为四句、每句五个汉字；七言绝句为四句、每句七个汉字。",故人怜我贫，遗我一枝春。莫作扬州鹤，翻飞入汉津。,True,4,"[5, 5, 5, 5]",[]
T0850,theme_generation,岁月,七言绝句,"请围绕主题“岁月”创作一首七言绝句。
要求：只输出诗词正文，不要标题、解释、赏析、序号或任何说明文字。
格式要求：五言绝句为四句、每句五个汉字；七言绝句为四句、每句七个汉字。",日月如奔箭，光阴似逝川。如何百年内，不饮两三钱。。。。。,False,4,"[5, 5, 5, 5]","[""第 1 句字数错误：期望 7 字，实际 5 字"", ""第 2 句字数错误：期望 7 字，实际 5 字"", ""第 3 句字数错误：期望 7 字，实际 5 字"", ""第 4 句字数错误：期望 7 字，实际 5 字""]"
T0851,theme_generation,边塞,五言绝句,"请围绕主题“边塞”创作一首五言绝句。
要求：只输出诗词正文，不要标题、解释、赏析、序号或任何说明文字。
格式要求：五言绝句为四句、每句五个汉字；七言绝句为四句、每句七个汉字。",壮士得黄金，拔劒出匣鸣。誓将荡沙漠，手提奸人头。,True,4,"[5, 5, 5, 5]",[]
T0852,theme_generation,田园,七言绝句,"请围绕主题“田园”创作一首七言绝句。
要求：只输出诗词正文，不要标题、解释、赏析、序号或任何说明文字。
格式要求：五言绝句为四句、每句五个汉字；七言绝句为四句、每句七个汉字。",牛卧烟芜春雨晴，小童耕犊向田行。自嗟白发归何暮，坐使桑麻老弟兄。,True,4,"[7, 7, 7, 7]",[]
T0853,theme_generation,江南,五言绝句,"请围绕主题“江南”创作一首五言绝句。
要求：只输出诗词正文，不要标题、解释、赏析、序号或任何说明文字。
格式要求：五言绝句为四句、每句五个汉字；七言绝句为四句、每句七个汉字。",不似西湖上，湖光接海涯。春来鴈飞尽，犹见越人家。,True,4,"[5, 5, 5, 5]",[]
T0854,theme_generation,长安,七言绝句,"请围绕主题“长安”创作一首七言绝句。
要求：只输出诗词正文，不要标题、解释、赏析、序号或任何说明文字。
格式要求：五言绝句为四句、每句五个汉字；七言绝句为四句、每句七个汉字。",莫爱长安酒家少，试看霜雪上人头。少年未识伤神苦，百种千般总可愁。,True,4,"[7, 7, 7, 7]",[]
T0855,theme_generation,古寺,五言绝句,"请围绕主题“古寺”创作一首五言绝句。
要求：只输出诗词正文，不要标题、解释、赏析、序号或任何说明文字。
格式要求：五言绝句为四句、每句五个汉字；七言绝句为四句、每句七个汉字。",小立庭前久，幽花照影斜。夕阳知我意，归路自相遮。,True,4,"[5, 5, 5, 5]",[]
T0856,theme_generation,夜雨,七言绝句,"请围绕主题“夜雨”创作一首七言绝句。
要求：只输出诗词正文，不要标题、解释、赏析、序号或任何说明文字。
格式要求：五言绝句为四句、每句五个汉字；七言绝句为四句、每句七个汉字。",风雨萧萧晓未分，卧闻鸣树滴清曛。不眠终夕长门锁，愁见宫梅一点春。,True,4,"[7, 7, 7, 7]",[]
T0857,theme_generation,客栈,五言绝句,"请围绕主题“客栈”创作一首五言绝句。
要求：只输出诗词正文，不要标题、解释、赏析、序号或任何说明文字。
格式要求：五言绝句为四句、每句五个汉字；七言绝句为四句、每句七个汉字。",地暖无霜雪，春生草木新。行人方旅食，风物已迎春。,True,4,"[5, 5, 5, 5]",[]
T0858,theme_generation,渡口,七言绝句,"请围绕主题“渡口”创作一首七言绝句。
要求：只输出诗词正文，不要标题、解释、赏析、序号或任何说明文字。
格式要求：五言绝句为四句、每句五个汉字；七言绝句为四句、每句七个汉字。",江边人已稀，烟际雁初下。惟有钓鱼舟，悠悠自相泻。,False,4,"[5, 5, 5, 5]","[""第 1 句字数错误：期望 7 字，实际 5 字"", ""第 2 句字数错误：期望 7 字，实际 5 字"", ""第 3 句字数错误：期望 7 字，实际 5 字"", ""第 4 句字数错误：期望 7 字，实际 5 字""]"
T0859,theme_generation,山村,五言绝句,"请围绕主题“山村”创作一首五言绝句。
要求：只输出诗词正文，不要标题、解释、赏析、序号或任何说明文字。
格式要求：五言绝句为四句、每句五个汉字；七言绝句为四句、每句七个汉字。",不比居城市，溪山特地幽。雨余花径滑，风转麦垅秋。,True,4,"[5, 5, 5, 5]",[]
T0860,theme_generation,渔家,七言绝句,"请围绕主题“渔家”创作一首七言绝句。
要求：只输出诗词正文，不要标题、解释、赏析、序号或任何说明文字。
格式要求：五言绝句为四句、每句五个汉字；七言绝句为四句、每句七个汉字。",野水平添钓客稀，小舟归去月明时。可怜江上多风景，不遣新诗换得诗。,True,4,"[7, 7, 7, 7]",[]
T0861,theme_generation,美酒,五言绝句,"请围绕主题“美酒”创作一首五言绝句。
要求：只输出诗词正文，不要标题、解释、赏析、序号或任何说明文字。
格式要求：五言绝句为四句、每句五个汉字；七言绝句为四句、每句七个汉字。",酌之已醉人，酩酊眠芳草。不见歌与舞，空忆游冶道。,True,4,"[5, 5, 5, 5]",[]
T0862,theme_generation,琴声,七言绝句,"请围绕主题“琴声”创作一首七言绝句。
要求：只输出诗词正文，不要标题、解释、赏析、序号或任何说明文字。
格式要求：五言绝句为四句、每句五个汉字；七言绝句为四句、每句七个汉字。",凤鸣云路阔，龙吟涧壑深。自无俗客听，谁识此中心。。。。,False,4,"[5, 5, 5, 5]","[""第 1 句字数错误：期望 7 字，实际 5 字"", ""第 2 句字数错误：期望 7 字，实际 5 字"", ""第 3 句字数错误：期望 7 字，实际 5 字"", ""第 4 句字数错误：期望 7 字，实际 5 字""]"
T0863,theme_generation,书卷,五言绝句,"请围绕主题“书卷”创作一首五言绝句。
要求：只输出诗词正文，不要标题、解释、赏析、序号或任何说明文字。
格式要求：五言绝句为四句、每句五个汉字；七言绝句为四句、每句七个汉字。",昔人已尽读，今人更重游。一纸空城帖，知我此怀不。,True,4,"[5, 5, 5, 5]",[]
T0864,theme_generation,灯火,七言绝句,"请围绕主题“灯火”创作一首七言绝句。
要求：只输出诗词正文，不要标题、解释、赏析、序号或任何说明文字。
格式要求：五言绝句为四句、每句五个汉字；七言绝句为四句、每句七个汉字。",天寒衣絮落，夜久烛花残。欲作经旬计，何妨更细看。,False,4,"[5, 5, 5, 5]","[""第 1 句字数错误：期望 7 字，实际 5 字"", ""第 2 句字数错误：期望 7 字，实际 5 字"", ""第 3 句字数错误：期望 7 字，实际 5 字"", ""第 4 句字数错误：期望 7 字，实际 5 字""]"
T0865,theme_generation,诗酒,五言绝句,"请围绕主题“诗酒”创作一首五言绝句。
要求：只输出诗词正文，不要标题、解释、赏析、序号或任何说明文字。
格式要求：五言绝句为四句、每句五个汉字；七言绝句为四句、每句七个汉字。",松风吹发短，山色醉中看。一笑相逢处，惟应月共寒。,True,4,"[5, 5, 5, 5]",[]
T0866,theme_generation,征人,七言绝句,"请围绕主题“征人”创作一首七言绝句。
要求：只输出诗词正文，不要标题、解释、赏析、序号或任何说明文字。
格式要求：五言绝句为四句、每句五个汉字；七言绝句为四句、每句七个汉字。",汉月西沉海，胡风北卷沙。征人生入塞，归雁不成行。,False,4,"[5, 5, 5, 5]","[""第 1 句字数错误：期望 7 字，实际 5 字"", ""第 2 句字数错误：期望 7 字，实际 5 字"", ""第 3 句字数错误：期望 7 字，实际 5 字"", ""第 4 句字数错误：期望 7 字，实际 5 字""]"
T0867,theme_generation,游子,五言绝句,"请围绕主题“游子”创作一首五言绝句。
要求：只输出诗词正文，不要标题、解释、赏析、序号或任何说明文字。
格式要求：五言绝句为四句、每句五个汉字；七言绝句为四句、每句七个汉字。",一自别家山，无书到君处。遥夜空忆君，霜风吹锦袂。,True,4,"[5, 5, 5, 5]",[]
T0868,theme_generation,故乡,七言绝句,"请围绕主题“故乡”创作一首七言绝句。
要求：只输出诗词正文，不要标题、解释、赏析、序号或任何说明文字。
格式要求：五言绝句为四句、每句五个汉字；七言绝句为四句、每句七个汉字。",长忆桃源路，春深熟蜜脾。花光如可拾，应免向人迷。,False,4,"[5, 5, 5, 5]","[""第 1 句字数错误：期望 7 字，实际 5 字"", ""第 2 句字数错误：期望 7 字，实际 5 字"", ""第 3 句字数错误：期望 7 字，实际 5 字"", ""第 4 句字数错误：期望 7 字，实际 5 字""]"
T0869,theme_generation,关山,五言绝句,"请围绕主题“关山”创作一首五言绝句。
要求：只输出诗词正文，不要标题、解释、赏析、序号或任何说明文字。
格式要求：五言绝句为四句、每句五个汉字；七言绝句为四句、每句七个汉字。",长亭已过去，征马尚迟迟。不见行人返，空看落日低。,True,4,"[5, 5, 5, 5]",[]
T0870,theme_generation,楼台,七言绝句,"请围绕主题“楼台”创作一首七言绝句。
要求：只输出诗词正文，不要标题、解释、赏析、序号或任何说明文字。
格式要求：五言绝句为四句、每句五个汉字；七言绝句为四句、每句七个汉字。",亭馆何如屋数间，客来时少客来闲。小桥杨柳多烟雨，风急鶑声閙不还。,True,4,"[7, 7, 7, 7]",[]
T0871,theme_generation,晨景,五言绝句,"请围绕主题“晨景”创作一首五言绝句。
要求：只输出诗词正文，不要标题、解释、赏析、序号或任何说明文字。
格式要求：五言绝句为四句、每句五个汉字；七言绝句为四句、每句七个汉字。",星斗粲天衢，河汉浮天表。初霞上林梢，日影沈波底。,True,4,"[5, 5, 5, 5]",[]
T0872,theme_generation,暮景,七言绝句,"请围绕主题“暮景”创作一首七言绝句。
要求：只输出诗词正文，不要标题、解释、赏析、序号或任何说明文字。
格式要求：五言绝句为四句、每句五个汉字；七言绝句为四句、每句七个汉字。",野店酒初熟，江村渔未回。夕阳收晚照，孤鹜背寒来。。。。。。,False,4,"[5, 5, 5, 5]","[""第 1 句字数错误：期望 7 字，实际 5 字"", ""第 2 句字数错误：期望 7 字，实际 5 字"", ""第 3 句字数错误：期望 7 字，实际 5 字"", ""第 4 句字数错误：期望 7 字，实际 5 字""]"
T0873,theme_generation,湖上,五言绝句,"请围绕主题“湖上”创作一首五言绝句。
要求：只输出诗词正文，不要标题、解释、赏析、序号或任何说明文字。
格式要求：五言绝句为四句、每句五个汉字；七言绝句为四句、每句七个汉字。",湖水入城中，城影与水色。晚来鱼散时，上下皆空碧。,True,4,"[5, 5, 5, 5]",[]
T0874,theme_generation,溪边,七言绝句,"请围绕主题“溪边”创作一首七言绝句。
要求：只输出诗词正文，不要标题、解释、赏析、序号或任何说明文字。
格式要求：五言绝句为四句、每句五个汉字；七言绝句为四句、每句七个汉字。",春潮生绿涨，日暖落红飞。溪上人初渡，门前草欲肥。,False,4,"[5, 5, 5, 5]","[""第 1 句字数错误：期望 7 字，实际 5 字"", ""第 2 句字数错误：期望 7 字，实际 5 字"", ""第 3 句字数错误：期望 7 字，实际 5 字"", ""第 4 句字数错误：期望 7 字，实际 5 字""]"
T0875,theme_generation,山寺,五言绝句,"请围绕主题“山寺”创作一首五言绝句。
要求：只输出诗词正文，不要标题、解释、赏析、序号或任何说明文字。
格式要求：五言绝句为四句、每句五个汉字；七言绝句为四句、每句七个汉字。",古木多老石，幽人独往来。月明千嶂黑，风急万泉哀。,True,4,"[5, 5, 5, 5]",[]
T0876,theme_generation,秋夜,七言绝句,"请围绕主题“秋夜”创作一首七言绝句。
要求：只输出诗词正文，不要标题、解释、赏析、序号或任何说明文字。
格式要求：五言绝句为四句、每句五个汉字；七言绝句为四句、每句七个汉字。",庭叶雨声寒，灯前独掩关。不知谁在梦，孤鴈背书还。,False,4,"[5, 5, 5, 5]","[""第 1 句字数错误：期望 7 字，实际 5 字"", ""第 2 句字数错误：期望 7 字，实际 5 字"", ""第 3 句字数错误：期望 7 字，实际 5 字"", ""第 4 句字数错误：期望 7 字，实际 5 字""]"
T0877,theme_generation,春游,五言绝句,"请围绕主题“春游”创作一首五言绝句。
要求：只输出诗词正文，不要标题、解释、赏析、序号或任何说明文字。
格式要求：五言绝句为四句、每句五个汉字；七言绝句为四句、每句七个汉字。",野鸟穿花影，沙鸥掠水声。残阳在何许，山曲两三鶑。,True,4,"[5, 5, 5, 5]",[]
T0878,theme_generation,送别,七言绝句,"请围绕主题“送别”创作一首七言绝句。
要求：只输出诗词正文，不要标题、解释、赏析、序号或任何说明文字。
格式要求：五言绝句为四句、每句五个汉字；七言绝句为四句、每句七个汉字。",离亭芳草绿，征路野花红。尽日相看意，无人解折中。,False,4,"[5, 5, 5, 5]","[""第 1 句字数错误：期望 7 字，实际 5 字"", ""第 2 句字数错误：期望 7 字，实际 5 字"", ""第 3 句字数错误：期望 7 字，实际 5 字"", ""第 4 句字数错误：期望 7 字，实际 5 字""]"
T0879,theme_generation,登高,五言绝句,"请围绕主题“登高”创作一首五言绝句。
要求：只输出诗词正文，不要标题、解释、赏析、序号或任何说明文字。
格式要求：五言绝句为四句、每句五个汉字；七言绝句为四句、每句七个汉字。",独上高楼望，寒城落照开。烟尘终不隔，羌笛自哀哀。,True,4,"[5, 5, 5, 5]",[]
T0880,theme_generation,望月,七言绝句,"请围绕主题“望月”创作一首七言绝句。
要求：只输出诗词正文，不要标题、解释、赏析、序号或任何说明文字。
格式要求：五言绝句为四句、每句五个汉字；七言绝句为四句、每句七个汉字。",清光满太虚，万象森相照。夜久人更深，一尘无处扫。。。。,False,4,"[5, 5, 5, 5]","[""第 1 句字数错误：期望 7 字，实际 5 字"", ""第 2 句字数错误：期望 7 字，实际 5 字"", ""第 3 句字数错误：期望 7 字，实际 5 字"", ""第 4 句字数错误：期望 7 字，实际 5 字""]"
T0881,theme_generation,听雨,五言绝句,"请围绕主题“听雨”创作一首五言绝句。
要求：只输出诗词正文，不要标题、解释、赏析、序号或任何说明文字。
格式要求：五言绝句为四句、每句五个汉字；七言绝句为四句、每句七个汉字。",夜久月华淡，秋高风露寒。危楼无倚处，独立认长安。,True,4,"[5, 5, 5, 5]",[]
T0882,theme_generation,赏花,七言绝句,"请围绕主题“赏花”创作一首七言绝句。
要求：只输出诗词正文，不要标题、解释、赏析、序号或任何说明文字。
格式要求：五言绝句为四句、每句五个汉字；七言绝句为四句、每句七个汉字。",东君著意开，风日未全回。已见林梢发，知从何处来。,False,4,"[5, 5, 5, 5]","[""第 1 句字数错误：期望 7 字，实际 5 字"", ""第 2 句字数错误：期望 7 字，实际 5 字"", ""第 3 句字数错误：期望 7 字，实际 5 字"", ""第 4 句字数错误：期望 7 字，实际 5 字""]"
T0883,theme_generation,观潮,五言绝句,"请围绕主题“观潮”创作一首五言绝句。
要求：只输出诗词正文，不要标题、解释、赏析、序号或任何说明文字。
格式要求：五言绝句为四句、每句五个汉字；七言绝句为四句、每句七个汉字。",海上千艘集，潮头一水来。如何舴艋小，也向其中回。,True,4,"[5, 5, 5, 5]",[]
T0884,theme_generation,塞外,七言绝句,"请围绕主题“塞外”创作一首七言绝句。
要求：只输出诗词正文，不要标题、解释、赏析、序号或任何说明文字。
格式要求：五言绝句为四句、每句五个汉字；七言绝句为四句、每句七个汉字。",胡马一何骄，凭陵雁门道。朝来阴山下，直欲度临洮。,False,4,"[5, 5, 5, 5]","[""第 1 句字数错误：期望 7 字，实际 5 字"", ""第 2 句字数错误：期望 7 字，实际 5 字"", ""第 3 句字数错误：期望 7 字，实际 5 字"", ""第 4 句字数错误：期望 7 字，实际 5 字""]"
T0885,theme_generation,军旅,五言绝句,"请围绕主题“军旅”创作一首五言绝句。
要求：只输出诗词正文，不要标题、解释、赏析、序号或任何说明文字。
格式要求：五言绝句为四句、每句五个汉字；七言绝句为四句、每句七个汉字。",军旅须臾事，如何可预谋。未应平世少，方寸即山丘。,True,4,"[5, 5, 5, 5]",[]
T0886,theme_generation,宫怨,七言绝句,"请围绕主题“宫怨”创作一首七言绝句。
要求：只输出诗词正文，不要标题、解释、赏析、序号或任何说明文字。
格式要求：五言绝句为四句、每句五个汉字；七言绝句为四句、每句七个汉字。",夜来梦觉后，犹在水晶宫。但见玉颜毁，应无金钗中。。。。,False,4,"[5, 5, 5, 5]","[""第 1 句字数错误：期望 7 字，实际 5 字"", ""第 2 句字数错误：期望 7 字，实际 5 字"", ""第 3 句字数错误：期望 7 字，实际 5 字"", ""第 4 句字数错误：期望 7 字，实际 5 字""]"
T0887,theme_generation,闺思,五言绝句,"请围绕主题“闺思”创作一首五言绝句。
要求：只输出诗词正文，不要标题、解释、赏析、序号或任何说明文字。
格式要求：五言绝句为四句、每句五个汉字；七言绝句为四句、每句七个汉字。",玉筯含春泪，银灯隔绣帏。梦魂归不得，明月正相违。,True,4,"[5, 5, 5, 5]",[]
T0888,theme_generation,农家,七言绝句,"请围绕主题“农家”创作一首七言绝句。
要求：只输出诗词正文，不要标题、解释、赏析、序号或任何说明文字。
格式要求：五言绝句为四句、每句五个汉字；七言绝句为四句、每句七个汉字。",自锄蔬甲饱霜风，小瓮初尝菊露浓。门外有谁知此味，幽香只在野堂中。,True,4,"[7, 7, 7, 7]",[]
T0889,theme_generation,渔舟,五言绝句,"请围绕主题“渔舟”创作一首五言绝句。
要求：只输出诗词正文，不要标题、解释、赏析、序号或任何说明文字。
格式要求：五言绝句为四句、每句五个汉字；七言绝句为四句、每句七个汉字。",雨收风乍定，日上浪初晴。春水生南浦，归舟载月明。,True,4,"[5, 5, 5, 5]",[]
T0890,theme_generation,山居,七言绝句,"请围绕主题“山居”创作一首七言绝句。
要求：只输出诗词正文，不要标题、解释、赏析、序号或任何说明文字。
格式要求：五言绝句为四句、每句五个汉字；七言绝句为四句、每句七个汉字。",野店溪桥外，柴门竹迳斜。主人虽不在，沽酒自烹茶。,False,4,"[5, 5, 5, 5]","[""第 1 句字数错误：期望 7 字，实际 5 字"", ""第 2 句字数错误：期望 7 字，实际 5 字"", ""第 3 句字数错误：期望 7 字，实际 5 字"", ""第 4 句字数错误：期望 7 字，实际 5 字""]"
T0891,theme_generation,旅夜,五言绝句,"请围绕主题“旅夜”创作一首五言绝句。
要求：只输出诗词正文，不要标题、解释、赏析、序号或任何说明文字。
格式要求：五言绝句为四句、每句五个汉字；七言绝句为四句、每句七个汉字。",客愁何太甚，此夕宿东关。一夜乡山梦，秋云在北湾。,True,4,"[5, 5, 5, 5]",[]
T0892,theme_generation,夏雨,七言绝句,"请围绕主题“夏雨”创作一首七言绝句。
要求：只输出诗词正文，不要标题、解释、赏析、序号或任何说明文字。
格式要求：五言绝句为四句、每句五个汉字；七言绝句为四句、每句七个汉字。",夏潦平如镜，秋霜白似银。一元无尽藏，祇受四时春。大地何曾润，,False,5,"[5, 5, 5, 5, 5]","[""句数错误：期望 4 句，实际 5 句"", ""第 1 句字数错误：期望 7 字，实际 5 字"", ""第 2 句字数错误：期望 7 字，实际 5 字"", ""第 3 句字数错误：期望 7 字，实际 5 字"", ""第 4 句字数错误：期望 7 字，实际 5 字"", ""第 5 句字数错误：期望 7 字，实际 5 字""]"
T0893,theme_generation,冬夜,五言绝句,"请围绕主题“冬夜”创作一首五言绝句。
要求：只输出诗词正文，不要标题、解释、赏析、序号或任何说明文字。
格式要求：五言绝句为四句、每句五个汉字；七言绝句为四句、每句七个汉字。",一榻卧羲皇，清秋夜气凉。无人知此意，明月满潇湘。,True,4,"[5, 5, 5, 5]",[]
T0894,theme_generation,梅雪,七言绝句,"请围绕主题“梅雪”创作一首七言绝句。
要求：只输出诗词正文，不要标题、解释、赏析、序号或任何说明文字。
格式要求：五言绝句为四句、每句五个汉字；七言绝句为四句、每句七个汉字。",江南老去春，梅与雪同归。花意寒相并，香心玉作围。,False,4,"[5, 5, 5, 5]","[""第 1 句字数错误：期望 7 字，实际 5 字"", ""第 2 句字数错误：期望 7 字，实际 5 字"", ""第 3 句字数错误：期望 7 字，实际 5 字"", ""第 4 句字数错误：期望 7 字，实际 5 字""]"
T0895,theme_generation,兰亭,五言绝句,"请围绕主题“兰亭”创作一首五言绝句。
要求：只输出诗词正文，不要标题、解释、赏析、序号或任何说明文字。
格式要求：五言绝句为四句、每句五个汉字；七言绝句为四句、每句七个汉字。",万古曲水流，年年芳草青。兰亭旧时路，今日几人行。,True,4,"[5, 5, 5, 5]",[]
T0896,theme_generation,边月,七言绝句,"请围绕主题“边月”创作一首七言绝句。
要求：只输出诗词正文，不要标题、解释、赏析、序号或任何说明文字。
格式要求：五言绝句为四句、每句五个汉字；七言绝句为四句、每句七个汉字。",玉兔不舐镫，白狐时盗灯。此夜关山冷，边人泪欲零。,False,4,"[5, 5, 5, 5]","[""第 1 句字数错误：期望 7 字，实际 5 字"", ""第 2 句字数错误：期望 7 字，实际 5 字"", ""第 3 句字数错误：期望 7 字，实际 5 字"", ""第 4 句字数错误：期望 7 字，实际 5 字""]"
T0897,theme_generation,江雪,五言绝句,"请围绕主题“江雪”创作一首五言绝句。
要求：只输出诗词正文，不要标题、解释、赏析、序号或任何说明文字。
格式要求：五言绝句为四句、每句五个汉字；七言绝句为四句、每句七个汉字。",千里寒光阔，一川春意浓。雪云收晚日，梅雨洗东风。,True,4,"[5, 5, 5, 5]",[]
T0898,theme_generation,云梦,七言绝句,"请围绕主题“云梦”创作一首七言绝句。
要求：只输出诗词正文，不要标题、解释、赏析、序号或任何说明文字。
格式要求：五言绝句为四句、每句五个汉字；七言绝句为四句、每句七个汉字。",楚客归心苦，凭君问去船。家书犹未到，莫作暮江篇。,False,4,"[5, 5, 5, 5]","[""第 1 句字数错误：期望 7 字，实际 5 字"", ""第 2 句字数错误：期望 7 字，实际 5 字"", ""第 3 句字数错误：期望 7 字，实际 5 字"", ""第 4 句字数错误：期望 7 字，实际 5 字""]"
T0899,theme_generation,雨巷,五言绝句,"请围绕主题“雨巷”创作一首五言绝句。
要求：只输出诗词正文，不要标题、解释、赏析、序号或任何说明文字。
格式要求：五言绝句为四句、每句五个汉字；七言绝句为四句、每句七个汉字。",寂寞春阴重，荒畦未觉芳。梅花无恙否，来作小春妆。,True,4,"[5, 5, 5, 5]",[]
T0900,theme_generation,古道,七言绝句,"请围绕主题“古道”创作一首七言绝句。
要求：只输出诗词正文，不要标题、解释、赏析、序号或任何说明文字。
格式要求：五言绝句为四句、每句五个汉字；七言绝句为四句、每句七个汉字。",长忆金门奏，清秋直禁闱。当时无此道，今夕愧知非。,False,4,"[5, 5, 5, 5]","[""第 1 句字数错误：期望 7 字，实际 5 字"", ""第 2 句字数错误：期望 7 字，实际 5 字"", ""第 3 句字数错误：期望 7 字，实际 5 字"", ""第 4 句字数错误：期望 7 字，实际 5 字""]"
T0901,theme_generation,春天,五言绝句,"请围绕主题“春天”创作一首五言绝句。
要求：只输出诗词正文，不要标题、解释、赏析、序号或任何说明文字。
格式要求：五言绝句为四句、每句五个汉字；七言绝句为四句、每句七个汉字。",桃李不知名，漫山如白雪。莫道春无多，开到荼蘼结。,True,4,"[5, 5, 5, 5]",[]
T0902,theme_generation,夏日,七言绝句,"请围绕主题“夏日”创作一首七言绝句。
要求：只输出诗词正文，不要标题、解释、赏析、序号或任何说明文字。
格式要求：五言绝句为四句、每句五个汉字；七言绝句为四句、每句七个汉字。",睡起小庭中，芭蕉数卷风。新凉入微月，萧瑟夜堂空。,False,4,"[5, 5, 5, 5]","[""第 1 句字数错误：期望 7 字，实际 5 字"", ""第 2 句字数错误：期望 7 字，实际 5 字"", ""第 3 句字数错误：期望 7 字，实际 5 字"", ""第 4 句字数错误：期望 7 字，实际 5 字""]"
T0903,theme_generation,秋思,五言绝句,"请围绕主题“秋思”创作一首五言绝句。
要求：只输出诗词正文，不要标题、解释、赏析、序号或任何说明文字。
格式要求：五言绝句为四句、每句五个汉字；七言绝句为四句、每句七个汉字。",西风飒然至，落叶满林光。故国三千里，今朝又断肠。,True,4,"[5, 5, 5, 5]",[]
T0904,theme_generation,冬雪,七言绝句,"请围绕主题“冬雪”创作一首七言绝句。
要求：只输出诗词正文，不要标题、解释、赏析、序号或任何说明文字。
格式要求：五言绝句为四句、每句五个汉字；七言绝句为四句、每句七个汉字。",六出花飞舞，轻于柳絮飞。霏微终夜下，犹自未成泥。,False,4,"[5, 5, 5, 5]","[""第 1 句字数错误：期望 7 字，实际 5 字"", ""第 2 句字数错误：期望 7 字，实际 5 字"", ""第 3 句字数错误：期望 7 字，实际 5 字"", ""第 4 句字数错误：期望 7 字，实际 5 字""]"
T0905,theme_generation,春雨,五言绝句,"请围绕主题“春雨”创作一首五言绝句。
要求：只输出诗词正文，不要标题、解释、赏析、序号或任何说明文字。
格式要求：五言绝句为四句、每句五个汉字；七言绝句为四句、每句七个汉字。",春草池塘绿，春风桃李红。更饶花外雨，方始是残红。,True,4,"[5, 5, 5, 5]",[]
T0906,theme_generation,秋风,七言绝句,"请围绕主题“秋风”创作一首七言绝句。
要求：只输出诗词正文，不要标题、解释、赏析、序号或任何说明文字。
格式要求：五言绝句为四句、每句五个汉字；七言绝句为四句、每句七个汉字。",高秋思旧游，独上洞庭楼。遥想湘妃哭，哀猿自不愁。,False,4,"[5, 5, 5, 5]","[""第 1 句字数错误：期望 7 字，实际 5 字"", ""第 2 句字数错误：期望 7 字，实际 5 字"", ""第 3 句字数错误：期望 7 字，实际 5 字"", ""第 4 句字数错误：期望 7 字，实际 5 字""]"
T0907,theme_generation,寒冬,五言绝句,"请围绕主题“寒冬”创作一首五言绝句。
要求：只输出诗词正文，不要标题、解释、赏析、序号或任何说明文字。
格式要求：五言绝句为四句、每句五个汉字；七言绝句为四句、每句七个汉字。",寒日破长夜，春风生暖天。儿童喜相语，探得杏花先。,True,4,"[5, 5, 5, 5]",[]
T0908,theme_generation,新年,七言绝句,"请围绕主题“新年”创作一首七言绝句。
要求：只输出诗词正文，不要标题、解释、赏析、序号或任何说明文字。
格式要求：五言绝句为四句、每句五个汉字；七言绝句为四句、每句七个汉字。",春到无人见，幽花独自妍。东风吹柳絮，寒食忆归田。,False,4,"[5, 5, 5, 5]","[""第 1 句字数错误：期望 7 字，实际 5 字"", ""第 2 句字数错误：期望 7 字，实际 5 字"", ""第 3 句字数错误：期望 7 字，实际 5 字"", ""第 4 句字数错误：期望 7 字，实际 5 字""]"
T0909,theme_generation,清明,五言绝句,"请围绕主题“清明”创作一首五言绝句。
要求：只输出诗词正文，不要标题、解释、赏析、序号或任何说明文字。
格式要求：五言绝句为四句、每句五个汉字；七言绝句为四句、每句七个汉字。",雨足梅黄熟，风和麦翠匀。山城无节日，日日是清新。,True,4,"[5, 5, 5, 5]",[]
T0910,theme_generation,中秋,七言绝句,"请围绕主题“中秋”创作一首七言绝句。
要求：只输出诗词正文，不要标题、解释、赏析、序号或任何说明文字。
格式要求：五言绝句为四句、每句五个汉字；七言绝句为四句、每句七个汉字。",我无儿女功名念，君有妻孥富贵心。一盏冷泉聊自寿，不知谁是百年阴。,True,4,"[7, 7, 7, 7]",[]
T0911,theme_generation,明月,五言绝句,"请围绕主题“明月”创作一首五言绝句。
要求：只输出诗词正文，不要标题、解释、赏析、序号或任何说明文字。
格式要求：五言绝句为四句、每句五个汉字；七言绝句为四句、每句七个汉字。",长风吹月影，清露洗松声。却忆潇湘夜，同看万壑明。,True,4,"[5, 5, 5, 5]",[]
T0912,theme_generation,清风,七言绝句,"请围绕主题“清风”创作一首七言绝句。
要求：只输出诗词正文，不要标题、解释、赏析、序号或任何说明文字。
格式要求：五言绝句为四句、每句五个汉字；七言绝句为四句、每句七个汉字。",秋高卷箔凉风入，晚霁开窗夜月来。安得此身如谢脁，时时清啸倚琴台。,True,4,"[7, 7, 7, 7]",[]
T0913,theme_generation,山水,五言绝句,"请围绕主题“山水”创作一首五言绝句。
要求：只输出诗词正文，不要标题、解释、赏析、序号或任何说明文字。
格式要求：五言绝句为四句、每句五个汉字；七言绝句为四句、每句七个汉字。",江流一帆远，山带夕阳斜。客意寒犹在，风香欲暮花。,True,4,"[5, 5, 5, 5]",[]
T0914,theme_generation,江河,七言绝句,"请围绕主题“江河”创作一首七言绝句。
要求：只输出诗词正文，不要标题、解释、赏析、序号或任何说明文字。
格式要求：五言绝句为四句、每句五个汉字；七言绝句为四句、每句七个汉字。",长空落日斜，风急水翻沙。渔父归何处，烟村一两家。,False,4,"[5, 5, 5, 5]","[""第 1 句字数错误：期望 7 字，实际 5 字"", ""第 2 句字数错误：期望 7 字，实际 5 字"", ""第 3 句字数错误：期望 7 字，实际 5 字"", ""第 4 句字数错误：期望 7 字，实际 5 字""]"
T0915,theme_generation,大海,五言绝句,"请围绕主题“大海”创作一首五言绝句。
要求：只输出诗词正文，不要标题、解释、赏析、序号或任何说明文字。
格式要求：五言绝句为四句、每句五个汉字；七言绝句为四句、每句七个汉字。",海水波涛阔，何人渡海洋？但知寻北极，不怕路茫茫。,True,4,"[5, 5, 5, 5]",[]
T0916,theme_generation,白云,七言绝句,"请围绕主题“白云”创作一首七言绝句。
要求：只输出诗词正文，不要标题、解释、赏析、序号或任何说明文字。
格式要求：五言绝句为四句、每句五个汉字；七言绝句为四句、每句七个汉字。",山高秋气早，风露夜凉多。月色侵松竹，钟声出薜萝。。。。。,False,4,"[5, 5, 5, 5]","[""第 1 句字数错误：期望 7 字，实际 5 字"", ""第 2 句字数错误：期望 7 字，实际 5 字"", ""第 3 句字数错误：期望 7 字，实际 5 字"", ""第 4 句字数错误：期望 7 字，实际 5 字""]"
T0917,theme_generation,落日,五言绝句,"请围绕主题“落日”创作一首五言绝句。
要求：只输出诗词正文，不要标题、解释、赏析、序号或任何说明文字。
格式要求：五言绝句为四句、每句五个汉字；七言绝句为四句、每句七个汉字。",落日下平野，孤舟如叶浮。茫茫何处客，独向水中流。,True,4,"[5, 5, 5, 5]",[]
T0918,theme_generation,晚霞,七言绝句,"请围绕主题“晚霞”创作一首七言绝句。
要求：只输出诗词正文，不要标题、解释、赏析、序号或任何说明文字。
格式要求：五言绝句为四句、每句五个汉字；七言绝句为四句、每句七个汉字。",万壑千岩霁色开，晚云收尽见楼台。更无一点尘埃污，只有西山好月来。,True,4,"[7, 7, 7, 7]",[]
T0919,theme_generation,青山,五言绝句,"请围绕主题“青山”创作一首五言绝句。
要求：只输出诗词正文，不要标题、解释、赏析、序号或任何说明文字。
格式要求：五言绝句为四句、每句五个汉字；七言绝句为四句、每句七个汉字。",石瘦何妨美，松枯未害清。此中真活计，谁与伴寒盟。,True,4,"[5, 5, 5, 5]",[]
T0920,theme_generation,流水,七言绝句,"请围绕主题“流水”创作一首七言绝句。
要求：只输出诗词正文，不要标题、解释、赏析、序号或任何说明文字。
格式要求：五言绝句为四句、每句五个汉字；七言绝句为四句、每句七个汉字。",君看古往今来事，流水淘沙不暂停。何人得似张公子，千首诗轻万户青。,True,4,"[7, 7, 7, 7]",[]
T0921,theme_generation,花开,五言绝句,"请围绕主题“花开”创作一首五言绝句。
要求：只输出诗词正文，不要标题、解释、赏析、序号或任何说明文字。
格式要求：五言绝句为四句、每句五个汉字；七言绝句为四句、每句七个汉字。",春来时已晚，桃李岂相侔。自是开最久，从他节最高。,True,4,"[5, 5, 5, 5]",[]
T0922,theme_generation,落花,七言绝句,"请围绕主题“落花”创作一首七言绝句。
要求：只输出诗词正文，不要标题、解释、赏析、序号或任何说明文字。
格式要求：五言绝句为四句、每句五个汉字；七言绝句为四句、每句七个汉字。",欲将红雨洒成泥，不道多情也带飞。可惜一春长寂寞，等闲抛向碧云归。,True,4,"[7, 7, 7, 7]",[]
T0923,theme_generation,杨柳,五言绝句,"请围绕主题“杨柳”创作一首五言绝句。
要求：只输出诗词正文，不要标题、解释、赏析、序号或任何说明文字。
格式要求：五言绝句为四句、每句五个汉字；七言绝句为四句、每句七个汉字。",袅袅复依依，长条拂绿帷。不因怜弱质，争肯系行衣。,True,4,"[5, 5, 5, 5]",[]
T0924,theme_generation,孤舟,七言绝句,"请围绕主题“孤舟”创作一首七言绝句。
要求：只输出诗词正文，不要标题、解释、赏析、序号或任何说明文字。
格式要求：五言绝句为四句、每句五个汉字；七言绝句为四句、每句七个汉字。",客愁何处尽，极望是江云。更爱松风水，长年送暮闻。,False,4,"[5, 5, 5, 5]","[""第 1 句字数错误：期望 7 字，实际 5 字"", ""第 2 句字数错误：期望 7 字，实际 5 字"", ""第 3 句字数错误：期望 7 字，实际 5 字"", ""第 4 句字数错误：期望 7 字，实际 5 字""]"
T0925,theme_generation,飞鸟,五言绝句,"请围绕主题“飞鸟”创作一首五言绝句。
要求：只输出诗词正文，不要标题、解释、赏析、序号或任何说明文字。
格式要求：五言绝句为四句、每句五个汉字；七言绝句为四句、每句七个汉字。",飞鸟渡长空，孤舟行碧水。目断楚云生，思君心不语。,True,4,"[5, 5, 5, 5]",[]
T0926,theme_generation,寒梅,七言绝句,"请围绕主题“寒梅”创作一首七言绝句。
要求：只输出诗词正文，不要标题、解释、赏析、序号或任何说明文字。
格式要求：五言绝句为四句、每句五个汉字；七言绝句为四句、每句七个汉字。",雪里相逢一饷间，孤芳不受俗人看。香心冷蕊知谁识，祇有东风尽日寒。,True,4,"[7, 7, 7, 7]",[]
T0927,theme_generation,竹林,五言绝句,"请围绕主题“竹林”创作一首五言绝句。
要求：只输出诗词正文，不要标题、解释、赏析、序号或任何说明文字。
格式要求：五言绝句为四句、每句五个汉字；七言绝句为四句、每句七个汉字。",萧然自相得，何待共人同。此君无俗韵，月白正清风。,True,4,"[5, 5, 5, 5]",[]
T0928,theme_generation,松柏,七言绝句,"请围绕主题“松柏”创作一首七言绝句。
要求：只输出诗词正文，不要标题、解释、赏析、序号或任何说明文字。
格式要求：五言绝句为四句、每句五个汉字；七言绝句为四句、每句七个汉字。",长卿病久困，子云贫已多。不因天子识，谁与著青莎。,False,4,"[5, 5, 5, 5]","[""第 1 句字数错误：期望 7 字，实际 5 字"", ""第 2 句字数错误：期望 7 字，实际 5 字"", ""第 3 句字数错误：期望 7 字，实际 5 字"", ""第 4 句字数错误：期望 7 字，实际 5 字""]"
T0929,theme_generation,荷花,五言绝句,"请围绕主题“荷花”创作一首五言绝句。
要求：只输出诗词正文，不要标题、解释、赏析、序号或任何说明文字。
格式要求：五言绝句为四句、每句五个汉字；七言绝句为四句、每句七个汉字。",雨后池塘绿，风来水面香。不逢孤鹭起，飞过别池塘。,True,4,"[5, 5, 5, 5]",[]
T0930,theme_generation,枫叶,七言绝句,"请围绕主题“枫叶”创作一首七言绝句。
要求：只输出诗词正文，不要标题、解释、赏析、序号或任何说明文字。
格式要求：五言绝句为四句、每句五个汉字；七言绝句为四句、每句七个汉字。",枫叶千枝色，江桥一径微。春容若有意，忍使别离稀。,False,4,"[5, 5, 5, 5]","[""第 1 句字数错误：期望 7 字，实际 5 字"", ""第 2 句字数错误：期望 7 字，实际 5 字"", ""第 3 句字数错误：期望 7 字，实际 5 字"", ""第 4 句字数错误：期望 7 字，实际 5 字""]"
T0931,theme_generation,思乡,五言绝句,"请围绕主题“思乡”创作一首五言绝句。
要求：只输出诗词正文，不要标题、解释、赏析、序号或任何说明文字。
格式要求：五言绝句为四句、每句五个汉字；七言绝句为四句、每句七个汉字。",天边雁已过，海上燕新来。日暮空归思，年年此兴开。,True,4,"[5, 5, 5, 5]",[]
T0932,theme_generation,离别,七言绝句,"请围绕主题“离别”创作一首七言绝句。
要求：只输出诗词正文，不要标题、解释、赏析、序号或任何说明文字。
格式要求：五言绝句为四句、每句五个汉字；七言绝句为四句、每句七个汉字。",君今去矣我何归，欲别迟迟更少依。自是此心无断续，不须惆怅望斜晖。,True,4,"[7, 7, 7, 7]",[]
T0933,theme_generation,相思,五言绝句,"请围绕主题“相思”创作一首五言绝句。
要求：只输出诗词正文，不要标题、解释、赏析、序号或任何说明文字。
格式要求：五言绝句为四句、每句五个汉字；七言绝句为四句、每句七个汉字。",何处望书归，窗前草色稀。日斜乌独下，人自醉中归。,True,4,"[5, 5, 5, 5]",[]
T0934,theme_generation,孤独,七言绝句,"请围绕主题“孤独”创作一首七言绝句。
要求：只输出诗词正文，不要标题、解释、赏析、序号或任何说明文字。
格式要求：五言绝句为四句、每句五个汉字；七言绝句为四句、每句七个汉字。",孤云无定止，流水自东流。独鹤归何暮，空巢在古丘。,False,4,"[5, 5, 5, 5]","[""第 1 句字数错误：期望 7 字，实际 5 字"", ""第 2 句字数错误：期望 7 字，实际 5 字"", ""第 3 句字数错误：期望 7 字，实际 5 字"", ""第 4 句字数错误：期望 7 字，实际 5 字""]"
T0935,theme_generation,怀古,五言绝句,"请围绕主题“怀古”创作一首五言绝句。
要求：只输出诗词正文，不要标题、解释、赏析、序号或任何说明文字。
格式要求：五言绝句为四句、每句五个汉字；七言绝句为四句、每句七个汉字。",石路春深绿，松堂月午寒。兴来无远近，何地不长安。,True,4,"[5, 5, 5, 5]",[]
T0936,theme_generation,忧愁,七言绝句,"请围绕主题“忧愁”创作一首七言绝句。
要求：只输出诗词正文，不要标题、解释、赏析、序号或任何说明文字。
格式要求：五言绝句为四句、每句五个汉字；七言绝句为四句、每句七个汉字。",老觉功名是，闲思日月长。终须挂冠去，始觉此生忙。,False,4,"[5, 5, 5, 5]","[""第 1 句字数错误：期望 7 字，实际 5 字"", ""第 2 句字数错误：期望 7 字，实际 5 字"", ""第 3 句字数错误：期望 7 字，实际 5 字"", ""第 4 句字数错误：期望 7 字，实际 5 字""]"
T0937,theme_generation,喜悦,五言绝句,"请围绕主题“喜悦”创作一首五言绝句。
要求：只输出诗词正文，不要标题、解释、赏析、序号或任何说明文字。
格式要求：五言绝句为四句、每句五个汉字；七言绝句为四句、每句七个汉字。",山有喜可知，猿啼祇自悲。如何不更问，却道不如归。,True,4,"[5, 5, 5, 5]",[]
T0938,theme_generation,闲适,七言绝句,"请围绕主题“闲适”创作一首七言绝句。
要求：只输出诗词正文，不要标题、解释、赏析、序号或任何说明文字。
格式要求：五言绝句为四句、每句五个汉字；七言绝句为四句、每句七个汉字。",心到无何境，身安不用家。人间万事足，何处不梅花。,False,4,"[5, 5, 5, 5]","[""第 1 句字数错误：期望 7 字，实际 5 字"", ""第 2 句字数错误：期望 7 字，实际 5 字"", ""第 3 句字数错误：期望 7 字，实际 5 字"", ""第 4 句字数错误：期望 7 字，实际 5 字""]"
T0939,theme_generation,感怀,五言绝句,"请围绕主题“感怀”创作一首五言绝句。
要求：只输出诗词正文，不要标题、解释、赏析、序号或任何说明文字。
格式要求：五言绝句为四句、每句五个汉字；七言绝句为四句、每句七个汉字。",山川虽异域，风物岂殊方。犹喜君恩重，曾将种放乡。,True,4,"[5, 5, 5, 5]",[]
T0940,theme_generation,伤春,七言绝句,"请围绕主题“伤春”创作一首七言绝句。
要求：只输出诗词正文，不要标题、解释、赏析、序号或任何说明文字。
格式要求：五言绝句为四句、每句五个汉字；七言绝句为四句、每句七个汉字。",杨柳不知秋，依依尚垂柳。可怜东流水，不改旧时流。,False,4,"[5, 5, 5, 5]","[""第 1 句字数错误：期望 7 字，实际 5 字"", ""第 2 句字数错误：期望 7 字，实际 5 字"", ""第 3 句字数错误：期望 7 字，实际 5 字"", ""第 4 句字数错误：期望 7 字，实际 5 字""]"
T0941,theme_generation,人生,五言绝句,"请围绕主题“人生”创作一首五言绝句。
要求：只输出诗词正文，不要标题、解释、赏析、序号或任何说明文字。
格式要求：五言绝句为四句、每句五个汉字；七言绝句为四句、每句七个汉字。",万事若朝露，百年如逝波。莫嗟春事去，且醉一杯酂。,True,4,"[5, 5, 5, 5]",[]
T0942,theme_generation,时光,七言绝句,"请围绕主题“时光”创作一首七言绝句。
要求：只输出诗词正文，不要标题、解释、赏析、序号或任何说明文字。
格式要求：五言绝句为四句、每句五个汉字；七言绝句为四句、每句七个汉字。",日长花睡足，春静鶑啼稀。只有南枝在，犹传故国衣。。。。。,False,4,"[5, 5, 5, 5]","[""第 1 句字数错误：期望 7 字，实际 5 字"", ""第 2 句字数错误：期望 7 字，实际 5 字"", ""第 3 句字数错误：期望 7 字，实际 5 字"", ""第 4 句字数错误：期望 7 字，实际 5 字""]"
T0943,theme_generation,梦想,五言绝句,"请围绕主题“梦想”创作一首五言绝句。
要求：只输出诗词正文，不要标题、解释、赏析、序号或任何说明文字。
格式要求：五言绝句为四句、每句五个汉字；七言绝句为四句、每句七个汉字。",梦觉知何处，心游在帝乡。春风吹客泪，洒落向残芳。,True,4,"[5, 5, 5, 5]",[]
T0944,theme_generation,远方,七言绝句,"请围绕主题“远方”创作一首七言绝句。
要求：只输出诗词正文，不要标题、解释、赏析、序号或任何说明文字。
格式要求：五言绝句为四句、每句五个汉字；七言绝句为四句、每句七个汉字。",水落雁飞鸣，风高鴈不鸣。白鸥无伴侣，何处有知音。,False,4,"[5, 5, 5, 5]","[""第 1 句字数错误：期望 7 字，实际 5 字"", ""第 2 句字数错误：期望 7 字，实际 5 字"", ""第 3 句字数错误：期望 7 字，实际 5 字"", ""第 4 句字数错误：期望 7 字，实际 5 字""]"
T0945,theme_generation,归隐,五言绝句,"请围绕主题“归隐”创作一首五言绝句。
要求：只输出诗词正文，不要标题、解释、赏析、序号或任何说明文字。
格式要求：五言绝句为四句、每句五个汉字；七言绝句为四句、每句七个汉字。",白头非所慕，黄发本无心。欲别还相送，惭君亦远寻。,True,4,"[5, 5, 5, 5]",[]
T0946,theme_generation,漂泊,七言绝句,"请围绕主题“漂泊”创作一首七言绝句。
要求：只输出诗词正文，不要标题、解释、赏析、序号或任何说明文字。
格式要求：五言绝句为四句、每句五个汉字；七言绝句为四句、每句七个汉字。",客里无时得自由，孤舟飘荡不依刘。夜深江月无人见，自卷篷窗看斗牛。,True,4,"[7, 7, 7, 7]",[]
T0947,theme_generation,壮志,五言绝句,"请围绕主题“壮志”创作一首五言绝句。
要求：只输出诗词正文，不要标题、解释、赏析、序号或任何说明文字。
格式要求：五言绝句为四句、每句五个汉字；七言绝句为四句、每句七个汉字。",莫笑书生疏，心藏万甲兵。一朝成事时，百万皆立功。,True,4,"[5, 5, 5, 5]",[]
T0948,theme_generation,知己,七言绝句,"请围绕主题“知己”创作一首七言绝句。
要求：只输出诗词正文，不要标题、解释、赏析、序号或任何说明文字。
格式要求：五言绝句为四句、每句五个汉字；七言绝句为四句、每句七个汉字。",有才如子诚难得，无命何人亦偶然。好把平生经世意，流传后世与加鞭。,True,4,"[7, 7, 7, 7]",[]
T0949,theme_generation,故人,五言绝句,"请围绕主题“故人”创作一首五言绝句。
要求：只输出诗词正文，不要标题、解释、赏析、序号或任何说明文字。
格式要求：五言绝句为四句、每句五个汉字；七言绝句为四句、每句七个汉字。",白发忽相见，依然旧客星。相思无一语，相对坐多时。,True,4,"[5, 5, 5, 5]",[]
T0950,theme_generation,岁月,七言绝句,"请围绕主题“岁月”创作一首七言绝句。
要求：只输出诗词正文，不要标题、解释、赏析、序号或任何说明文字。
格式要求：五言绝句为四句、每句五个汉字；七言绝句为四句、每句七个汉字。",岁月如流须早计，乾坤万里更何疑。春来野荠犹堪煮，秋后寒瓜未可期。,True,4,"[7, 7, 7, 7]",[]
T0951,theme_generation,边塞,五言绝句,"请围绕主题“边塞”创作一首五言绝句。
要求：只输出诗词正文，不要标题、解释、赏析、序号或任何说明文字。
格式要求：五言绝句为四句、每句五个汉字；七言绝句为四句、每句七个汉字。",万马渡辽水，旌旗夜南向。唯见汉月孤，空照燕山白。,True,4,"[5, 5, 5, 5]",[]
T0952,theme_generation,田园,七言绝句,"请围绕主题“田园”创作一首七言绝句。
要求：只输出诗词正文，不要标题、解释、赏析、序号或任何说明文字。
格式要求：五言绝句为四句、每句五个汉字；七言绝句为四句、每句七个汉字。",水暖知鱼乐，林深觉鸟闲。柴门半开合，人迹不相关。。)。)。)。),False,8,"[5, 5, 5, 5, 0, 0, 0, 0]","[""明显重复"", ""句数错误：期望 4 句，实际 8 句"", ""第 1 句字数错误：期望 7 字，实际 5 字"", ""第 2 句字数错误：期望 7 字，实际 5 字"", ""第 3 句字数错误：期望 7 字，实际 5 字"", ""第 4 句字数错误：期望 7 字，实际 5 字"", ""第 5 句字数错误：期望 7 字，实际 0 字"", ""第 6 句字数错误：期望 7 字，实际 0 字"", ""第 7 句字数错误：期望 7 字，实际 0 字"", ""第 8 句字数错误：期望 7 字，实际 0 字""]"
T0953,theme_generation,江南,五言绝句,"请围绕主题“江南”创作一首五言绝句。
要求：只输出诗词正文，不要标题、解释、赏析、序号或任何说明文字。
格式要求：五言绝句为四句、每句五个汉字；七言绝句为四句、每句七个汉字。",楚越吴三语，淮扬浙一音。要须回俗驾，莫倚海潮深。,True,4,"[5, 5, 5, 5]",[]
T0954,theme_generation,长安,七言绝句,"请围绕主题“长安”创作一首七言绝句。
要求：只输出诗词正文，不要标题、解释、赏析、序号或任何说明文字。
格式要求：五言绝句为四句、每句五个汉字；七言绝句为四句、每句七个汉字。",长安花落时，君在长陵住。今朝独来游，宫树烟如雾。,False,4,"[5, 5, 5, 5]","[""第 1 句字数错误：期望 7 字，实际 5 字"", ""第 2 句字数错误：期望 7 字，实际 5 字"", ""第 3 句字数错误：期望 7 字，实际 5 字"", ""第 4 句字数错误：期望 7 字，实际 5 字""]"
T0955,theme_generation,古寺,五言绝句,"请围绕主题“古寺”创作一首五言绝句。
要求：只输出诗词正文，不要标题、解释、赏析、序号或任何说明文字。
格式要求：五言绝句为四句、每句五个汉字；七言绝句为四句、每句七个汉字。",路入深山径，香闻小阁钟。无人知此意，一宿与谁从。,True,4,"[5, 5, 5, 5]",[]
T0956,theme_generation,夜雨,七言绝句,"请围绕主题“夜雨”创作一首七言绝句。
要求：只输出诗词正文，不要标题、解释、赏析、序号或任何说明文字。
格式要求：五言绝句为四句、每句五个汉字；七言绝句为四句、每句七个汉字。",一春无雨旱，四月已堪忧。夜半忽惊雷，今年不无秋。,False,4,"[5, 5, 5, 5]","[""第 1 句字数错误：期望 7 字，实际 5 字"", ""第 2 句字数错误：期望 7 字，实际 5 字"", ""第 3 句字数错误：期望 7 字，实际 5 字"", ""第 4 句字数错误：期望 7 字，实际 5 字""]"
T0957,theme_generation,客栈,五言绝句,"请围绕主题“客栈”创作一首五言绝句。
要求：只输出诗词正文，不要标题、解释、赏析、序号或任何说明文字。
格式要求：五言绝句为四句、每句五个汉字；七言绝句为四句、每句七个汉字。",长亭送别客，独棹扁舟还。已过江南岸，回头更看山。,True,4,"[5, 5, 5, 5]",[]
T0958,theme_generation,渡口,七言绝句,"请围绕主题“渡口”创作一首七言绝句。
要求：只输出诗词正文，不要标题、解释、赏析、序号或任何说明文字。
格式要求：五言绝句为四句、每句五个汉字；七言绝句为四句、每句七个汉字。",江流东去水无情，木落千岩气象清。野岸自生秋色早，霜风先入鹧鸪鸣。,True,4,"[7, 7, 7, 7]",[]
T0959,theme_generation,山村,五言绝句,"请围绕主题“山村”创作一首五言绝句。
要求：只输出诗词正文，不要标题、解释、赏析、序号或任何说明文字。
格式要求：五言绝句为四句、每句五个汉字；七言绝句为四句、每句七个汉字。",寂历寒山夜，苍苍古道斜。柴门无犬吠，邻火半林鸦。,True,4,"[5, 5, 5, 5]",[]
T0960,theme_generation,渔家,七言绝句,"请围绕主题“渔家”创作一首七言绝句。
要求：只输出诗词正文，不要标题、解释、赏析、序号或任何说明文字。
格式要求：五言绝句为四句、每句五个汉字；七言绝句为四句、每句七个汉字。",晓汲清泉烹活火，自煎茶铫试春醅。旋收山果随宜吃，更有何人似我哉。,True,4,"[7, 7, 7, 7]",[]
T0961,theme_generation,美酒,五言绝句,"请围绕主题“美酒”创作一首五言绝句。
要求：只输出诗词正文，不要标题、解释、赏析、序号或任何说明文字。
格式要求：五言绝句为四句、每句五个汉字；七言绝句为四句、每句七个汉字。",九酝既开樽，千龄亦流觞。愿公寿无量，长御玉炉香。,True,4,"[5, 5, 5, 5]",[]
T0962,theme_generation,琴声,七言绝句,"请围绕主题“琴声”创作一首七言绝句。
要求：只输出诗词正文，不要标题、解释、赏析、序号或任何说明文字。
格式要求：五言绝句为四句、每句五个汉字；七言绝句为四句、每句七个汉字。",秋思萧然动客愁，夜深方好对飕飗。一弦已断寒泉响，再鼓还惊落叶休。,True,4,"[7, 7, 7, 7]",[]
T0963,theme_generation,书卷,五言绝句,"请围绕主题“书卷”创作一首五言绝句。
要求：只输出诗词正文，不要标题、解释、赏析、序号或任何说明文字。
格式要求：五言绝句为四句、每句五个汉字；七言绝句为四句、每句七个汉字。",一卷读书乐，无人可共论。时须借邻舍，随意读数分。,True,4,"[5, 5, 5, 5]",[]
T0964,theme_generation,灯火,七言绝句,"请围绕主题“灯火”创作一首七言绝句。
要求：只输出诗词正文，不要标题、解释、赏析、序号或任何说明文字。
格式要求：五言绝句为四句、每句五个汉字；七言绝句为四句、每句七个汉字。",灯火夜相和，江湖客恨多。孤舟未可下，江雪又蹉跎。,False,4,"[5, 5, 5, 5]","[""第 1 句字数错误：期望 7 字，实际 5 字"", ""第 2 句字数错误：期望 7 字，实际 5 字"", ""第 3 句字数错误：期望 7 字，实际 5 字"", ""第 4 句字数错误：期望 7 字，实际 5 字""]"
T0965,theme_generation,诗酒,五言绝句,"请围绕主题“诗酒”创作一首五言绝句。
要求：只输出诗词正文，不要标题、解释、赏析、序号或任何说明文字。
格式要求：五言绝句为四句、每句五个汉字；七言绝句为四句、每句七个汉字。",吾闻陈太丘，解榻延至戚。独不见许由，高卧白云侧。,True,4,"[5, 5, 5, 5]",[]
T0966,theme_generation,征人,七言绝句,"请围绕主题“征人”创作一首七言绝句。
要求：只输出诗词正文，不要标题、解释、赏析、序号或任何说明文字。
格式要求：五言绝句为四句、每句五个汉字；七言绝句为四句、每句七个汉字。",边戍夜饥肠，风沙杂战声。如何胡马骨，犹向汉营鸣。,False,4,"[5, 5, 5, 5]","[""第 1 句字数错误：期望 7 字，实际 5 字"", ""第 2 句字数错误：期望 7 字，实际 5 字"", ""第 3 句字数错误：期望 7 字，实际 5 字"", ""第 4 句字数错误：期望 7 字，实际 5 字""]"
T0967,theme_generation,游子,五言绝句,"请围绕主题“游子”创作一首五言绝句。
要求：只输出诗词正文，不要标题、解释、赏析、序号或任何说明文字。
格式要求：五言绝句为四句、每句五个汉字；七言绝句为四句、每句七个汉字。",客里逢寒食，登楼思不堪。不知湖水阔，归棹落春江。,True,4,"[5, 5, 5, 5]",[]
T0968,theme_generation,故乡,七言绝句,"请围绕主题“故乡”创作一首七言绝句。
要求：只输出诗词正文，不要标题、解释、赏析、序号或任何说明文字。
格式要求：五言绝句为四句、每句五个汉字；七言绝句为四句、每句七个汉字。",久客思乡切，新秋又落花。故园应更好，空使梦还家。,False,4,"[5, 5, 5, 5]","[""第 1 句字数错误：期望 7 字，实际 5 字"", ""第 2 句字数错误：期望 7 字，实际 5 字"", ""第 3 句字数错误：期望 7 字，实际 5 字"", ""第 4 句字数错误：期望 7 字，实际 5 字""]"
T0969,theme_generation,关山,五言绝句,"请围绕主题“关山”创作一首五言绝句。
要求：只输出诗词正文，不要标题、解释、赏析、序号或任何说明文字。
格式要求：五言绝句为四句、每句五个汉字；七言绝句为四句、每句七个汉字。",塞外雪漫漫，边鸿夜入关。月明金鼓振，云静火城闲。,True,4,"[5, 5, 5, 5]",[]
T0970,theme_generation,楼台,七言绝句,"请围绕主题“楼台”创作一首七言绝句。
要求：只输出诗词正文，不要标题、解释、赏析、序号或任何说明文字。
格式要求：五言绝句为四句、每句五个汉字；七言绝句为四句、每句七个汉字。",楼台三百间，尽向江心倚。何处秋风来，吹断行云起。。。。。,False,4,"[5, 5, 5, 5]","[""第 1 句字数错误：期望 7 字，实际 5 字"", ""第 2 句字数错误：期望 7 字，实际 5 字"", ""第 3 句字数错误：期望 7 字，实际 5 字"", ""第 4 句字数错误：期望 7 字，实际 5 字""]"
T0971,theme_generation,晨景,五言绝句,"请围绕主题“晨景”创作一首五言绝句。
要求：只输出诗词正文，不要标题、解释、赏析、序号或任何说明文字。
格式要求：五言绝句为四句、每句五个汉字；七言绝句为四句、每句七个汉字。",日气东方动，天容旷野宽。林梢露犹在，山额翠才看。,True,4,"[5, 5, 5, 5]",[]
T0972,theme_generation,暮景,七言绝句,"请围绕主题“暮景”创作一首七言绝句。
要求：只输出诗词正文，不要标题、解释、赏析、序号或任何说明文字。
格式要求：五言绝句为四句、每句五个汉字；七言绝句为四句、每句七个汉字。",残日下孤村，柴门掩半关。斜风飘断柳，小雨湿秋山。。。。,False,4,"[5, 5, 5, 5]","[""第 1 句字数错误：期望 7 字，实际 5 字"", ""第 2 句字数错误：期望 7 字，实际 5 字"", ""第 3 句字数错误：期望 7 字，实际 5 字"", ""第 4 句字数错误：期望 7 字，实际 5 字""]"
T0973,theme_generation,湖上,五言绝句,"请围绕主题“湖上”创作一首五言绝句。
要求：只输出诗词正文，不要标题、解释、赏析、序号或任何说明文字。
格式要求：五言绝句为四句、每句五个汉字；七言绝句为四句、每句七个汉字。",水满池塘烟，风微杨柳绵。桃花如有意，留落钓鱼船。,True,4,"[5, 5, 5, 5]",[]
T0974,theme_generation,溪边,七言绝句,"请围绕主题“溪边”创作一首七言绝句。
要求：只输出诗词正文，不要标题、解释、赏析、序号或任何说明文字。
格式要求：五言绝句为四句、每句五个汉字；七言绝句为四句、每句七个汉字。",风簷雨打时，断续添新溜。石面生寒漪，涓涓咽幽窦。。。,False,4,"[5, 5, 5, 5]","[""第 1 句字数错误：期望 7 字，实际 5 字"", ""第 2 句字数错误：期望 7 字，实际 5 字"", ""第 3 句字数错误：期望 7 字，实际 5 字"", ""第 4 句字数错误：期望 7 字，实际 5 字""]"
T0975,theme_generation,山寺,五言绝句,"请围绕主题“山寺”创作一首五言绝句。
要求：只输出诗词正文，不要标题、解释、赏析、序号或任何说明文字。
格式要求：五言绝句为四句、每句五个汉字；七言绝句为四句、每句七个汉字。",僧敲石上窗，客枕簟中眠。谁信有真乐，无如山寺先。,True,4,"[5, 5, 5, 5]",[]
T0976,theme_generation,秋夜,七言绝句,"请围绕主题“秋夜”创作一首七言绝句。
要求：只输出诗词正文，不要标题、解释、赏析、序号或任何说明文字。
格式要求：五言绝句为四句、每句五个汉字；七言绝句为四句、每句七个汉字。",雨余凉气早，露重晓光微。一叶梧桐坠，秋声入客衣。,False,4,"[5, 5, 5, 5]","[""第 1 句字数错误：期望 7 字，实际 5 字"", ""第 2 句字数错误：期望 7 字，实际 5 字"", ""第 3 句字数错误：期望 7 字，实际 5 字"", ""第 4 句字数错误：期望 7 字，实际 5 字""]"
T0977,theme_generation,春游,五言绝句,"请围绕主题“春游”创作一首五言绝句。
要求：只输出诗词正文，不要标题、解释、赏析、序号或任何说明文字。
格式要求：五言绝句为四句、每句五个汉字；七言绝句为四句、每句七个汉字。",日暖鸟声好，春长花意深。欲知春色减，睡起见山心。,True,4,"[5, 5, 5, 5]",[]
T0978,theme_generation,送别,七言绝句,"请围绕主题“送别”创作一首七言绝句。
要求：只输出诗词正文，不要标题、解释、赏析、序号或任何说明文字。
格式要求：五言绝句为四句、每句五个汉字；七言绝句为四句、每句七个汉字。",不学黄鹂鸣翠柳，拟将何语赠行人。春愁正自无涯际，更向江头把酒频。,True,4,"[7, 7, 7, 7]",[]
T0979,theme_generation,登高,五言绝句,"请围绕主题“登高”创作一首五言绝句。
要求：只输出诗词正文，不要标题、解释、赏析、序号或任何说明文字。
格式要求：五言绝句为四句、每句五个汉字；七言绝句为四句、每句七个汉字。",露下秋气清，风回夕吹凉。人怜独上此，日暮转斜阳。,True,4,"[5, 5, 5, 5]",[]
T0980,theme_generation,望月,七言绝句,"请围绕主题“望月”创作一首七言绝句。
要求：只输出诗词正文，不要标题、解释、赏析、序号或任何说明文字。
格式要求：五言绝句为四句、每句五个汉字；七言绝句为四句、每句七个汉字。",照影临清浄，何须到白云。可怜独坐处，万古落红尘。。。。。,False,4,"[5, 5, 5, 5]","[""第 1 句字数错误：期望 7 字，实际 5 字"", ""第 2 句字数错误：期望 7 字，实际 5 字"", ""第 3 句字数错误：期望 7 字，实际 5 字"", ""第 4 句字数错误：期望 7 字，实际 5 字""]"
T0981,theme_generation,听雨,五言绝句,"请围绕主题“听雨”创作一首五言绝句。
要求：只输出诗词正文，不要标题、解释、赏析、序号或任何说明文字。
格式要求：五言绝句为四句、每句五个汉字；七言绝句为四句、每句七个汉字。",万壑千岩雨，风声助泠然。更无闲暑气，来入坐人前。,True,4,"[5, 5, 5, 5]",[]
T0982,theme_generation,赏花,七言绝句,"请围绕主题“赏花”创作一首七言绝句。
要求：只输出诗词正文，不要标题、解释、赏析、序号或任何说明文字。
格式要求：五言绝句为四句、每句五个汉字；七言绝句为四句、每句七个汉字。",雨细风条浄，梅开日影香。客来谁把酒，愁绝对横塘。,False,4,"[5, 5, 5, 5]","[""第 1 句字数错误：期望 7 字，实际 5 字"", ""第 2 句字数错误：期望 7 字，实际 5 字"", ""第 3 句字数错误：期望 7 字，实际 5 字"", ""第 4 句字数错误：期望 7 字，实际 5 字""]"
T0983,theme_generation,观潮,五言绝句,"请围绕主题“观潮”创作一首五言绝句。
要求：只输出诗词正文，不要标题、解释、赏析、序号或任何说明文字。
格式要求：五言绝句为四句、每句五个汉字；七言绝句为四句、每句七个汉字。",长风生巨涛，巨涛卷层出。海门屹相望，天水共一色。,True,4,"[5, 5, 5, 5]",[]
T0984,theme_generation,塞外,七言绝句,"请围绕主题“塞外”创作一首七言绝句。
要求：只输出诗词正文，不要标题、解释、赏析、序号或任何说明文字。
格式要求：五言绝句为四句、每句五个汉字；七言绝句为四句、每句七个汉字。",沙场百战余，马死弓自携。年年雁飞尽，吹笛空伤悲。。。。。,False,4,"[5, 5, 5, 5]","[""第 1 句字数错误：期望 7 字，实际 5 字"", ""第 2 句字数错误：期望 7 字，实际 5 字"", ""第 3 句字数错误：期望 7 字，实际 5 字"", ""第 4 句字数错误：期望 7 字，实际 5 字""]"
T0985,theme_generation,军旅,五言绝句,"请围绕主题“军旅”创作一首五言绝句。
要求：只输出诗词正文，不要标题、解释、赏析、序号或任何说明文字。
格式要求：五言绝句为四句、每句五个汉字；七言绝句为四句、每句七个汉字。",长空飞战舰，远水见征鸿。夜接鲈鱼信，朝挥薜荔风。,True,4,"[5, 5, 5, 5]",[]
T0986,theme_generation,宫怨,七言绝句,"请围绕主题“宫怨”创作一首七言绝句。
要求：只输出诗词正文，不要标题、解释、赏析、序号或任何说明文字。
格式要求：五言绝句为四句、每句五个汉字；七言绝句为四句、每句七个汉字。",独坐愁眉对紫烟，更无情绪似当年。小梅花落春风里，独自凭阑思黯然。,True,4,"[7, 7, 7, 7]",[]
T0987,theme_generation,闺思,五言绝句,"请围绕主题“闺思”创作一首五言绝句。
要求：只输出诗词正文，不要标题、解释、赏析、序号或任何说明文字。
格式要求：五言绝句为四句、每句五个汉字；七言绝句为四句、每句七个汉字。",妾妬今宵月，君怜小妇心。月圆人隔海，心远梦难寻。,True,4,"[5, 5, 5, 5]",[]
T0988,theme_generation,农家,七言绝句,"请围绕主题“农家”创作一首七言绝句。
要求：只输出诗词正文，不要标题、解释、赏析、序号或任何说明文字。
格式要求：五言绝句为四句、每句五个汉字；七言绝句为四句、每句七个汉字。",屋上青山竹数竿，门前流水鸭成滩。黄鸡白酒家家有，老去何须更买官。,True,4,"[7, 7, 7, 7]",[]
T0989,theme_generation,渔舟,五言绝句,"请围绕主题“渔舟”创作一首五言绝句。
要求：只输出诗词正文，不要标题、解释、赏析、序号或任何说明文字。
格式要求：五言绝句为四句、每句五个汉字；七言绝句为四句、每句七个汉字。",野渡舟难系，秋风客未还。不知沧海上，几度倚栏干。,True,4,"[5, 5, 5, 5]",[]
T0990,theme_generation,山居,七言绝句,"请围绕主题“山居”创作一首七言绝句。
要求：只输出诗词正文，不要标题、解释、赏析、序号或任何说明文字。
格式要求：五言绝句为四句、每句五个汉字；七言绝句为四句、每句七个汉字。",万古溪边月，寒光彻水空。谁将一片影，照破玉壶中。,False,4,"[5, 5, 5, 5]","[""第 1 句字数错误：期望 7 字，实际 5 字"", ""第 2 句字数错误：期望 7 字，实际 5 字"", ""第 3 句字数错误：期望 7 字，实际 5 字"", ""第 4 句字数错误：期望 7 字，实际 5 字""]"
T0991,theme_generation,旅夜,五言绝句,"请围绕主题“旅夜”创作一首五言绝句。
要求：只输出诗词正文，不要标题、解释、赏析、序号或任何说明文字。
格式要求：五言绝句为四句、每句五个汉字；七言绝句为四句、每句七个汉字。",客愁春欲尽，乡信雁来初。夜久寒窗雨，灯残独坐书。,True,4,"[5, 5, 5, 5]",[]
T0992,theme_generation,夏雨,七言绝句,"请围绕主题“夏雨”创作一首七言绝句。
要求：只输出诗词正文，不要标题、解释、赏析、序号或任何说明文字。
格式要求：五言绝句为四句、每句五个汉字；七言绝句为四句、每句七个汉字。",夏来何许急，一雨洗红尘。坐久生新意，凉生枕簟新。,False,4,"[5, 5, 5, 5]","[""第 1 句字数错误：期望 7 字，实际 5 字"", ""第 2 句字数错误：期望 7 字，实际 5 字"", ""第 3 句字数错误：期望 7 字，实际 5 字"", ""第 4 句字数错误：期望 7 字，实际 5 字""]"
T0993,theme_generation,冬夜,五言绝句,"请围绕主题“冬夜”创作一首五言绝句。
要求：只输出诗词正文，不要标题、解释、赏析、序号或任何说明文字。
格式要求：五言绝句为四句、每句五个汉字；七言绝句为四句、每句七个汉字。",寒灯照小轩，竹影舞青荻。更阑梦不成，风吹窗纸白。,True,4,"[5, 5, 5, 5]",[]
T0994,theme_generation,梅雪,七言绝句,"请围绕主题“梅雪”创作一首七言绝句。
要求：只输出诗词正文，不要标题、解释、赏析、序号或任何说明文字。
格式要求：五言绝句为四句、每句五个汉字；七言绝句为四句、每句七个汉字。",北雁来南去，飞鸣正似惊。梅花吹欲尽，不见一枝横。,False,4,"[5, 5, 5, 5]","[""第 1 句字数错误：期望 7 字，实际 5 字"", ""第 2 句字数错误：期望 7 字，实际 5 字"", ""第 3 句字数错误：期望 7 字，实际 5 字"", ""第 4 句字数错误：期望 7 字，实际 5 字""]"
T0995,theme_generation,兰亭,五言绝句,"请围绕主题“兰亭”创作一首五言绝句。
要求：只输出诗词正文，不要标题、解释、赏析、序号或任何说明文字。
格式要求：五言绝句为四句、每句五个汉字；七言绝句为四句、每句七个汉字。",不羡官名贵，其如禄食多。何如采薇蕨，归老此岩阿。,True,4,"[5, 5, 5, 5]",[]
T0996,theme_generation,边月,七言绝句,"请围绕主题“边月”创作一首七言绝句。
要求：只输出诗词正文，不要标题、解释、赏析、序号或任何说明文字。
格式要求：五言绝句为四句、每句五个汉字；七言绝句为四句、每句七个汉字。",戍楼吹角月明中，铁马晓霜寒未融。横槊悲歌欲无赖，夜阑风雪塞门东。,True,4,"[7, 7, 7, 7]",[]
T0997,theme_generation,江雪,五言绝句,"请围绕主题“江雪”创作一首五言绝句。
要求：只输出诗词正文，不要标题、解释、赏析、序号或任何说明文字。
格式要求：五言绝句为四句、每句五个汉字；七言绝句为四句、每句七个汉字。",楚水生寒早，孤舟出暝迟。夜长吟未稳，且复宿涟漪。,True,4,"[5, 5, 5, 5]",[]
T0998,theme_generation,云梦,七言绝句,"请围绕主题“云梦”创作一首七言绝句。
要求：只输出诗词正文，不要标题、解释、赏析、序号或任何说明文字。
格式要求：五言绝句为四句、每句五个汉字；七言绝句为四句、每句七个汉字。",此中无复事兴亡，江自朝宗海自扬。唯有楚王怜鴈影，年年犹向此回翔。,True,4,"[7, 7, 7, 7]",[]
T0999,theme_generation,雨巷,五言绝句,"请围绕主题“雨巷”创作一首五言绝句。
要求：只输出诗词正文，不要标题、解释、赏析、序号或任何说明文字。
格式要求：五言绝句为四句、每句五个汉字；七言绝句为四句、每句七个汉字。",古树槎牙白，春江淅沥寒。柴门今夜客，谁共说长安。,True,4,"[5, 5, 5, 5]",[]
T1000,theme_generation,古道,七言绝句,"请围绕主题“古道”创作一首七言绝句。
要求：只输出诗词正文，不要标题、解释、赏析、序号或任何说明文字。
格式要求：五言绝句为四句、每句五个汉字；七言绝句为四句、每句七个汉字。",古道何年人尽行，行人今复此来寻。石碑半剥苔花老，犹说当时汉上心。,True,4,"[7, 7, 7, 7]",[]
